#pragma once
#include <avr/pgmspace.h>

#define BG_IMG_W     320
#define BG_IMG_H     136
#define BG_ROWS_PART 34
#define BG_NUM_PARTS 4

const uint16_t backgroundBitmap0[10880] __attribute__((section(".text.bitmap_zz"))) = {
  0x0000, 0x0000, 0x0000, 0x0000, 0x0000, 0x0000, 0x0000, 0x0000, 0x0020, 0x0000, 0x0000, 0x0000, 0x0000, 0x0000, 0x0000, 0x0000,
  0x0000, 0x0000, 0x0000, 0x0000, 0x0000, 0x0000, 0x0000, 0x0000, 0x0000, 0x0000, 0x0000, 0x0000, 0x0000, 0x0000, 0x0000, 0x0000,
  0x0000, 0x0000, 0x0000, 0x0000, 0x0000, 0x0000, 0x0000, 0x0000, 0x0000, 0x0000, 0x0000, 0x0000, 0x0000, 0x0000, 0x0020, 0x0000,
  0x0000, 0x0000, 0x0000, 0x0000, 0x0000, 0x0000, 0x0000, 0x0000, 0x0000, 0x0000, 0x0000, 0x0000, 0x0000, 0x0000, 0x0000, 0x0000,
  0x0000, 0x0000, 0x0000, 0x0000, 0x0000, 0x0000, 0x0000, 0x0020, 0x0020, 0x0020, 0x0021, 0x0000, 0x10A3, 0x2125, 0x0862, 0x0000,
  0x0020, 0x0000, 0x0000, 0x0000, 0x0000, 0x0000, 0x0000, 0x0000, 0x0020, 0x0020, 0x0000, 0x0000, 0x0000, 0x0020, 0x0000, 0x0000,
  0x0000, 0x0000, 0x0000, 0x0000, 0x0000, 0x0000, 0x0000, 0x0000, 0x0000, 0x0000, 0x0000, 0x0000, 0x0000, 0x0000, 0x0000, 0x0000,
  0x0000, 0x0000, 0x0000, 0x0000, 0x0000, 0x0000, 0x0000, 0x0000, 0x0000, 0x0000, 0x0000, 0x0000, 0x0000, 0x0000, 0x0000, 0x0000,
  0x0000, 0x0000, 0x0000, 0x0000, 0x0000, 0x0000, 0x0000, 0x0000, 0x0000, 0x0000, 0x0000, 0x0000, 0x0000, 0x0000, 0x0000, 0x0000,
  0x0000, 0x0000, 0x0000, 0x0000, 0x0000, 0x0000, 0x0000, 0x0000, 0x0000, 0x0000, 0x0000, 0x0000, 0x0000, 0x0000, 0x0020, 0x0000,
  0x0020, 0x0020, 0x0020, 0x0020, 0x0020, 0x0020, 0x0020, 0x0020, 0x0000, 0x0020, 0x0020, 0x0000, 0x0000, 0x0000, 0x0000, 0x0000,
  0x0000, 0x0000, 0x0000, 0x0000, 0x0000, 0x0000, 0x0000, 0x0000, 0x0000, 0x0000, 0x0000, 0x0000, 0x0000, 0x0000, 0x0000, 0x0000,
  0x0000, 0x0000, 0x0000, 0x0000, 0x0000, 0x0000, 0x0000, 0x0000, 0x0000, 0x0000, 0x0000, 0x0000, 0x0000, 0x0000, 0x0020, 0x0020,
  0x0020, 0x0020, 0x0000, 0x0000, 0x0000, 0x0000, 0x0000, 0x0000, 0x0000, 0x0000, 0x0000, 0x0000, 0x0000, 0x0000, 0x0000, 0x0020,
  0x0020, 0x0000, 0x0020, 0x0000, 0x0000, 0x0000, 0x0000, 0x0020, 0x0000, 0x0021, 0x2125, 0x18E4, 0x0000, 0x0021, 0x0021, 0x0020,
  0x0020, 0x0020, 0x0020, 0x0020, 0x0020, 0x0020, 0x0000, 0x0000, 0x0000, 0x0000, 0x0000, 0x0000, 0x0000, 0x0000, 0x0000, 0x0000,
  0x0000, 0x0000, 0x0000, 0x0000, 0x0000, 0x0000, 0x0000, 0x0000, 0x0000, 0x0000, 0x0000, 0x0020, 0x0000, 0x0000, 0x0020, 0x0020,
  0x0020, 0x0020, 0x0020, 0x0020, 0x0020, 0x0020, 0x0020, 0x0000, 0x0000, 0x0000, 0x0000, 0x0000, 0x0000, 0x0000, 0x0000, 0x0000,
  0x0000, 0x0000, 0x0000, 0x0000, 0x0000, 0x0000, 0x0000, 0x0000, 0x0000, 0x0000, 0x0000, 0x0000, 0x0000, 0x0000, 0x0000, 0x0000,
  0x0000, 0x0000, 0x0000, 0x0000, 0x0000, 0x0000, 0x0000, 0x0000, 0x0000, 0x0000, 0x0000, 0x0000, 0x0000, 0x0000, 0x0000, 0x0000,
  0x0000, 0x0000, 0x0000, 0x0000, 0x0000, 0x0000, 0x0000, 0x0000, 0x0000, 0x0000, 0x0000, 0x0000, 0x0000, 0x0000, 0x0000, 0x0000,
  0x0000, 0x0000, 0x0000, 0x0000, 0x0000, 0x0000, 0x0000, 0x0000, 0x0000, 0x0000, 0x0000, 0x0000, 0x0000, 0x0000, 0x0000, 0x0000,
  0x0000, 0x0000, 0x0000, 0x0000, 0x0000, 0x0000, 0x0000, 0x0000, 0x0000, 0x0000, 0x0000, 0x0000, 0x0000, 0x0000, 0x0000, 0x0000,
  0x0000, 0x0000, 0x0000, 0x0000, 0x0000, 0x0000, 0x0000, 0x0000, 0x0000, 0x0000, 0x0000, 0x0000, 0x0000, 0x0000, 0x0000, 0x0000,
  0x0000, 0x0000, 0x0000, 0x0000, 0x0000, 0x0000, 0x0000, 0x0020, 0x0000, 0x0020, 0x0021, 0x0000, 0x18E4, 0x2105, 0x0021, 0x0000,
  0x0020, 0x0000, 0x0000, 0x0000, 0x0000, 0x0000, 0x0000, 0x0000, 0x0020, 0x0020, 0x0020, 0x0020, 0x0000, 0x0020, 0x0000, 0x0000,
  0x0000, 0x0000, 0x0000, 0x0000, 0x0000, 0x0000, 0x0000, 0x0000, 0x0020, 0x0020, 0x0020, 0x0020, 0x0020, 0x0020, 0x0020, 0x0020,
  0x0020, 0x0000, 0x0000, 0x0000, 0x0000, 0x0000, 0x0000, 0x0000, 0x0000, 0x0000, 0x0000, 0x0000, 0x0000, 0x0000, 0x0000, 0x0000,
  0x0000, 0x0000, 0x0000, 0x0000, 0x0000, 0x0000, 0x0000, 0x0000, 0x0000, 0x0000, 0x0000, 0x0000, 0x0000, 0x0000, 0x0000, 0x0000,
  0x0000, 0x0000, 0x0000, 0x0000, 0x0000, 0x0000, 0x0000, 0x0000, 0x0000, 0x0000, 0x0000, 0x0000, 0x0000, 0x0000, 0x0000, 0x0000,
  0x0000, 0x0000, 0x0020, 0x0020, 0x0000, 0x0000, 0x0020, 0x0020, 0x0000, 0x0020, 0x0020, 0x0020, 0x0000, 0x0000, 0x0000, 0x0000,
  0x0000, 0x0000, 0x0000, 0x0000, 0x0000, 0x0000, 0x0000, 0x0020, 0x0000, 0x0000, 0x0000, 0x0000, 0x0000, 0x0000, 0x0000, 0x0000,
  0x0000, 0x0000, 0x0000, 0x0000, 0x0000, 0x0000, 0x0000, 0x0000, 0x0000, 0x0000, 0x0000, 0x0000, 0x0000, 0x0000, 0x0020, 0x0020,
  0x0020, 0x0020, 0x0000, 0x0000, 0x0000, 0x0000, 0x0000, 0x0000, 0x0000, 0x0000, 0x0000, 0x0000, 0x0000, 0x0000, 0x0000, 0x0000,
  0x0020, 0x0000, 0x0020, 0x0020, 0x0000, 0x0000, 0x0000, 0x0020, 0x0021, 0x0000, 0x1904, 0x2125, 0x0000, 0x0021, 0x0000, 0x0000,
  0x0000, 0x0000, 0x0020, 0x0020, 0x0020, 0x0000, 0x0000, 0x0000, 0x0000, 0x0000, 0x0000, 0x0000, 0x0000, 0x0000, 0x0000, 0x0000,
  0x0000, 0x0000, 0x0000, 0x0000, 0x0000, 0x0000, 0x0000, 0x0000, 0x0000, 0x0000, 0x0000, 0x0000, 0x0000, 0x0000, 0x0000, 0x0000,
  0x0000, 0x0000, 0x0000, 0x0000, 0x0000, 0x0000, 0x0000, 0x0000, 0x0000, 0x0000, 0x0000, 0x0000, 0x0000, 0x0000, 0x0000, 0x0000,
  0x0000, 0x0000, 0x0000, 0x0000, 0x0000, 0x0000, 0x0000, 0x0000, 0x0000, 0x0000, 0x0000, 0x0000, 0x0000, 0x0000, 0x0000, 0x0000,
  0x0000, 0x0000, 0x0000, 0x0000, 0x0000, 0x0000, 0x0000, 0x0000, 0x0000, 0x0000, 0x0000, 0x0000, 0x0000, 0x0000, 0x0000, 0x0000,
  0x0000, 0x0000, 0x0000, 0x0000, 0x0000, 0x0000, 0x0000, 0x0000, 0x0000, 0x0000, 0x0000, 0x0000, 0x0000, 0x0000, 0x0000, 0x0000,
  0x0000, 0x0000, 0x0000, 0x0000, 0x0000, 0x0000, 0x0000, 0x0000, 0x0000, 0x0000, 0x0000, 0x0000, 0x0000, 0x0000, 0x0000, 0x0000,
  0x0000, 0x0000, 0x0000, 0x0000, 0x0000, 0x0000, 0x0000, 0x0000, 0x0000, 0x0000, 0x0000, 0x0000, 0x0000, 0x0000, 0x0000, 0x0000,
  0x0000, 0x0000, 0x0000, 0x0000, 0x0000, 0x0000, 0x0000, 0x0000, 0x0000, 0x0000, 0x0000, 0x0000, 0x0000, 0x0000, 0x0000, 0x0000,
  0x0000, 0x0000, 0x0000, 0x0000, 0x0000, 0x0000, 0x0000, 0x0020, 0x0000, 0x0020, 0x0020, 0x0021, 0x1905, 0x18E4, 0x0000, 0x0000,
  0x0020, 0x0000, 0x0000, 0x0000, 0x0000, 0x0000, 0x0000, 0x0000, 0x0000, 0x0000, 0x0000, 0x0000, 0x0000, 0x0000, 0x0000, 0x0000,
  0x0000, 0x0000, 0x0000, 0x0000, 0x0000, 0x0000, 0x0000, 0x0000, 0x0020, 0x0020, 0x0020, 0x0020, 0x0020, 0x0020, 0x0000, 0x0000,
  0x0000, 0x0000, 0x0000, 0x0000, 0x0000, 0x0000, 0x0000, 0x0000, 0x0000, 0x0000, 0x0000, 0x0000, 0x0000, 0x0000, 0x0000, 0x0000,
  0x0000, 0x0000, 0x0000, 0x0000, 0x0000, 0x0000, 0x0000, 0x0000, 0x0000, 0x0000, 0x0000, 0x0000, 0x0000, 0x0000, 0x0000, 0x0000,
  0x0000, 0x0000, 0x0000, 0x0000, 0x0000, 0x0000, 0x0000, 0x0000, 0x0000, 0x0000, 0x0000, 0x0000, 0x0000, 0x0000, 0x0000, 0x0000,
  0x0000, 0x0000, 0x0020, 0x0020, 0x0000, 0x0021, 0x0841, 0x0000, 0x0020, 0x0020, 0x0020, 0x0020, 0x0000, 0x0000, 0x0000, 0x0000,
  0x0000, 0x0000, 0x0000, 0x0000, 0x0000, 0x0000, 0x0020, 0x0020, 0x0020, 0x0000, 0x0000, 0x0000, 0x0000, 0x0000, 0x0000, 0x0000,
  0x0000, 0x0000, 0x0000, 0x0000, 0x0000, 0x0000, 0x0000, 0x0000, 0x0000, 0x0000, 0x0000, 0x0000, 0x0000, 0x0000, 0x0000, 0x0000,
  0x0000, 0x0000, 0x0000, 0x0000, 0x0000, 0x0000, 0x0000, 0x0000, 0x0000, 0x0000, 0x0000, 0x0000, 0x0000, 0x0000, 0x0000, 0x0000,
  0x0020, 0x0020, 0x0020, 0x0020, 0x0000, 0x0000, 0x0000, 0x0000, 0x0021, 0x0000, 0x10C3, 0x2146, 0x0862, 0x0000, 0x0020, 0x0020,
  0x0000, 0x0000, 0x0000, 0x0000, 0x0000, 0x0020, 0x0000, 0x0000, 0x0000, 0x0000, 0x0000, 0x0000, 0x0000, 0x0000, 0x0000, 0x0000,
  0x0000, 0x0000, 0x0000, 0x0000, 0x0000, 0x0000, 0x0000, 0x0000, 0x0000, 0x0000, 0x0000, 0x0000, 0x0000, 0x0000, 0x0000, 0x0000,
  0x0000, 0x0000, 0x0000, 0x0000, 0x0000, 0x0000, 0x0000, 0x0000, 0x0000, 0x0000, 0x0000, 0x0000, 0x0000, 0x0000, 0x0000, 0x0000,
  0x0000, 0x0000, 0x0000, 0x0000, 0x0000, 0x0000, 0x0000, 0x0000, 0x0000, 0x0000, 0x0000, 0x0000, 0x0000, 0x0000, 0x0000, 0x0000,
  0x0000, 0x0000, 0x0000, 0x0000, 0x0000, 0x0000, 0x0000, 0x0000, 0x0000, 0x0000, 0x0000, 0x0000, 0x0000, 0x0000, 0x0000, 0x0000,
  0x0000, 0x0000, 0x0000, 0x0000, 0x0000, 0x0000, 0x0000, 0x0000, 0x0000, 0x0000, 0x0000, 0x0000, 0x0000, 0x0000, 0x0000, 0x0000,
  0x0000, 0x0000, 0x0000, 0x0000, 0x0000, 0x0000, 0x0000, 0x0000, 0x0000, 0x0000, 0x0000, 0x0000, 0x0000, 0x0000, 0x0000, 0x0000,
  0x0000, 0x0000, 0x0000, 0x0000, 0x0000, 0x0000, 0x0000, 0x0000, 0x0000, 0x0000, 0x0000, 0x0000, 0x0000, 0x0000, 0x0000, 0x0000,
  0x0000, 0x0000, 0x0000, 0x0000, 0x0000, 0x0000, 0x0000, 0x0000, 0x0000, 0x0000, 0x0000, 0x0000, 0x0000, 0x0000, 0x0000, 0x0000,
  0x0000, 0x0000, 0x0000, 0x0000, 0x0000, 0x0000, 0x0020, 0x0020, 0x0000, 0x0021, 0x0000, 0x0842, 0x2125, 0x10C3, 0x0000, 0x0020,
  0x0000, 0x0000, 0x0000, 0x0000, 0x0000, 0x0000, 0x0000, 0x0000, 0x0000, 0x0000, 0x0000, 0x0000, 0x0000, 0x0000, 0x0000, 0x0000,
  0x0000, 0x0000, 0x0000, 0x0000, 0x0000, 0x0000, 0x0000, 0x0000, 0x0020, 0x0020, 0x0020, 0x0020, 0x0020, 0x0000, 0x0000, 0x0000,
  0x0000, 0x0000, 0x0000, 0x0000, 0x0000, 0x0000, 0x0000, 0x0000, 0x0000, 0x0000, 0x0000, 0x0000, 0x0000, 0x0000, 0x0000, 0x0000,
  0x0000, 0x0000, 0x0000, 0x0000, 0x0000, 0x0000, 0x0000, 0x0000, 0x0000, 0x0000, 0x0000, 0x0000, 0x0000, 0x0000, 0x0000, 0x0000,
  0x0000, 0x0000, 0x0000, 0x0000, 0x0000, 0x0000, 0x0000, 0x0000, 0x0000, 0x0000, 0x0000, 0x0000, 0x0000, 0x0000, 0x0000, 0x0000,
  0x0000, 0x0000, 0x0020, 0x0000, 0x0841, 0x0000, 0x0000, 0x18C3, 0x0000, 0x0021, 0x0020, 0x0020, 0x0020, 0x0020, 0x0000, 0x0000,
  0x0000, 0x0000, 0x0000, 0x0000, 0x0000, 0x0000, 0x0020, 0x0020, 0x0000, 0x0000, 0x0000, 0x0000, 0x0000, 0x0000, 0x0000, 0x0000,
  0x0000, 0x0000, 0x0000, 0x0000, 0x0000, 0x0000, 0x0000, 0x0000, 0x0000, 0x0000, 0x0000, 0x0000, 0x0000, 0x0000, 0x0000, 0x0000,
  0x0000, 0x0000, 0x0000, 0x0000, 0x0000, 0x0000, 0x0000, 0x0000, 0x0000, 0x0000, 0x0000, 0x0000, 0x0000, 0x0000, 0x0000, 0x0000,
  0x0000, 0x0000, 0x0000, 0x0000, 0x0000, 0x0000, 0x0000, 0x0000, 0x0020, 0x0000, 0x0842, 0x2966, 0x10C3, 0x0000, 0x0021, 0x0021,
  0x0020, 0x0000, 0x0000, 0x0000, 0x0000, 0x0020, 0x0000, 0x0000, 0x0000, 0x0000, 0x0000, 0x0000, 0x0000, 0x0000, 0x0000, 0x0000,
  0x0000, 0x0000, 0x0000, 0x0000, 0x0000, 0x0000, 0x0000, 0x0000, 0x0000, 0x0000, 0x0000, 0x0000, 0x0000, 0x0000, 0x0000, 0x0000,
  0x0000, 0x0000, 0x0000, 0x0000, 0x0000, 0x0000, 0x0000, 0x0000, 0x0000, 0x0000, 0x0000, 0x0000, 0x0000, 0x0000, 0x0000, 0x0000,
  0x0000, 0x0000, 0x0000, 0x0000, 0x0000, 0x0000, 0x0000, 0x0000, 0x0000, 0x0000, 0x0000, 0x0000, 0x0000, 0x0000, 0x0000, 0x0000,
  0x0000, 0x0000, 0x0000, 0x0000, 0x0000, 0x0000, 0x0000, 0x0000, 0x0000, 0x0000, 0x0000, 0x0000, 0x0000, 0x0000, 0x0000, 0x0000,
  0x0000, 0x0000, 0x0000, 0x0000, 0x0000, 0x0000, 0x0000, 0x0000, 0x0000, 0x0000, 0x0000, 0x0000, 0x0000, 0x0000, 0x0000, 0x0000,
  0x0000, 0x0000, 0x0000, 0x0000, 0x0000, 0x0000, 0x0000, 0x0000, 0x0000, 0x0000, 0x0000, 0x0000, 0x0000, 0x0000, 0x0000, 0x0000,
  0x0000, 0x0000, 0x0000, 0x0000, 0x0000, 0x0000, 0x0000, 0x0000, 0x0000, 0x0000, 0x0000, 0x0000, 0x0000, 0x0000, 0x0000, 0x0000,
  0x0000, 0x0000, 0x0000, 0x0000, 0x0000, 0x0000, 0x0000, 0x0000, 0x0000, 0x0000, 0x0000, 0x0000, 0x0000, 0x0000, 0x0000, 0x0000,
  0x0000, 0x0000, 0x0000, 0x0000, 0x0000, 0x0000, 0x0020, 0x0020, 0x0000, 0x0021, 0x0000, 0x10A3, 0x2125, 0x0862, 0x0000, 0x0000,
  0x0000, 0x0000, 0x0000, 0x0000, 0x0000, 0x0000, 0x0000, 0x0000, 0x0000, 0x0000, 0x0000, 0x0000, 0x0000, 0x0000, 0x0000, 0x0000,
  0x0000, 0x0000, 0x0000, 0x0000, 0x0000, 0x0000, 0x0000, 0x0000, 0x0020, 0x0020, 0x0020, 0x0020, 0x0020, 0x0000, 0x0000, 0x0020,
  0x0000, 0x0000, 0x0000, 0x0000, 0x0000, 0x0000, 0x0000, 0x0000, 0x0000, 0x0000, 0x0000, 0x0000, 0x0000, 0x0000, 0x0000, 0x0000,
  0x0000, 0x0000, 0x0000, 0x0000, 0x0000, 0x0000, 0x0000, 0x0000, 0x0000, 0x0000, 0x0000, 0x0000, 0x0000, 0x0000, 0x0000, 0x0000,
  0x0000, 0x0000, 0x0000, 0x0000, 0x0000, 0x0000, 0x0000, 0x0000, 0x0000, 0x0000, 0x0000, 0x0000, 0x0000, 0x0000, 0x0000, 0x0000,
  0x0000, 0x0020, 0x0000, 0x0862, 0x0000, 0x0000, 0x6B8F, 0x4A6A, 0x0000, 0x0862, 0x0021, 0x0020, 0x0020, 0x0020, 0x0000, 0x0000,
  0x0000, 0x0000, 0x0000, 0x0000, 0x0000, 0x0000, 0x0000, 0x0000, 0x0000, 0x0000, 0x0000, 0x0000, 0x0000, 0x0000, 0x0000, 0x0000,
  0x0000, 0x0000, 0x0000, 0x0000, 0x0000, 0x0000, 0x0000, 0x0000, 0x0000, 0x0000, 0x0000, 0x0000, 0x0000, 0x0000, 0x0000, 0x0000,
  0x0000, 0x0000, 0x0000, 0x0000, 0x0000, 0x0000, 0x0000, 0x0000, 0x0000, 0x0000, 0x0000, 0x0020, 0x0020, 0x0000, 0x0020, 0x0020,
  0x0000, 0x0000, 0x0000, 0x0000, 0x0020, 0x0000, 0x0000, 0x0000, 0x0020, 0x0000, 0x0000, 0x2146, 0x1905, 0x0000, 0x0021, 0x0021,
  0x0020, 0x0000, 0x0000, 0x0000, 0x0020, 0x0020, 0x0000, 0x0000, 0x0000, 0x0000, 0x0000, 0x0000, 0x0000, 0x0000, 0x0000, 0x0000,
  0x0000, 0x0000, 0x0000, 0x0000, 0x0000, 0x0000, 0x0000, 0x0000, 0x0000, 0x0000, 0x0000, 0x0000, 0x0000, 0x0000, 0x0000, 0x0000,
  0x0000, 0x0000, 0x0000, 0x0000, 0x0000, 0x0000, 0x0000, 0x0000, 0x0000, 0x0000, 0x0000, 0x0000, 0x0000, 0x0000, 0x0000, 0x0000,
  0x0000, 0x0000, 0x0000, 0x0000, 0x0000, 0x0000, 0x0000, 0x0000, 0x0000, 0x0000, 0x0000, 0x0000, 0x0000, 0x0000, 0x0000, 0x0000,
  0x0000, 0x0000, 0x0000, 0x0000, 0x0000, 0x0000, 0x0000, 0x0000, 0x0000, 0x0000, 0x0000, 0x0000, 0x0000, 0x0000, 0x0000, 0x0000,
  0x0000, 0x0000, 0x0000, 0x0000, 0x0000, 0x0000, 0x0000, 0x0000, 0x0000, 0x0000, 0x0000, 0x0020, 0x0020, 0x0000, 0x0000, 0x0000,
  0x0000, 0x0000, 0x0000, 0x0000, 0x0000, 0x0000, 0x0000, 0x0000, 0x0000, 0x0000, 0x0000, 0x0000, 0x0000, 0x0000, 0x0000, 0x0000,
  0x0000, 0x0000, 0x0000, 0x0000, 0x0000, 0x0000, 0x0000, 0x0000, 0x0000, 0x0000, 0x0000, 0x0000, 0x0000, 0x0000, 0x0000, 0x0000,
  0x0000, 0x0000, 0x0000, 0x0000, 0x0000, 0x0000, 0x0000, 0x0000, 0x0000, 0x0000, 0x0000, 0x0000, 0x0000, 0x0000, 0x0000, 0x0000,
  0x0000, 0x0000, 0x0000, 0x0000, 0x0000, 0x0000, 0x0020, 0x0020, 0x0000, 0x0021, 0x0000, 0x18C4, 0x2105, 0x0020, 0x0000, 0x0000,
  0x0000, 0x0020, 0x0020, 0x0020, 0x0000, 0x0000, 0x0000, 0x0000, 0x0000, 0x0000, 0x0000, 0x0000, 0x0000, 0x0000, 0x0000, 0x0000,
  0x0000, 0x0000, 0x0000, 0x0000, 0x0000, 0x0000, 0x0000, 0x0000, 0x0020, 0x0020, 0x0020, 0x0000, 0x0000, 0x0000, 0x0000, 0x0000,
  0x0000, 0x0000, 0x0000, 0x0000, 0x0000, 0x0000, 0x0000, 0x0000, 0x0000, 0x0000, 0x0000, 0x0000, 0x0000, 0x0000, 0x0000, 0x0000,
  0x0000, 0x0000, 0x0000, 0x0000, 0x0000, 0x0000, 0x0000, 0x0000, 0x0000, 0x0000, 0x0000, 0x0000, 0x0000, 0x0000, 0x0000, 0x0000,
  0x0000, 0x0000, 0x0000, 0x0000, 0x0000, 0x0000, 0x0000, 0x0000, 0x0000, 0x0000, 0x0000, 0x0000, 0x0000, 0x0000, 0x0000, 0x0000,
  0x0020, 0x0000, 0x0862, 0x0000, 0x10A3, 0x73D0, 0x94D4, 0x52AB, 0x0000, 0x1082, 0x0021, 0x0021, 0x0020, 0x0020, 0x0000, 0x0000,
  0x0000, 0x0000, 0x0000, 0x0000, 0x0000, 0x0000, 0x0000, 0x0000, 0x0000, 0x0000, 0x0000, 0x0000, 0x0000, 0x0000, 0x0000, 0x0000,
  0x0000, 0x0000, 0x0000, 0x0000, 0x0000, 0x0000, 0x0000, 0x0000, 0x0000, 0x0000, 0x0000, 0x0000, 0x0000, 0x0000, 0x0000, 0x0000,
  0x0000, 0x0000, 0x0000, 0x0000, 0x0000, 0x0000, 0x0000, 0x0000, 0x0000, 0x0000, 0x0000, 0x0020, 0x0000, 0x0000, 0x0020, 0x0020,
  0x0000, 0x0000, 0x0000, 0x0000, 0x0000, 0x0000, 0x0000, 0x0000, 0x0000, 0x0020, 0x0000, 0x1905, 0x2146, 0x0000, 0x0021, 0x0021,
  0x0020, 0x0020, 0x0020, 0x0020, 0x0000, 0x0000, 0x0000, 0x0000, 0x0000, 0x0000, 0x0000, 0x0000, 0x0000, 0x0000, 0x0000, 0x0000,
  0x0000, 0x0000, 0x0000, 0x0000, 0x0000, 0x0000, 0x0000, 0x0000, 0x0000, 0x0000, 0x0000, 0x0000, 0x0000, 0x0000, 0x0000, 0x0000,
  0x0000, 0x0000, 0x0000, 0x0000, 0x0000, 0x0000, 0x0000, 0x0000, 0x0000, 0x0000, 0x0000, 0x0000, 0x0000, 0x0000, 0x0000, 0x0000,
  0x0000, 0x0000, 0x0000, 0x0000, 0x0000, 0x0000, 0x0000, 0x0000, 0x0000, 0x0000, 0x0000, 0x0000, 0x0000, 0x0000, 0x0000, 0x0000,
  0x0000, 0x0000, 0x0000, 0x0000, 0x0000, 0x0000, 0x0000, 0x0000, 0x0000, 0x0000, 0x0000, 0x0000, 0x0000, 0x0000, 0x0000, 0x0000,
  0x0000, 0x0000, 0x0000, 0x0000, 0x0000, 0x0000, 0x0000, 0x0000, 0x0000, 0x0000, 0x0000, 0x0020, 0x0000, 0x0000, 0x0000, 0x0000,
  0x0000, 0x0000, 0x0000, 0x0000, 0x0000, 0x0000, 0x0000, 0x0000, 0x0000, 0x0000, 0x0000, 0x0000, 0x0000, 0x0000, 0x0000, 0x0000,
  0x0000, 0x0000, 0x0000, 0x0000, 0x0000, 0x0000, 0x0000, 0x0000, 0x0000, 0x0000, 0x0000, 0x0000, 0x0000, 0x0000, 0x0000, 0x0000,
  0x0000, 0x0000, 0x0000, 0x0000, 0x0000, 0x0000, 0x0000, 0x0000, 0x0000, 0x0000, 0x0000, 0x0000, 0x0000, 0x0000, 0x0000, 0x0000,
  0x0000, 0x0000, 0x0000, 0x0000, 0x0000, 0x0000, 0x0000, 0x0020, 0x0001, 0x0021, 0x0000, 0x1904, 0x18E4, 0x0000, 0x0020, 0x0000,
  0x0000, 0x0020, 0x0020, 0x0020, 0x0000, 0x0000, 0x0000, 0x0000, 0x0000, 0x0000, 0x0000, 0x0000, 0x0000, 0x0000, 0x0000, 0x0000,
  0x0000, 0x0000, 0x0000, 0x0000, 0x0000, 0x0000, 0x0000, 0x0000, 0x0000, 0x0000, 0x0000, 0x0000, 0x0000, 0x0000, 0x0000, 0x0000,
  0x0000, 0x0000, 0x0000, 0x0000, 0x0000, 0x0000, 0x0000, 0x0000, 0x0000, 0x0000, 0x0000, 0x0000, 0x0000, 0x0000, 0x0000, 0x0000,
  0x0000, 0x0000, 0x0000, 0x0000, 0x0000, 0x0000, 0x0000, 0x0000, 0x0000, 0x0000, 0x0000, 0x0000, 0x0000, 0x0000, 0x0000, 0x0000,
  0x0000, 0x0000, 0x0000, 0x0000, 0x0000, 0x0000, 0x0000, 0x0000, 0x0000, 0x0000, 0x0000, 0x0000, 0x0000, 0x0020, 0x0020, 0x0020,
  0x0000, 0x0862, 0x0000, 0x0883, 0x73D0, 0x8C93, 0x8C93, 0x5B0D, 0x0000, 0x1082, 0x0021, 0x0020, 0x0020, 0x0020, 0x0000, 0x0000,
  0x0000, 0x0020, 0x0000, 0x0000, 0x0000, 0x0000, 0x0000, 0x0020, 0x0000, 0x0000, 0x0000, 0x0000, 0x0000, 0x0000, 0x0000, 0x0000,
  0x0000, 0x0000, 0x0000, 0x0000, 0x0000, 0x0000, 0x0000, 0x0000, 0x0000, 0x0000, 0x0000, 0x0000, 0x0000, 0x0000, 0x0000, 0x0000,
  0x0000, 0x0000, 0x0000, 0x0000, 0x0000, 0x0000, 0x0000, 0x0000, 0x0000, 0x0000, 0x0000, 0x0000, 0x0000, 0x0000, 0x0020, 0x0020,
  0x0020, 0x0020, 0x0000, 0x0000, 0x0000, 0x0000, 0x0000, 0x0000, 0x0000, 0x0020, 0x0000, 0x18C4, 0x2966, 0x0862, 0x0000, 0x0021,
  0x0020, 0x0020, 0x0020, 0x0000, 0x0000, 0x0000, 0x0000, 0x0000, 0x0000, 0x0000, 0x0000, 0x0000, 0x0000, 0x0000, 0x0000, 0x0000,
  0x0000, 0x0000, 0x0000, 0x0000, 0x0000, 0x0000, 0x0000, 0x0000, 0x0000, 0x0000, 0x0000, 0x0000, 0x0000, 0x0000, 0x0000, 0x0000,
  0x0000, 0x0000, 0x0000, 0x0000, 0x0000, 0x0000, 0x0000, 0x0000, 0x0000, 0x0000, 0x0000, 0x0000, 0x0000, 0x0000, 0x0000, 0x0000,
  0x0000, 0x0000, 0x0000, 0x0000, 0x0000, 0x0000, 0x0000, 0x0000, 0x0000, 0x0000, 0x0000, 0x0000, 0x0000, 0x0000, 0x0000, 0x0000,
  0x0000, 0x0000, 0x0000, 0x0000, 0x0000, 0x0000, 0x0000, 0x0000, 0x0000, 0x0000, 0x0000, 0x0000, 0x0000, 0x0000, 0x0000, 0x0000,
  0x0000, 0x0000, 0x0000, 0x0000, 0x0000, 0x0000, 0x0000, 0x0000, 0x0000, 0x0000, 0x0000, 0x0020, 0x0020, 0x0000, 0x0000, 0x0000,
  0x0000, 0x0000, 0x0000, 0x0000, 0x0000, 0x0000, 0x0000, 0x0000, 0x0000, 0x0000, 0x0000, 0x0000, 0x0000, 0x0000, 0x0000, 0x0000,
  0x0000, 0x0000, 0x0000, 0x0000, 0x0000, 0x0000, 0x0000, 0x0000, 0x0000, 0x0000, 0x0000, 0x0000, 0x0000, 0x0000, 0x0000, 0x0000,
  0x0000, 0x0000, 0x0000, 0x0000, 0x0000, 0x0000, 0x0000, 0x0000, 0x0000, 0x0000, 0x0000, 0x0000, 0x0000, 0x0000, 0x0000, 0x0000,
  0x0000, 0x0000, 0x0000, 0x0000, 0x0000, 0x0000, 0x0000, 0x0020, 0x0021, 0x0000, 0x0842, 0x2125, 0x10A3, 0x0000, 0x0020, 0x0000,
  0x0000, 0x0000, 0x0000, 0x0000, 0x0000, 0x0000, 0x0000, 0x0000, 0x0000, 0x0000, 0x0000, 0x0000, 0x0000, 0x0000, 0x0000, 0x0000,
  0x0000, 0x0000, 0x0000, 0x0000, 0x0000, 0x0000, 0x0000, 0x0000, 0x0000, 0x0000, 0x0000, 0x0000, 0x0000, 0x0000, 0x0000, 0x0000,
  0x0000, 0x0000, 0x0000, 0x0000, 0x0000, 0x0000, 0x0000, 0x0000, 0x0000, 0x0000, 0x0000, 0x0000, 0x0000, 0x0000, 0x0000, 0x0000,
  0x0000, 0x0000, 0x0000, 0x0000, 0x0000, 0x0000, 0x0000, 0x0000, 0x0000, 0x0000, 0x0000, 0x0000, 0x0000, 0x0000, 0x0000, 0x0000,
  0x0000, 0x0000, 0x0000, 0x0000, 0x0000, 0x0000, 0x0000, 0x0000, 0x0000, 0x0000, 0x0000, 0x0000, 0x0000, 0x0020, 0x0020, 0x0000,
  0x0861, 0x0000, 0x10A3, 0x73D0, 0x8473, 0x8432, 0x8473, 0x636E, 0x0000, 0x0882, 0x0020, 0x0020, 0x0020, 0x0020, 0x0000, 0x0000,
  0x0000, 0x0020, 0x0000, 0x0000, 0x0000, 0x0000, 0x0000, 0x0000, 0x0000, 0x0000, 0x0000, 0x0000, 0x0000, 0x0000, 0x0000, 0x0000,
  0x0000, 0x0000, 0x0000, 0x0000, 0x0000, 0x0000, 0x0000, 0x0000, 0x0000, 0x0000, 0x0000, 0x0000, 0x0000, 0x0020, 0x0000, 0x0000,
  0x0000, 0x0000, 0x0000, 0x0000, 0x0000, 0x0000, 0x0000, 0x0000, 0x0000, 0x0000, 0x0000, 0x0000, 0x0000, 0x0000, 0x0000, 0x0020,
  0x0020, 0x0020, 0x0000, 0x0000, 0x0000, 0x0020, 0x0000, 0x0000, 0x0000, 0x0021, 0x0000, 0x0862, 0x2946, 0x10A3, 0x0000, 0x0021,
  0x0020, 0x0020, 0x0020, 0x0000, 0x0000, 0x0000, 0x0000, 0x0000, 0x0000, 0x0000, 0x0000, 0x0000, 0x0000, 0x0000, 0x0000, 0x0000,
  0x0000, 0x0000, 0x0000, 0x0000, 0x0000, 0x0000, 0x0000, 0x0000, 0x0000, 0x0000, 0x0000, 0x0000, 0x0000, 0x0000, 0x0000, 0x0000,
  0x0000, 0x0000, 0x0000, 0x0000, 0x0000, 0x0000, 0x0000, 0x0000, 0x0000, 0x0000, 0x0000, 0x0000, 0x0000, 0x0000, 0x0000, 0x0000,
  0x0000, 0x0000, 0x0000, 0x0000, 0x0000, 0x0000, 0x0000, 0x0000, 0x0000, 0x0000, 0x0000, 0x0000, 0x0000, 0x0000, 0x0000, 0x0000,
  0x0000, 0x0000, 0x0000, 0x0000, 0x0000, 0x0000, 0x0000, 0x0000, 0x0000, 0x0000, 0x0000, 0x0000, 0x0000, 0x0000, 0x0000, 0x0000,
  0x0000, 0x0000, 0x0000, 0x0000, 0x0000, 0x0000, 0x0000, 0x0000, 0x0000, 0x0000, 0x0000, 0x0000, 0x0000, 0x0000, 0x0000, 0x0000,
  0x0000, 0x0000, 0x0000, 0x0000, 0x0000, 0x0000, 0x0000, 0x0000, 0x0000, 0x0000, 0x0000, 0x0000, 0x0000, 0x0000, 0x0000, 0x0000,
  0x0000, 0x0000, 0x0000, 0x0000, 0x0000, 0x0000, 0x0000, 0x0000, 0x0000, 0x0000, 0x0000, 0x0000, 0x0000, 0x0000, 0x0000, 0x0000,
  0x0000, 0x0000, 0x0000, 0x0000, 0x0000, 0x0000, 0x0000, 0x0000, 0x0000, 0x0000, 0x0000, 0x0000, 0x0000, 0x0000, 0x0000, 0x0000,
  0x0000, 0x0000, 0x0000, 0x0000, 0x0000, 0x0000, 0x0000, 0x0020, 0x0021, 0x0000, 0x10A3, 0x2125, 0x0842, 0x0000, 0x0021, 0x0000,
  0x0020, 0x0020, 0x0020, 0x0000, 0x0000, 0x0000, 0x0000, 0x0000, 0x0000, 0x0000, 0x0000, 0x0000, 0x0000, 0x0000, 0x0000, 0x0000,
  0x0000, 0x0000, 0x0000, 0x0000, 0x0000, 0x0000, 0x0000, 0x0000, 0x0000, 0x0000, 0x0000, 0x0000, 0x0000, 0x0000, 0x0000, 0x0000,
  0x0000, 0x0000, 0x0000, 0x0020, 0x0000, 0x0000, 0x0000, 0x0000, 0x0000, 0x0000, 0x0000, 0x0000, 0x0000, 0x0000, 0x0000, 0x0000,
  0x0000, 0x0000, 0x0000, 0x0000, 0x0000, 0x0000, 0x0000, 0x0000, 0x0000, 0x0000, 0x0000, 0x0000, 0x0000, 0x0000, 0x0000, 0x0000,
  0x0000, 0x0000, 0x0000, 0x0000, 0x0000, 0x0000, 0x0000, 0x0000, 0x0000, 0x0000, 0x0000, 0x0000, 0x0020, 0x0020, 0x0000, 0x0021,
  0x0000, 0x0000, 0x6BAF, 0x8452, 0x7C32, 0x8432, 0x8473, 0x6BAF, 0x0000, 0x0862, 0x0020, 0x0020, 0x0020, 0x0000, 0x0000, 0x0000,
  0x0000, 0x0000, 0x0020, 0x0000, 0x0000, 0x0000, 0x0000, 0x0020, 0x0000, 0x0000, 0x0000, 0x0000, 0x0000, 0x0000, 0x0000, 0x0000,
  0x0000, 0x0000, 0x0000, 0x0000, 0x0000, 0x0000, 0x0000, 0x0000, 0x0000, 0x0000, 0x0000, 0x0020, 0x0000, 0x0000, 0x0000, 0x0000,
  0x0000, 0x0000, 0x0000, 0x0000, 0x0000, 0x0000, 0x0000, 0x0000, 0x0000, 0x0000, 0x0000, 0x0000, 0x0000, 0x0000, 0x0000, 0x0000,
  0x0020, 0x0020, 0x0000, 0x0000, 0x0000, 0x0000, 0x0000, 0x0000, 0x0000, 0x0001, 0x0000, 0x0000, 0x2146, 0x18E4, 0x0000, 0x0021,
  0x0020, 0x0020, 0x0020, 0x0000, 0x0000, 0x0000, 0x0000, 0x0000, 0x0000, 0x0000, 0x0000, 0x0000, 0x0000, 0x0000, 0x0000, 0x0000,
  0x0000, 0x0000, 0x0000, 0x0000, 0x0000, 0x0000, 0x0000, 0x0000, 0x0000, 0x0000, 0x0000, 0x0000, 0x0000, 0x0000, 0x0000, 0x0000,
  0x0000, 0x0000, 0x0000, 0x0000, 0x0000, 0x0000, 0x0000, 0x0000, 0x0000, 0x0000, 0x0000, 0x0000, 0x0000, 0x0000, 0x0000, 0x0000,
  0x0000, 0x0000, 0x0000, 0x0000, 0x0000, 0x0000, 0x0000, 0x0000, 0x0000, 0x0000, 0x0000, 0x0000, 0x0000, 0x0000, 0x0000, 0x0000,
  0x0000, 0x0000, 0x0000, 0x0000, 0x0000, 0x0000, 0x0000, 0x0000, 0x0000, 0x0000, 0x0000, 0x0000, 0x0000, 0x0000, 0x0000, 0x0000,
  0x0000, 0x0000, 0x0000, 0x0000, 0x0000, 0x0000, 0x0000, 0x0000, 0x0000, 0x0000, 0x0000, 0x0000, 0x0000, 0x0000, 0x0000, 0x0000,
  0x0000, 0x0000, 0x0000, 0x0000, 0x0000, 0x0000, 0x0000, 0x0000, 0x0000, 0x0000, 0x0000, 0x0000, 0x0000, 0x0000, 0x0000, 0x0000,
  0x0000, 0x0000, 0x0000, 0x0000, 0x0000, 0x0000, 0x0000, 0x0000, 0x0000, 0x0000, 0x0000, 0x0000, 0x0000, 0x0000, 0x0000, 0x0000,
  0x0000, 0x0000, 0x0000, 0x0000, 0x0000, 0x0000, 0x0000, 0x0000, 0x0000, 0x0000, 0x0000, 0x0000, 0x0000, 0x0000, 0x0000, 0x0000,
  0x0000, 0x0000, 0x0000, 0x0000, 0x0000, 0x0000, 0x0020, 0x0020, 0x0021, 0x0000, 0x18E4, 0x1905, 0x0000, 0x0000, 0x0000, 0x0000,
  0x0020, 0x0020, 0x0020, 0x0000, 0x0000, 0x0000, 0x0000, 0x0000, 0x0000, 0x0000, 0x0000, 0x0000, 0x0000, 0x0000, 0x0000, 0x0000,
  0x0000, 0x0000, 0x0000, 0x0000, 0x0000, 0x0000, 0x0000, 0x0000, 0x0000, 0x0000, 0x0000, 0x0000, 0x0000, 0x0020, 0x0020, 0x0020,
  0x0000, 0x0000, 0x0000, 0x0020, 0x0020, 0x0000, 0x0000, 0x0020, 0x0020, 0x0000, 0x0000, 0x0000, 0x0000, 0x0000, 0x0000, 0x0000,
  0x0000, 0x0000, 0x0000, 0x0000, 0x0000, 0x0000, 0x0000, 0x0000, 0x0000, 0x0000, 0x0000, 0x0000, 0x0000, 0x0000, 0x0000, 0x0000,
  0x0000, 0x0000, 0x0000, 0x0000, 0x0000, 0x0000, 0x0000, 0x0000, 0x0000, 0x0020, 0x0020, 0x0020, 0x0020, 0x0020, 0x0020, 0x0841,
  0x0000, 0x632D, 0x8432, 0x7C11, 0x8432, 0x8432, 0x8452, 0x73D0, 0x0000, 0x0021, 0x0020, 0x0020, 0x0020, 0x0000, 0x0000, 0x0000,
  0x0000, 0x0020, 0x0000, 0x0000, 0x0000, 0x0000, 0x0000, 0x0000, 0x0000, 0x0000, 0x0000, 0x0000, 0x0000, 0x0000, 0x0000, 0x0000,
  0x0000, 0x0000, 0x0000, 0x0000, 0x0000, 0x0000, 0x0000, 0x0000, 0x0000, 0x0000, 0x0000, 0x0020, 0x0000, 0x0000, 0x0000, 0x0000,
  0x0000, 0x0020, 0x0020, 0x0000, 0x0000, 0x0000, 0x0000, 0x0000, 0x0000, 0x0000, 0x0000, 0x0000, 0x0000, 0x0000, 0x0000, 0x0000,
  0x0000, 0x0000, 0x0000, 0x0000, 0x0000, 0x0020, 0x0020, 0x0020, 0x0000, 0x0000, 0x0021, 0x0000, 0x1905, 0x2125, 0x0000, 0x0021,
  0x0020, 0x0020, 0x0020, 0x0000, 0x0000, 0x0000, 0x0000, 0x0000, 0x0000, 0x0000, 0x0000, 0x0000, 0x0000, 0x0000, 0x0000, 0x0000,
  0x0000, 0x0000, 0x0000, 0x0000, 0x0000, 0x0000, 0x0000, 0x0000, 0x0000, 0x0000, 0x0000, 0x0000, 0x0000, 0x0000, 0x0000, 0x0000,
  0x0000, 0x0000, 0x0000, 0x0000, 0x0000, 0x0000, 0x0000, 0x0000, 0x0000, 0x0000, 0x0000, 0x0000, 0x0000, 0x0000, 0x0000, 0x0000,
  0x0000, 0x0000, 0x0000, 0x0000, 0x0000, 0x0000, 0x0000, 0x0000, 0x0000, 0x0000, 0x0000, 0x0000, 0x0000, 0x0000, 0x0000, 0x0000,
  0x0000, 0x0000, 0x0000, 0x0000, 0x0000, 0x0000, 0x0000, 0x0000, 0x0000, 0x0000, 0x0000, 0x0000, 0x0000, 0x0000, 0x0000, 0x0000,
  0x0000, 0x0000, 0x0000, 0x0000, 0x0000, 0x0000, 0x0000, 0x0000, 0x0000, 0x0000, 0x0000, 0x0000, 0x0000, 0x0000, 0x0000, 0x0000,
  0x0000, 0x0000, 0x0000, 0x0000, 0x0000, 0x0000, 0x0000, 0x0000, 0x0000, 0x0000, 0x0000, 0x0000, 0x0000, 0x0000, 0x0000, 0x0000,
  0x0000, 0x0000, 0x0000, 0x0000, 0x0000, 0x0000, 0x0000, 0x0000, 0x0000, 0x0000, 0x0000, 0x0000, 0x0000, 0x0000, 0x0000, 0x0000,
  0x0000, 0x0000, 0x0000, 0x0000, 0x0000, 0x0000, 0x0000, 0x0000, 0x0000, 0x0000, 0x0000, 0x0000, 0x0000, 0x0000, 0x0000, 0x0000,
  0x0000, 0x0000, 0x0000, 0x0000, 0x0000, 0x0000, 0x0020, 0x0020, 0x0000, 0x0021, 0x1905, 0x18C4, 0x0000, 0x0021, 0x0000, 0x0000,
  0x0020, 0x0020, 0x0000, 0x0000, 0x0000, 0x0000, 0x0000, 0x0000, 0x0000, 0x0000, 0x0000, 0x0000, 0x0000, 0x0000, 0x0000, 0x0000,
  0x0000, 0x0000, 0x0000, 0x0000, 0x0000, 0x0000, 0x0020, 0x0000, 0x0000, 0x0000, 0x0000, 0x0000, 0x0000, 0x0020, 0x0020, 0x0020,
  0x0000, 0x0000, 0x0000, 0x0020, 0x0020, 0x0000, 0x0000, 0x0000, 0x0020, 0x0000, 0x0000, 0x0000, 0x0000, 0x0000, 0x0000, 0x0000,
  0x0000, 0x0000, 0x0000, 0x0000, 0x0000, 0x0000, 0x0000, 0x0000, 0x0000, 0x0000, 0x0000, 0x0000, 0x0000, 0x0000, 0x0000, 0x0000,
  0x0000, 0x0000, 0x0000, 0x0000, 0x0000, 0x0020, 0x0020, 0x0000, 0x0000, 0x0000, 0x0020, 0x0000, 0x0020, 0x0000, 0x0862, 0x0000,
  0x4A8B, 0x7C32, 0x7C11, 0x7C12, 0x7C32, 0x8432, 0x8452, 0x7C32, 0x2986, 0x0000, 0x0841, 0x0020, 0x0020, 0x0020, 0x0000, 0x0000,
  0x0000, 0x0000, 0x0000, 0x0000, 0x0000, 0x0000, 0x0000, 0x0000, 0x0000, 0x0000, 0x0000, 0x0000, 0x0000, 0x0000, 0x0000, 0x0000,
  0x0000, 0x0000, 0x0000, 0x0000, 0x0000, 0x0000, 0x0000, 0x0000, 0x0000, 0x0000, 0x0000, 0x0020, 0x0020, 0x0020, 0x0020, 0x0000,
  0x0000, 0x0020, 0x0020, 0x0000, 0x0000, 0x0000, 0x0000, 0x0000, 0x0000, 0x0000, 0x0000, 0x0000, 0x0000, 0x0000, 0x0000, 0x0000,
  0x0000, 0x0000, 0x0000, 0x0000, 0x0020, 0x0020, 0x0020, 0x0020, 0x0000, 0x0000, 0x0021, 0x0000, 0x10C4, 0x2146, 0x0041, 0x0000,
  0x0000, 0x0020, 0x0000, 0x0000, 0x0000, 0x0000, 0x0000, 0x0000, 0x0000, 0x0000, 0x0000, 0x0000, 0x0000, 0x0000, 0x0000, 0x0000,
  0x0000, 0x0000, 0x0000, 0x0000, 0x0000, 0x0000, 0x0000, 0x0000, 0x0000, 0x0000, 0x0000, 0x0000, 0x0000, 0x0000, 0x0000, 0x0000,
  0x0000, 0x0000, 0x0000, 0x0000, 0x0000, 0x0000, 0x0000, 0x0000, 0x0000, 0x0020, 0x0000, 0x0000, 0x0000, 0x0000, 0x0000, 0x0000,
  0x0000, 0x0000, 0x0000, 0x0000, 0x0000, 0x0000, 0x0000, 0x0000, 0x0000, 0x0000, 0x0000, 0x0000, 0x0000, 0x0000, 0x0000, 0x0000,
  0x0000, 0x0000, 0x0000, 0x0000, 0x0000, 0x0000, 0x0000, 0x0000, 0x0000, 0x0000, 0x0000, 0x0000, 0x0000, 0x0000, 0x0000, 0x0000,
  0x0000, 0x0000, 0x0000, 0x0000, 0x0000, 0x0000, 0x0000, 0x0000, 0x0000, 0x0000, 0x0000, 0x0000, 0x0000, 0x0000, 0x0000, 0x0000,
  0x0000, 0x0000, 0x0000, 0x0000, 0x0000, 0x0000, 0x0000, 0x0000, 0x0000, 0x0000, 0x0000, 0x0000, 0x0000, 0x0000, 0x0000, 0x0000,
  0x0000, 0x0000, 0x0000, 0x0000, 0x0000, 0x0000, 0x0000, 0x0000, 0x0000, 0x0000, 0x0000, 0x0000, 0x0000, 0x0000, 0x0000, 0x0000,
  0x0000, 0x0000, 0x0000, 0x0000, 0x0000, 0x0000, 0x0000, 0x0000, 0x0000, 0x0000, 0x0000, 0x0000, 0x0000, 0x0000, 0x0000, 0x0000,
  0x0000, 0x0000, 0x0000, 0x0000, 0x0000, 0x0000, 0x0020, 0x0020, 0x0000, 0x0862, 0x2125, 0x1083, 0x0000, 0x0021, 0x0000, 0x0000,
  0x0020, 0x0000, 0x0000, 0x0000, 0x0000, 0x0000, 0x0000, 0x0000, 0x0000, 0x0000, 0x0000, 0x0000, 0x0000, 0x0000, 0x0000, 0x0000,
  0x0000, 0x0000, 0x0000, 0x0000, 0x0000, 0x0000, 0x0000, 0x0000, 0x0000, 0x0000, 0x0020, 0x0020, 0x0000, 0x0000, 0x0020, 0x0000,
  0x0000, 0x0000, 0x0000, 0x0020, 0x0000, 0x0000, 0x0000, 0x0000, 0x0000, 0x0000, 0x0000, 0x0000, 0x0000, 0x0000, 0x0000, 0x0000,
  0x0000, 0x0000, 0x0000, 0x0000, 0x0000, 0x0000, 0x0000, 0x0000, 0x0000, 0x0000, 0x0000, 0x0000, 0x0000, 0x0000, 0x0000, 0x0000,
  0x0000, 0x0000, 0x0000, 0x0000, 0x0000, 0x0020, 0x0020, 0x0020, 0x0020, 0x0000, 0x0000, 0x0020, 0x0020, 0x0841, 0x0000, 0x2125,
  0x73F1, 0x7C11, 0x7C11, 0x7C12, 0x7C32, 0x8432, 0x8432, 0x8473, 0x5AEC, 0x0000, 0x0882, 0x0020, 0x0020, 0x0020, 0x0020, 0x0000,
  0x0000, 0x0000, 0x0000, 0x0000, 0x0000, 0x0000, 0x0000, 0x0000, 0x0000, 0x0000, 0x0000, 0x0000, 0x0000, 0x0000, 0x0000, 0x0000,
  0x0000, 0x0000, 0x0000, 0x0000, 0x0000, 0x0000, 0x0000, 0x0000, 0x0000, 0x0000, 0x0020, 0x0020, 0x0000, 0x0000, 0x0000, 0x0000,
  0x0000, 0x0000, 0x0020, 0x0000, 0x0000, 0x0000, 0x0000, 0x0000, 0x0000, 0x0000, 0x0000, 0x0000, 0x0000, 0x0000, 0x0000, 0x0000,
  0x0020, 0x0000, 0x0000, 0x0020, 0x0020, 0x0020, 0x0020, 0x0020, 0x0000, 0x0020, 0x0021, 0x0000, 0x0862, 0x2146, 0x10A3, 0x0000,
  0x0021, 0x0020, 0x0020, 0x0000, 0x0000, 0x0000, 0x0000, 0x0000, 0x0000, 0x0000, 0x0000, 0x0000, 0x0000, 0x0000, 0x0000, 0x0000,
  0x0000, 0x0000, 0x0000, 0x0000, 0x0000, 0x0000, 0x0000, 0x0000, 0x0000, 0x0000, 0x0000, 0x0000, 0x0000, 0x0000, 0x0000, 0x0000,
  0x0000, 0x0000, 0x0000, 0x0000, 0x0000, 0x0000, 0x0000, 0x0000, 0x0000, 0x0000, 0x0000, 0x0000, 0x0000, 0x0000, 0x0000, 0x0000,
  0x0000, 0x0000, 0x0000, 0x0000, 0x0000, 0x0000, 0x0000, 0x0000, 0x0000, 0x0000, 0x0000, 0x0000, 0x0000, 0x0000, 0x0000, 0x0000,
  0x0000, 0x0000, 0x0000, 0x0000, 0x0000, 0x0000, 0x0000, 0x0000, 0x0000, 0x0000, 0x0000, 0x0000, 0x0000, 0x0000, 0x0000, 0x0000,
  0x0000, 0x0000, 0x0000, 0x0000, 0x0000, 0x0000, 0x0000, 0x0000, 0x0000, 0x0000, 0x0000, 0x0000, 0x0000, 0x0000, 0x0000, 0x0000,
  0x0000, 0x0000, 0x0000, 0x0000, 0x0000, 0x0000, 0x0000, 0x0000, 0x0000, 0x0000, 0x0000, 0x0000, 0x0000, 0x0000, 0x0000, 0x0000,
  0x0000, 0x0000, 0x0000, 0x0000, 0x0000, 0x0000, 0x0000, 0x0000, 0x0000, 0x0000, 0x0000, 0x0000, 0x0000, 0x0000, 0x0000, 0x0000,
  0x0000, 0x0000, 0x0000, 0x0000, 0x0000, 0x0000, 0x0000, 0x0000, 0x0000, 0x0000, 0x0000, 0x0000, 0x0000, 0x0000, 0x0000, 0x0000,
  0x0000, 0x0000, 0x0000, 0x0000, 0x0000, 0x0000, 0x0000, 0x0020, 0x0000, 0x10C3, 0x2125, 0x0841, 0x0000, 0x0021, 0x0000, 0x0000,
  0x0020, 0x0000, 0x0000, 0x0000, 0x0000, 0x0000, 0x0000, 0x0000, 0x0000, 0x0000, 0x0000, 0x0000, 0x0000, 0x0000, 0x0000, 0x0000,
  0x0000, 0x0000, 0x0000, 0x0000, 0x0000, 0x0000, 0x0000, 0x0000, 0x0000, 0x0000, 0x0000, 0x0000, 0x0000, 0x0000, 0x0020, 0x0000,
  0x0000, 0x0000, 0x0000, 0x0000, 0x0000, 0x0000, 0x0000, 0x0000, 0x0000, 0x0000, 0x0000, 0x0000, 0x0000, 0x0000, 0x0000, 0x0000,
  0x0000, 0x0000, 0x0000, 0x0000, 0x0000, 0x0000, 0x0000, 0x0000, 0x0000, 0x0000, 0x0000, 0x0000, 0x0000, 0x0000, 0x0000, 0x0000,
  0x0000, 0x0000, 0x0000, 0x0000, 0x0000, 0x0000, 0x0020, 0x0020, 0x0020, 0x0020, 0x0020, 0x0020, 0x0000, 0x0882, 0x0000, 0x5B0D,
  0x7C32, 0x7BF1, 0x7C11, 0x7C12, 0x7C32, 0x8432, 0x8452, 0x8473, 0x73F1, 0x0000, 0x0841, 0x0021, 0x0020, 0x0000, 0x0020, 0x0000,
  0x0000, 0x0000, 0x0000, 0x0000, 0x0000, 0x0000, 0x0000, 0x0000, 0x0000, 0x0000, 0x0000, 0x0000, 0x0000, 0x0000, 0x0000, 0x0000,
  0x0000, 0x0000, 0x0000, 0x0000, 0x0000, 0x0000, 0x0000, 0x0000, 0x0000, 0x0000, 0x0020, 0x0000, 0x0000, 0x0000, 0x0000, 0x0000,
  0x0000, 0x0000, 0x0000, 0x0020, 0x0020, 0x0020, 0x0000, 0x0020, 0x0000, 0x0000, 0x0000, 0x0000, 0x0000, 0x0000, 0x0000, 0x0000,
  0x0000, 0x0000, 0x0000, 0x0000, 0x0020, 0x0020, 0x0020, 0x0020, 0x0020, 0x0020, 0x0021, 0x0021, 0x0000, 0x2146, 0x1905, 0x0000,
  0x0021, 0x0020, 0x0020, 0x0000, 0x0000, 0x0000, 0x0000, 0x0000, 0x0000, 0x0000, 0x0000, 0x0000, 0x0000, 0x0000, 0x0000, 0x0000,
  0x0000, 0x0000, 0x0000, 0x0000, 0x0000, 0x0000, 0x0000, 0x0000, 0x0000, 0x0000, 0x0000, 0x0000, 0x0000, 0x0000, 0x0000, 0x0000,
  0x0000, 0x0000, 0x0000, 0x0000, 0x0000, 0x0000, 0x0000, 0x0000, 0x0000, 0x0000, 0x0000, 0x0000, 0x0000, 0x0000, 0x0000, 0x0000,
  0x0000, 0x0000, 0x0000, 0x0000, 0x0000, 0x0000, 0x0000, 0x0000, 0x0000, 0x0000, 0x0000, 0x0000, 0x0000, 0x0000, 0x0000, 0x0000,
  0x0000, 0x0000, 0x0000, 0x0000, 0x0000, 0x0000, 0x0000, 0x0000, 0x0000, 0x0000, 0x0000, 0x0000, 0x0000, 0x0000, 0x0000, 0x0000,
  0x0000, 0x0000, 0x0000, 0x0000, 0x0000, 0x0000, 0x0000, 0x0000, 0x0000, 0x0000, 0x0000, 0x0000, 0x0000, 0x0000, 0x0000, 0x0000,
  0x0000, 0x0000, 0x0000, 0x0000, 0x0000, 0x0000, 0x0000, 0x0000, 0x0000, 0x0000, 0x0000, 0x0000, 0x0000, 0x0000, 0x0000, 0x0000,
  0x0000, 0x0000, 0x0000, 0x0000, 0x0000, 0x0000, 0x0000, 0x0000, 0x0000, 0x0000, 0x0000, 0x0000, 0x0000, 0x0000, 0x0000, 0x0000,
  0x0000, 0x0000, 0x0000, 0x0000, 0x0000, 0x0000, 0x0000, 0x0000, 0x0000, 0x0000, 0x0000, 0x0000, 0x0000, 0x0000, 0x0000, 0x0000,
  0x0000, 0x0000, 0x0000, 0x0000, 0x0000, 0x0000, 0x0000, 0x0020, 0x0000, 0x18E4, 0x1905, 0x0000, 0x0021, 0x0020, 0x0020, 0x0000,
  0x0000, 0x0000, 0x0000, 0x0000, 0x0000, 0x0000, 0x0000, 0x0000, 0x0000, 0x0000, 0x0000, 0x0000, 0x0000, 0x0000, 0x0000, 0x0000,
  0x0000, 0x0000, 0x0000, 0x0000, 0x0000, 0x0000, 0x0000, 0x0000, 0x0000, 0x0000, 0x0000, 0x0000, 0x0020, 0x0000, 0x0000, 0x0000,
  0x0000, 0x0000, 0x0000, 0x0000, 0x0000, 0x0000, 0x0000, 0x0000, 0x0000, 0x0000, 0x0000, 0x0000, 0x0000, 0x0000, 0x0000, 0x0000,
  0x0000, 0x0000, 0x0000, 0x0000, 0x0000, 0x0000, 0x0000, 0x0000, 0x0000, 0x0000, 0x0000, 0x0000, 0x0000, 0x0000, 0x0000, 0x0000,
  0x0000, 0x0000, 0x0000, 0x0000, 0x0000, 0x0000, 0x0020, 0x0020, 0x0021, 0x0020, 0x0020, 0x0020, 0x0862, 0x0000, 0x4229, 0x8452,
  0x8432, 0x8432, 0x7C12, 0x7C12, 0x7C32, 0x8452, 0x8452, 0x8473, 0x8C93, 0x4229, 0x0000, 0x0862, 0x0020, 0x0021, 0x0020, 0x0020,
  0x0000, 0x0000, 0x0000, 0x0000, 0x0000, 0x0000, 0x0000, 0x0000, 0x0000, 0x0000, 0x0000, 0x0000, 0x0000, 0x0000, 0x0000, 0x0000,
  0x0000, 0x0000, 0x0000, 0x0000, 0x0000, 0x0000, 0x0000, 0x0000, 0x0000, 0x0020, 0x0000, 0x0000, 0x0000, 0x0020, 0x0020, 0x0000,
  0x0000, 0x0000, 0x0020, 0x0020, 0x0020, 0x0000, 0x0000, 0x0020, 0x0020, 0x0000, 0x0000, 0x0000, 0x0000, 0x0020, 0x0020, 0x0020,
  0x0000, 0x0000, 0x0000, 0x0020, 0x0020, 0x0020, 0x0020, 0x0020, 0x0020, 0x0020, 0x0000, 0x0021, 0x0000, 0x1905, 0x2125, 0x0000,
  0x0020, 0x0020, 0x0020, 0x0000, 0x0000, 0x0000, 0x0000, 0x0000, 0x0000, 0x0000, 0x0000, 0x0000, 0x0000, 0x0000, 0x0000, 0x0000,
  0x0000, 0x0000, 0x0000, 0x0000, 0x0000, 0x0000, 0x0000, 0x0000, 0x0000, 0x0000, 0x0000, 0x0000, 0x0000, 0x0000, 0x0000, 0x0000,
  0x0000, 0x0000, 0x0000, 0x0000, 0x0000, 0x0000, 0x0000, 0x0000, 0x0000, 0x0000, 0x0000, 0x0000, 0x0000, 0x0000, 0x0000, 0x0000,
  0x0000, 0x0000, 0x0000, 0x0000, 0x0000, 0x0000, 0x0000, 0x0000, 0x0000, 0x0000, 0x0000, 0x0000, 0x0000, 0x0000, 0x0000, 0x0000,
  0x0000, 0x0000, 0x0000, 0x0000, 0x0000, 0x0000, 0x0000, 0x0000, 0x0000, 0x0000, 0x0000, 0x0000, 0x0000, 0x0000, 0x0000, 0x0000,
  0x0000, 0x0000, 0x0000, 0x0000, 0x0000, 0x0000, 0x0000, 0x0000, 0x0000, 0x0000, 0x0000, 0x0000, 0x0000, 0x0000, 0x0000, 0x0000,
  0x0000, 0x0000, 0x0000, 0x0000, 0x0000, 0x0000, 0x0000, 0x0000, 0x0000, 0x0000, 0x0000, 0x0000, 0x0000, 0x0000, 0x0000, 0x0000,
  0x0000, 0x0000, 0x0000, 0x0000, 0x0000, 0x0000, 0x0000, 0x0000, 0x0000, 0x0000, 0x0000, 0x0000, 0x0000, 0x0000, 0x0000, 0x0000,
  0x0000, 0x0000, 0x0000, 0x0000, 0x0000, 0x0000, 0x0000, 0x0000, 0x0000, 0x0000, 0x0000, 0x0000, 0x0000, 0x0000, 0x0000, 0x0000,
  0x0000, 0x0000, 0x0000, 0x0000, 0x0000, 0x0020, 0x0000, 0x0000, 0x0021, 0x2125, 0x18E4, 0x0000, 0x0021, 0x0000, 0x0020, 0x0000,
  0x0000, 0x0000, 0x0000, 0x0000, 0x0000, 0x0000, 0x0000, 0x0000, 0x0000, 0x0000, 0x0000, 0x0000, 0x0000, 0x0000, 0x0000, 0x0000,
  0x0000, 0x0000, 0x0000, 0x0000, 0x0000, 0x0000, 0x0000, 0x0000, 0x0000, 0x0000, 0x0000, 0x0000, 0x0000, 0x0000, 0x0000, 0x0000,
  0x0000, 0x0000, 0x0000, 0x0000, 0x0000, 0x0000, 0x0000, 0x0000, 0x0000, 0x0000, 0x0000, 0x0000, 0x0000, 0x0000, 0x0000, 0x0000,
  0x0000, 0x0000, 0x0000, 0x0000, 0x0000, 0x0000, 0x0000, 0x0000, 0x0000, 0x0000, 0x0000, 0x0000, 0x0000, 0x0000, 0x0000, 0x0000,
  0x0000, 0x0000, 0x0000, 0x0000, 0x0000, 0x0000, 0x0000, 0x0041, 0x0020, 0x0020, 0x0020, 0x0021, 0x0021, 0x0000, 0x52CC, 0x634E,
  0x5AED, 0x52AB, 0x73D0, 0x7C32, 0x7C32, 0x8452, 0x8493, 0x8C93, 0x8CB4, 0x73D0, 0x0000, 0x0862, 0x0021, 0x0021, 0x0020, 0x0020,
  0x0000, 0x0000, 0x0000, 0x0000, 0x0000, 0x0000, 0x0000, 0x0000, 0x0000, 0x0000, 0x0000, 0x0000, 0x0000, 0x0000, 0x0000, 0x0000,
  0x0000, 0x0000, 0x0000, 0x0000, 0x0000, 0x0000, 0x0000, 0x0000, 0x0000, 0x0020, 0x0000, 0x0000, 0x0000, 0x0020, 0x0020, 0x0000,
  0x0020, 0x0020, 0x0020, 0x0020, 0x0020, 0x0000, 0x0000, 0x0020, 0x0020, 0x0000, 0x0000, 0x0000, 0x0020, 0x0000, 0x0020, 0x0020,
  0x0000, 0x0000, 0x0000, 0x0020, 0x0020, 0x0020, 0x0020, 0x0020, 0x0000, 0x0020, 0x0020, 0x0020, 0x0000, 0x10A3, 0x2146, 0x0861,
  0x0000, 0x0020, 0x0020, 0x0000, 0x0000, 0x0000, 0x0000, 0x0000, 0x0000, 0x0000, 0x0000, 0x0000, 0x0000, 0x0000, 0x0000, 0x0000,
  0x0000, 0x0000, 0x0000, 0x0000, 0x0000, 0x0000, 0x0000, 0x0000, 0x0000, 0x0000, 0x0000, 0x0000, 0x0000, 0x0000, 0x0000, 0x0000,
  0x0000, 0x0000, 0x0000, 0x0000, 0x0000, 0x0000, 0x0000, 0x0000, 0x0000, 0x0000, 0x0000, 0x0000, 0x0000, 0x0000, 0x0000, 0x0000,
  0x0000, 0x0000, 0x0000, 0x0000, 0x0000, 0x0000, 0x0000, 0x0000, 0x0000, 0x0000, 0x0000, 0x0000, 0x0000, 0x0000, 0x0000, 0x0000,
  0x0000, 0x0000, 0x0000, 0x0000, 0x0000, 0x0000, 0x0000, 0x0000, 0x0000, 0x0000, 0x0000, 0x0000, 0x0000, 0x0000, 0x0000, 0x0000,
  0x0000, 0x0000, 0x0000, 0x0000, 0x0000, 0x0000, 0x0000, 0x0000, 0x0000, 0x0000, 0x0000, 0x0000, 0x0000, 0x0000, 0x0000, 0x0000,
  0x0000, 0x0000, 0x0000, 0x0000, 0x0000, 0x0000, 0x0000, 0x0000, 0x0000, 0x0000, 0x0000, 0x0000, 0x0000, 0x0000, 0x0000, 0x0000,
  0x0000, 0x0000, 0x0000, 0x0000, 0x0000, 0x0000, 0x0000, 0x0000, 0x0000, 0x0000, 0x0000, 0x0000, 0x0000, 0x0000, 0x0000, 0x0000,
  0x0000, 0x0000, 0x0000, 0x0000, 0x0000, 0x0000, 0x0000, 0x0000, 0x0000, 0x0000, 0x0000, 0x0000, 0x0000, 0x0000, 0x0000, 0x0000,
  0x0000, 0x0000, 0x0000, 0x0000, 0x0000, 0x0020, 0x0020, 0x0000, 0x0882, 0x2146, 0x1083, 0x0000, 0x0021, 0x0000, 0x0020, 0x0000,
  0x0000, 0x0000, 0x0000, 0x0000, 0x0000, 0x0000, 0x0000, 0x0000, 0x0000, 0x0000, 0x0000, 0x0000, 0x0000, 0x0000, 0x0000, 0x0000,
  0x0000, 0x0000, 0x0000, 0x0000, 0x0000, 0x0000, 0x0000, 0x0000, 0x0000, 0x0000, 0x0000, 0x0000, 0x0000, 0x0000, 0x0000, 0x0000,
  0x0000, 0x0000, 0x0000, 0x0000, 0x0000, 0x0000, 0x0000, 0x0000, 0x0000, 0x0000, 0x0000, 0x0000, 0x0000, 0x0000, 0x0000, 0x0000,
  0x0000, 0x0000, 0x0000, 0x0000, 0x0000, 0x0000, 0x0000, 0x0000, 0x0000, 0x0000, 0x0000, 0x0000, 0x0000, 0x0000, 0x0000, 0x0000,
  0x0000, 0x0000, 0x0000, 0x0000, 0x0000, 0x0000, 0x0841, 0x0000, 0x0022, 0x0041, 0x0000, 0x0020, 0x0000, 0x0861, 0x0000, 0x0000,
  0x0000, 0x0000, 0x73F0, 0x7C32, 0x7C32, 0x73D0, 0x4A8B, 0x73F1, 0x8CB4, 0x94F5, 0x4A8B, 0x0000, 0x1082, 0x0021, 0x0021, 0x0020,
  0x0000, 0x0000, 0x0000, 0x0000, 0x0000, 0x0000, 0x0000, 0x0000, 0x0000, 0x0000, 0x0000, 0x0000, 0x0000, 0x0000, 0x0000, 0x0000,
  0x0000, 0x0000, 0x0000, 0x0000, 0x0000, 0x0000, 0x0000, 0x0000, 0x0000, 0x0000, 0x0000, 0x0000, 0x0000, 0x0000, 0x0000, 0x0000,
  0x0000, 0x0000, 0x0000, 0x0000, 0x0000, 0x0000, 0x0000, 0x0020, 0x0020, 0x0000, 0x0000, 0x0000, 0x0020, 0x0000, 0x0000, 0x0020,
  0x0000, 0x0000, 0x0000, 0x0020, 0x0020, 0x0020, 0x0000, 0x0000, 0x0000, 0x0020, 0x0020, 0x0020, 0x0000, 0x0862, 0x2146, 0x10A3,
  0x0000, 0x0020, 0x0020, 0x0020, 0x0000, 0x0000, 0x0000, 0x0000, 0x0000, 0x0000, 0x0000, 0x0000, 0x0000, 0x0000, 0x0000, 0x0000,
  0x0000, 0x0000, 0x0000, 0x0000, 0x0000, 0x0000, 0x0000, 0x0000, 0x0000, 0x0000, 0x0000, 0x0000, 0x0000, 0x0000, 0x0000, 0x0000,
  0x0000, 0x0000, 0x0000, 0x0000, 0x0000, 0x0000, 0x0000, 0x0000, 0x0000, 0x0000, 0x0000, 0x0000, 0x0000, 0x0000, 0x0000, 0x0000,
  0x0000, 0x0000, 0x0000, 0x0000, 0x0000, 0x0000, 0x0000, 0x0000, 0x0000, 0x0000, 0x0000, 0x0000, 0x0000, 0x0000, 0x0000, 0x0000,
  0x0000, 0x0000, 0x0000, 0x0000, 0x0000, 0x0000, 0x0000, 0x0000, 0x0000, 0x0000, 0x0000, 0x0000, 0x0000, 0x0000, 0x0000, 0x0000,
  0x0000, 0x0000, 0x0000, 0x0000, 0x0000, 0x0000, 0x0000, 0x0000, 0x0000, 0x0000, 0x0000, 0x0000, 0x0000, 0x0000, 0x0000, 0x0000,
  0x0000, 0x0000, 0x0000, 0x0000, 0x0000, 0x0000, 0x0000, 0x0000, 0x0000, 0x0000, 0x0000, 0x0000, 0x0000, 0x0000, 0x0000, 0x0000,
  0x0000, 0x0000, 0x0000, 0x0000, 0x0000, 0x0000, 0x0000, 0x0000, 0x0000, 0x0000, 0x0000, 0x0000, 0x0000, 0x0000, 0x0000, 0x0000,
  0x0000, 0x0000, 0x0000, 0x0000, 0x0000, 0x0000, 0x0000, 0x0000, 0x0000, 0x0000, 0x0000, 0x0000, 0x0000, 0x0000, 0x0000, 0x0000,
  0x0000, 0x0000, 0x0000, 0x0000, 0x0000, 0x0020, 0x0020, 0x0000, 0x18E4, 0x2146, 0x0841, 0x0000, 0x0021, 0x0000, 0x0000, 0x0000,
  0x0000, 0x0000, 0x0000, 0x0000, 0x0000, 0x0000, 0x0000, 0x0000, 0x0000, 0x0000, 0x0000, 0x0000, 0x0000, 0x0000, 0x0000, 0x0000,
  0x0000, 0x0000, 0x0000, 0x0000, 0x0000, 0x0000, 0x0000, 0x0000, 0x0000, 0x0000, 0x0000, 0x0000, 0x0000, 0x0000, 0x0000, 0x0000,
  0x0000, 0x0000, 0x0000, 0x0000, 0x0000, 0x0000, 0x0000, 0x0000, 0x0000, 0x0000, 0x0000, 0x0000, 0x0000, 0x0000, 0x0000, 0x0000,
  0x0000, 0x0000, 0x0000, 0x0000, 0x0000, 0x0000, 0x0000, 0x0000, 0x0000, 0x0000, 0x0000, 0x0000, 0x0000, 0x0000, 0x0000, 0x0000,
  0x0000, 0x0000, 0x0000, 0x0000, 0x0000, 0x0041, 0x0000, 0x2125, 0x8472, 0x39E8, 0x0000, 0x0861, 0x0020, 0x0000, 0x0041, 0x10A3,
  0x0000, 0x39E8, 0x7C32, 0x7C11, 0x8432, 0x634E, 0x0000, 0x0000, 0x4229, 0x73B0, 0x73B0, 0x0862, 0x0021, 0x0041, 0x0021, 0x0020,
  0x0020, 0x0020, 0x0021, 0x0000, 0x0000, 0x0000, 0x0000, 0x0000, 0x0000, 0x0000, 0x0000, 0x0000, 0x0000, 0x0000, 0x0000, 0x0000,
  0x0000, 0x0000, 0x0000, 0x0000, 0x0000, 0x0000, 0x0000, 0x0000, 0x0000, 0x0000, 0x0000, 0x0000, 0x0000, 0x0000, 0x0000, 0x0000,
  0x0000, 0x0000, 0x0000, 0x0000, 0x0000, 0x0000, 0x0000, 0x0000, 0x0000, 0x0000, 0x0000, 0x0000, 0x0000, 0x0000, 0x0000, 0x0000,
  0x0000, 0x0000, 0x0000, 0x0000, 0x0020, 0x0020, 0x0000, 0x0000, 0x0000, 0x0000, 0x0000, 0x0000, 0x0000, 0x0000, 0x2126, 0x18E4,
  0x0000, 0x0020, 0x0000, 0x0000, 0x0000, 0x0000, 0x0000, 0x0000, 0x0000, 0x0000, 0x0000, 0x0000, 0x0000, 0x0000, 0x0000, 0x0000,
  0x0000, 0x0000, 0x0000, 0x0000, 0x0000, 0x0000, 0x0000, 0x0000, 0x0000, 0x0000, 0x0000, 0x0000, 0x0000, 0x0000, 0x0000, 0x0000,
  0x0000, 0x0000, 0x0000, 0x0000, 0x0000, 0x0000, 0x0000, 0x0000, 0x0000, 0x0000, 0x0000, 0x0000, 0x0000, 0x0000, 0x0000, 0x0000,
  0x0000, 0x0000, 0x0000, 0x0000, 0x0000, 0x0000, 0x0000, 0x0000, 0x0000, 0x0000, 0x0000, 0x0000, 0x0000, 0x0000, 0x0000, 0x0000,
  0x0000, 0x0000, 0x0000, 0x0000, 0x0000, 0x0000, 0x0000, 0x0000, 0x0000, 0x0000, 0x0000, 0x0000, 0x0000, 0x0000, 0x0000, 0x0000,
  0x0000, 0x0000, 0x0000, 0x0000, 0x0000, 0x0000, 0x0000, 0x0000, 0x0000, 0x0000, 0x0000, 0x0000, 0x0000, 0x0000, 0x0000, 0x0000,
  0x0000, 0x0000, 0x0000, 0x0000, 0x0000, 0x0000, 0x0000, 0x0000, 0x0000, 0x0000, 0x0000, 0x0000, 0x0000, 0x0000, 0x0000, 0x0000,
  0x0000, 0x0000, 0x0000, 0x0000, 0x0000, 0x0000, 0x0000, 0x0000, 0x0000, 0x0000, 0x0000, 0x0000, 0x0000, 0x0000, 0x0000, 0x0000,
  0x0000, 0x0000, 0x0000, 0x0000, 0x0000, 0x0000, 0x0000, 0x0000, 0x0000, 0x0000, 0x0000, 0x0000, 0x0000, 0x0000, 0x0000, 0x0000,
  0x0000, 0x0000, 0x0000, 0x0000, 0x0000, 0x0020, 0x0020, 0x0000, 0x1905, 0x2125, 0x0000, 0x0020, 0x0000, 0x0000, 0x0000, 0x0000,
  0x0000, 0x0000, 0x0000, 0x0000, 0x0000, 0x0000, 0x0000, 0x0000, 0x0000, 0x0000, 0x0000, 0x0000, 0x0000, 0x0000, 0x0000, 0x0000,
  0x0000, 0x0000, 0x0000, 0x0000, 0x0000, 0x0000, 0x0000, 0x0000, 0x0000, 0x0000, 0x0000, 0x0000, 0x0000, 0x0000, 0x0000, 0x0000,
  0x0000, 0x0000, 0x0000, 0x0000, 0x0000, 0x0000, 0x0000, 0x0000, 0x0000, 0x0000, 0x0000, 0x0000, 0x0000, 0x0000, 0x0000, 0x0000,
  0x0000, 0x0000, 0x0000, 0x0000, 0x0000, 0x0000, 0x0000, 0x0000, 0x0000, 0x0000, 0x0000, 0x0000, 0x0000, 0x0000, 0x0000, 0x0000,
  0x0000, 0x0020, 0x0020, 0x0000, 0x0000, 0x1082, 0x0000, 0x73D0, 0xAD77, 0x634E, 0x0000, 0x10A3, 0x0020, 0x0021, 0x0020, 0x0862,
  0x0000, 0x4229, 0x8452, 0x7C11, 0x8452, 0x52EC, 0x0000, 0x10A3, 0x0000, 0x0000, 0x2145, 0x2104, 0x0000, 0x0841, 0x0021, 0x0020,
  0x0020, 0x0020, 0x0021, 0x0021, 0x0000, 0x0000, 0x0000, 0x0000, 0x0000, 0x0000, 0x0000, 0x0000, 0x0000, 0x0000, 0x0000, 0x0000,
  0x0000, 0x0000, 0x0000, 0x0000, 0x0000, 0x0000, 0x0000, 0x0000, 0x0000, 0x0000, 0x0000, 0x0000, 0x0000, 0x0000, 0x0000, 0x0000,
  0x0000, 0x0000, 0x0000, 0x0000, 0x0000, 0x0000, 0x0000, 0x0000, 0x0000, 0x0000, 0x0000, 0x0000, 0x0000, 0x0000, 0x0000, 0x0000,
  0x0000, 0x0000, 0x0000, 0x0000, 0x0000, 0x0000, 0x0000, 0x0000, 0x0000, 0x0000, 0x0000, 0x0000, 0x0020, 0x0000, 0x1905, 0x2125,
  0x0000, 0x0000, 0x0000, 0x0000, 0x0000, 0x0000, 0x0000, 0x0000, 0x0000, 0x0000, 0x0000, 0x0000, 0x0000, 0x0000, 0x0000, 0x0000,
  0x0000, 0x0000, 0x0000, 0x0000, 0x0000, 0x0000, 0x0000, 0x0000, 0x0000, 0x0000, 0x0000, 0x0000, 0x0000, 0x0000, 0x0000, 0x0000,
  0x0000, 0x0000, 0x0000, 0x0000, 0x0000, 0x0000, 0x0000, 0x0000, 0x0000, 0x0000, 0x0000, 0x0000, 0x0000, 0x0000, 0x0000, 0x0000,
  0x0000, 0x0000, 0x0000, 0x0000, 0x0000, 0x0000, 0x0000, 0x0000, 0x0000, 0x0000, 0x0000, 0x0000, 0x0000, 0x0000, 0x0000, 0x0000,
  0x0000, 0x0000, 0x0000, 0x0000, 0x0000, 0x0000, 0x0000, 0x0000, 0x0000, 0x0000, 0x0000, 0x0000, 0x0000, 0x0000, 0x0000, 0x0000,
  0x0000, 0x0000, 0x0000, 0x0000, 0x0000, 0x0000, 0x0000, 0x0000, 0x0000, 0x0000, 0x0000, 0x0000, 0x0000, 0x0000, 0x0000, 0x0000,
  0x0000, 0x0000, 0x0000, 0x0000, 0x0000, 0x0000, 0x0000, 0x0000, 0x0000, 0x0000, 0x0000, 0x0000, 0x0000, 0x0000, 0x0000, 0x0000,
  0x0000, 0x0000, 0x0000, 0x0000, 0x0000, 0x0000, 0x0000, 0x0000, 0x0000, 0x0000, 0x0000, 0x0000, 0x0000, 0x0000, 0x0000, 0x0000,
  0x0000, 0x0000, 0x0000, 0x0000, 0x0000, 0x0000, 0x0000, 0x0000, 0x0000, 0x0000, 0x0000, 0x0000, 0x0000, 0x0000, 0x0000, 0x0000,
  0x0000, 0x0000, 0x0000, 0x0000, 0x0000, 0x0000, 0x0000, 0x0021, 0x2125, 0x18C4, 0x0000, 0x0021, 0x0021, 0x0020, 0x0000, 0x0000,
  0x0000, 0x0000, 0x0000, 0x0000, 0x0000, 0x0000, 0x0000, 0x0000, 0x0000, 0x0000, 0x0000, 0x0000, 0x0000, 0x0000, 0x0000, 0x0000,
  0x0000, 0x0000, 0x0000, 0x0000, 0x0000, 0x0000, 0x0000, 0x0000, 0x0000, 0x0000, 0x0000, 0x0000, 0x0000, 0x0000, 0x0000, 0x0000,
  0x0000, 0x0000, 0x0000, 0x0000, 0x0000, 0x0000, 0x0000, 0x0000, 0x0000, 0x0000, 0x0000, 0x0000, 0x0000, 0x0000, 0x0000, 0x0000,
  0x0000, 0x0000, 0x0000, 0x0000, 0x0000, 0x0000, 0x0000, 0x0000, 0x0000, 0x0000, 0x0000, 0x0000, 0x0000, 0x0000, 0x0000, 0x0000,
  0x0000, 0x0000, 0x0020, 0x0000, 0x0862, 0x0000, 0x39E8, 0x94D4, 0x9D15, 0x8452, 0x0000, 0x0862, 0x0021, 0x0021, 0x0020, 0x0882,
  0x0000, 0x4A8B, 0x8452, 0x7C31, 0x8452, 0x4A8B, 0x0000, 0x0882, 0x0862, 0x1082, 0x0000, 0x0000, 0x0041, 0x0041, 0x0841, 0x0021,
  0x0020, 0x0020, 0x0021, 0x0021, 0x0020, 0x0020, 0x0000, 0x0000, 0x0000, 0x0000, 0x0000, 0x0000, 0x0000, 0x0000, 0x0000, 0x0000,
  0x0000, 0x0000, 0x0000, 0x0000, 0x0000, 0x0000, 0x0000, 0x0000, 0x0000, 0x0000, 0x0000, 0x0000, 0x0000, 0x0000, 0x0000, 0x0000,
  0x0000, 0x0000, 0x0000, 0x0000, 0x0000, 0x0000, 0x0000, 0x0000, 0x0000, 0x0000, 0x0000, 0x0000, 0x0000, 0x0000, 0x0000, 0x0000,
  0x0000, 0x0000, 0x0000, 0x0000, 0x0000, 0x0000, 0x0000, 0x0000, 0x0000, 0x0000, 0x0000, 0x0000, 0x0020, 0x0000, 0x10A3, 0x2146,
  0x0862, 0x0000, 0x0020, 0x0000, 0x0000, 0x0000, 0x0000, 0x0000, 0x0000, 0x0000, 0x0000, 0x0000, 0x0000, 0x0000, 0x0000, 0x0000,
  0x0000, 0x0000, 0x0000, 0x0000, 0x0000, 0x0000, 0x0000, 0x0000, 0x0000, 0x0000, 0x0000, 0x0000, 0x0000, 0x0000, 0x0000, 0x0000,
  0x0000, 0x0000, 0x0000, 0x0000, 0x0000, 0x0000, 0x0000, 0x0000, 0x0000, 0x0000, 0x0000, 0x0000, 0x0000, 0x0000, 0x0000, 0x0000,
  0x0000, 0x0000, 0x0000, 0x0000, 0x0000, 0x0000, 0x0000, 0x0000, 0x0000, 0x0000, 0x0000, 0x0000, 0x0000, 0x0000, 0x0000, 0x0000,
  0x0000, 0x0000, 0x0000, 0x0000, 0x0000, 0x0000, 0x0000, 0x0000, 0x0000, 0x0000, 0x0000, 0x0000, 0x0000, 0x0000, 0x0000, 0x0000,
  0x0000, 0x0000, 0x0000, 0x0000, 0x0000, 0x0000, 0x0000, 0x0000, 0x0000, 0x0000, 0x0000, 0x0000, 0x0000, 0x0000, 0x0000, 0x0000,
  0x0000, 0x0000, 0x0000, 0x0000, 0x0000, 0x0000, 0x0000, 0x0000, 0x0000, 0x0000, 0x0000, 0x0000, 0x0000, 0x0000, 0x0000, 0x0000,
  0x0000, 0x0000, 0x0000, 0x0000, 0x0000, 0x0000, 0x0000, 0x0000, 0x0000, 0x0000, 0x0000, 0x0000, 0x0000, 0x0000, 0x0000, 0x0000,
  0x0000, 0x0000, 0x0000, 0x0000, 0x0000, 0x0000, 0x0000, 0x0000, 0x0000, 0x0000, 0x0000, 0x0000, 0x0000, 0x0000, 0x0000, 0x0000,
  0x0000, 0x0000, 0x0000, 0x0000, 0x0000, 0x0020, 0x0000, 0x0882, 0x2125, 0x0882, 0x0000, 0x0021, 0x0020, 0x0020, 0x0020, 0x0000,
  0x0000, 0x0000, 0x0000, 0x0000, 0x0000, 0x0000, 0x0000, 0x0000, 0x0000, 0x0000, 0x0000, 0x0000, 0x0000, 0x0000, 0x0000, 0x0000,
  0x0000, 0x0000, 0x0000, 0x0000, 0x0000, 0x0000, 0x0000, 0x0000, 0x0000, 0x0000, 0x0000, 0x0000, 0x0000, 0x0000, 0x0000, 0x0000,
  0x0000, 0x0000, 0x0000, 0x0000, 0x0000, 0x0000, 0x0000, 0x0000, 0x0000, 0x0000, 0x0000, 0x0000, 0x0000, 0x0000, 0x0000, 0x0000,
  0x0000, 0x0000, 0x0000, 0x0000, 0x0000, 0x0000, 0x0000, 0x0000, 0x0000, 0x0000, 0x0000, 0x0000, 0x0000, 0x0000, 0x0000, 0x0000,
  0x0020, 0x0000, 0x0020, 0x0000, 0x1082, 0x0000, 0x73D0, 0x94F5, 0x94D4, 0x94F5, 0x424A, 0x0000, 0x0882, 0x0021, 0x0020, 0x0882,
  0x0000, 0x5AED, 0x8452, 0x7C31, 0x8452, 0x4A6A, 0x0000, 0x0862, 0x0000, 0x0020, 0x0841, 0x0041, 0x0041, 0x0841, 0x0862, 0x0862,
  0x0862, 0x0041, 0x0021, 0x0021, 0x0020, 0x0020, 0x0000, 0x0000, 0x0000, 0x0000, 0x0000, 0x0000, 0x0000, 0x0000, 0x0000, 0x0000,
  0x0000, 0x0000, 0x0000, 0x0000, 0x0000, 0x0000, 0x0000, 0x0000, 0x0000, 0x0000, 0x0000, 0x0000, 0x0000, 0x0000, 0x0000, 0x0000,
  0x0000, 0x0000, 0x0000, 0x0000, 0x0000, 0x0000, 0x0000, 0x0000, 0x0000, 0x0000, 0x0000, 0x0000, 0x0000, 0x0000, 0x0000, 0x0000,
  0x0000, 0x0000, 0x0000, 0x0000, 0x0000, 0x0000, 0x0000, 0x0000, 0x0000, 0x0000, 0x0000, 0x0000, 0x0000, 0x0000, 0x0842, 0x2146,
  0x10C3, 0x0000, 0x0021, 0x0000, 0x0000, 0x0000, 0x0000, 0x0000, 0x0000, 0x0000, 0x0000, 0x0000, 0x0000, 0x0000, 0x0000, 0x0000,
  0x0000, 0x0000, 0x0000, 0x0000, 0x0000, 0x0000, 0x0000, 0x0000, 0x0000, 0x0000, 0x0000, 0x0000, 0x0000, 0x0000, 0x0000, 0x0000,
  0x0000, 0x0000, 0x0000, 0x0000, 0x0000, 0x0000, 0x0000, 0x0000, 0x0000, 0x0000, 0x0000, 0x0000, 0x0000, 0x0000, 0x0000, 0x0000,
  0x0000, 0x0000, 0x0000, 0x0000, 0x0000, 0x0000, 0x0000, 0x0000, 0x0000, 0x0000, 0x0000, 0x0000, 0x0000, 0x0000, 0x0000, 0x0000,
  0x0000, 0x0000, 0x0000, 0x0000, 0x0000, 0x0000, 0x0000, 0x0000, 0x0000, 0x0000, 0x0000, 0x0000, 0x0000, 0x0000, 0x0000, 0x0000,
  0x0000, 0x0000, 0x0000, 0x0000, 0x0000, 0x0000, 0x0000, 0x0000, 0x0000, 0x0000, 0x0000, 0x0000, 0x0000, 0x0000, 0x0000, 0x0000,
  0x0000, 0x0000, 0x0000, 0x0000, 0x0000, 0x0000, 0x0000, 0x0000, 0x0000, 0x0000, 0x0000, 0x0000, 0x0000, 0x0000, 0x0000, 0x0000,
  0x0000, 0x0000, 0x0000, 0x0000, 0x0000, 0x0000, 0x0000, 0x0000, 0x0000, 0x0000, 0x0000, 0x0000, 0x0000, 0x0000, 0x0000, 0x0000,
  0x0000, 0x0000, 0x0000, 0x0000, 0x0000, 0x0000, 0x0000, 0x0000, 0x0000, 0x0000, 0x0000, 0x0000, 0x0000, 0x0000, 0x0000, 0x0000,
  0x0000, 0x0000, 0x0000, 0x0000, 0x0020, 0x0020, 0x0000, 0x10C4, 0x2125, 0x0041, 0x0000, 0x0020, 0x0020, 0x0020, 0x0020, 0x0020,
  0x0000, 0x0000, 0x0000, 0x0000, 0x0000, 0x0000, 0x0000, 0x0000, 0x0000, 0x0000, 0x0000, 0x0000, 0x0000, 0x0000, 0x0000, 0x0000,
  0x0000, 0x0000, 0x0000, 0x0000, 0x0000, 0x0000, 0x0000, 0x0000, 0x0000, 0x0000, 0x0000, 0x0000, 0x0000, 0x0000, 0x0000, 0x0000,
  0x0000, 0x0000, 0x0000, 0x0000, 0x0000, 0x0000, 0x0000, 0x0000, 0x0000, 0x0000, 0x0000, 0x0000, 0x0000, 0x0000, 0x0000, 0x0000,
  0x0000, 0x0000, 0x0000, 0x0000, 0x0000, 0x0000, 0x0000, 0x0000, 0x0000, 0x0000, 0x0000, 0x0000, 0x0000, 0x0000, 0x0000, 0x0020,
  0x0020, 0x0020, 0x0000, 0x0862, 0x0000, 0x424A, 0x94D4, 0x94D4, 0x94D4, 0x94F5, 0x7BF1, 0x0000, 0x10A3, 0x0000, 0x0021, 0x0882,
  0x0000, 0x5AEC, 0x8452, 0x7C31, 0x8452, 0x422A, 0x0000, 0x0862, 0x0020, 0x0020, 0x0021, 0x0021, 0x0041, 0x0862, 0x0882, 0x0882,
  0x0883, 0x0842, 0x0020, 0x0021, 0x0020, 0x0020, 0x0000, 0x0000, 0x0000, 0x0000, 0x0000, 0x0000, 0x0000, 0x0000, 0x0000, 0x0000,
  0x0000, 0x0000, 0x0000, 0x0000, 0x0000, 0x0000, 0x0000, 0x0000, 0x0000, 0x0000, 0x0000, 0x0000, 0x0000, 0x0000, 0x0000, 0x0000,
  0x0000, 0x0000, 0x0000, 0x0000, 0x0000, 0x0000, 0x0000, 0x0000, 0x0000, 0x0000, 0x0000, 0x0000, 0x0000, 0x0000, 0x0000, 0x0000,
  0x0000, 0x0000, 0x0000, 0x0000, 0x0000, 0x0000, 0x0000, 0x0000, 0x0000, 0x0000, 0x0000, 0x0000, 0x0000, 0x0000, 0x0000, 0x2146,
  0x2125, 0x0000, 0x0021, 0x0000, 0x0000, 0x0000, 0x0000, 0x0000, 0x0000, 0x0000, 0x0000, 0x0000, 0x0000, 0x0000, 0x0000, 0x0000,
  0x0000, 0x0000, 0x0000, 0x0000, 0x0000, 0x0000, 0x0000, 0x0000, 0x0000, 0x0000, 0x0000, 0x0000, 0x0000, 0x0000, 0x0000, 0x0000,
  0x0000, 0x0000, 0x0000, 0x0000, 0x0000, 0x0000, 0x0000, 0x0000, 0x0000, 0x0000, 0x0000, 0x0000, 0x0000, 0x0000, 0x0000, 0x0000,
  0x0000, 0x0000, 0x0000, 0x0000, 0x0000, 0x0000, 0x0000, 0x0000, 0x0000, 0x0000, 0x0000, 0x0000, 0x0000, 0x0000, 0x0000, 0x0000,
  0x0000, 0x0000, 0x0000, 0x0000, 0x0000, 0x0000, 0x0000, 0x0000, 0x0000, 0x0000, 0x0000, 0x0000, 0x0000, 0x0000, 0x0000, 0x0000,
  0x0000, 0x0000, 0x0000, 0x0000, 0x0000, 0x0000, 0x0000, 0x0000, 0x0000, 0x0000, 0x0000, 0x0000, 0x0000, 0x0000, 0x0000, 0x0000,
  0x0000, 0x0000, 0x0000, 0x0000, 0x0000, 0x0000, 0x0000, 0x0000, 0x0000, 0x0000, 0x0000, 0x0000, 0x0000, 0x0000, 0x0000, 0x0000,
  0x0000, 0x0000, 0x0000, 0x0000, 0x0000, 0x0000, 0x0000, 0x0000, 0x0000, 0x0000, 0x0000, 0x0000, 0x0000, 0x0000, 0x0000, 0x0000,
  0x0000, 0x0000, 0x0000, 0x0000, 0x0000, 0x0000, 0x0000, 0x0000, 0x0000, 0x0000, 0x0000, 0x0000, 0x0000, 0x0000, 0x0000, 0x0000,
  0x0000, 0x0000, 0x0000, 0x0020, 0x0020, 0x0020, 0x0000, 0x1905, 0x2125, 0x0000, 0x0021, 0x0020, 0x0020, 0x0020, 0x0020, 0x0020,
  0x0000, 0x0000, 0x0000, 0x0000, 0x0000, 0x0000, 0x0000, 0x0000, 0x0000, 0x0000, 0x0000, 0x0000, 0x0000, 0x0000, 0x0000, 0x0000,
  0x0000, 0x0000, 0x0000, 0x0000, 0x0000, 0x0000, 0x0000, 0x0000, 0x0000, 0x0000, 0x0000, 0x0000, 0x0000, 0x0000, 0x0000, 0x0000,
  0x0000, 0x0000, 0x0000, 0x0000, 0x0000, 0x0000, 0x0000, 0x0000, 0x0000, 0x0000, 0x0000, 0x0000, 0x0000, 0x0000, 0x0000, 0x0000,
  0x0000, 0x0000, 0x0000, 0x0000, 0x0000, 0x0000, 0x0000, 0x0000, 0x0000, 0x0000, 0x0000, 0x0000, 0x0000, 0x0020, 0x0020, 0x0020,
  0x0020, 0x0020, 0x0021, 0x0862, 0x0000, 0x7C31, 0x94F5, 0x8CB4, 0x94D4, 0x94D5, 0x94F5, 0x4A6A, 0x0000, 0x1082, 0x0000, 0x0882,
  0x0000, 0x4AAB, 0x8452, 0x7C31, 0x7C32, 0x3A09, 0x0000, 0x0862, 0x0020, 0x0000, 0x0020, 0x0021, 0x0041, 0x0882, 0x10A3, 0x10A3,
  0x10A3, 0x0862, 0x0000, 0x0020, 0x0000, 0x0001, 0x0000, 0x0000, 0x0000, 0x0000, 0x0000, 0x0000, 0x0000, 0x0000, 0x0000, 0x0000,
  0x0000, 0x0000, 0x0000, 0x0000, 0x0000, 0x0000, 0x0000, 0x0000, 0x0000, 0x0000, 0x0000, 0x0000, 0x0000, 0x0000, 0x0000, 0x0000,
  0x0000, 0x0000, 0x0000, 0x0000, 0x0000, 0x0000, 0x0000, 0x0000, 0x0000, 0x0000, 0x0000, 0x0000, 0x0000, 0x0000, 0x0000, 0x0000,
  0x0000, 0x0000, 0x0000, 0x0000, 0x0000, 0x0000, 0x0000, 0x0000, 0x0000, 0x0000, 0x0000, 0x0020, 0x0020, 0x0020, 0x0000, 0x1905,
  0x2946, 0x0000, 0x0000, 0x0020, 0x0020, 0x0000, 0x0000, 0x0000, 0x0000, 0x0000, 0x0000, 0x0000, 0x0000, 0x0000, 0x0000, 0x0000,
  0x0000, 0x0000, 0x0000, 0x0000, 0x0000, 0x0000, 0x0000, 0x0000, 0x0000, 0x0000, 0x0000, 0x0000, 0x0000, 0x0000, 0x0000, 0x0000,
  0x0000, 0x0000, 0x0000, 0x0000, 0x0000, 0x0000, 0x0000, 0x0000, 0x0000, 0x0000, 0x0000, 0x0000, 0x0000, 0x0000, 0x0000, 0x0000,
  0x0000, 0x0000, 0x0000, 0x0000, 0x0000, 0x0000, 0x0000, 0x0000, 0x0000, 0x0000, 0x0000, 0x0000, 0x0000, 0x0000, 0x0000, 0x0000,
  0x0000, 0x0000, 0x0000, 0x0000, 0x0000, 0x0000, 0x0000, 0x0000, 0x0000, 0x0000, 0x0000, 0x0000, 0x0000, 0x0000, 0x0000, 0x0000,
  0x0000, 0x0000, 0x0000, 0x0000, 0x0000, 0x0000, 0x0000, 0x0000, 0x0000, 0x0000, 0x0000, 0x0000, 0x0000, 0x0000, 0x0000, 0x0000,
  0x0000, 0x0000, 0x0000, 0x0000, 0x0000, 0x0000, 0x0000, 0x0000, 0x0000, 0x0000, 0x0000, 0x0000, 0x0000, 0x0000, 0x0000, 0x0000,
  0x0000, 0x0000, 0x0000, 0x0000, 0x0000, 0x0000, 0x0000, 0x0000, 0x0000, 0x0000, 0x0000, 0x0000, 0x0000, 0x0000, 0x0000, 0x0000,
  0x0000, 0x0000, 0x0000, 0x0000, 0x0000, 0x0000, 0x0000, 0x0000, 0x0000, 0x0000, 0x0000, 0x0000, 0x0000, 0x0000, 0x0000, 0x0000,
  0x0000, 0x0000, 0x0000, 0x0020, 0x0020, 0x0000, 0x0041, 0x2125, 0x18E4, 0x0000, 0x0021, 0x0020, 0x0020, 0x0020, 0x0020, 0x0000,
  0x0000, 0x0000, 0x0000, 0x0000, 0x0000, 0x0000, 0x0000, 0x0000, 0x0000, 0x0000, 0x0000, 0x0000, 0x0000, 0x0000, 0x0000, 0x0000,
  0x0000, 0x0000, 0x0000, 0x0000, 0x0000, 0x0000, 0x0000, 0x0000, 0x0000, 0x0000, 0x0000, 0x0000, 0x0000, 0x0000, 0x0000, 0x0000,
  0x0000, 0x0000, 0x0000, 0x0000, 0x0000, 0x0000, 0x0000, 0x0000, 0x0000, 0x0000, 0x0000, 0x0000, 0x0000, 0x0000, 0x0000, 0x0000,
  0x0000, 0x0000, 0x0000, 0x0000, 0x0000, 0x0000, 0x0000, 0x0000, 0x0000, 0x0000, 0x0000, 0x0000, 0x0020, 0x0020, 0x0021, 0x0020,
  0x0020, 0x0021, 0x0882, 0x0000, 0x4229, 0x94D5, 0x94D4, 0x94D4, 0x94D4, 0x8CB4, 0x94D5, 0x8452, 0x0000, 0x0000, 0x0021, 0x0882,
  0x0000, 0x4A8B, 0x8452, 0x7C11, 0x8432, 0x4A8B, 0x0000, 0x0862, 0x0000, 0x0000, 0x0000, 0x0000, 0x0841, 0x10A3, 0x10C3, 0x10C3,
  0x10C3, 0x0882, 0x0020, 0x0020, 0x0000, 0x0000, 0x0000, 0x0000, 0x0000, 0x0000, 0x0000, 0x0000, 0x0000, 0x0000, 0x0000, 0x0000,
  0x0000, 0x0000, 0x0000, 0x0000, 0x0000, 0x0000, 0x0000, 0x0000, 0x0000, 0x0000, 0x0000, 0x0000, 0x0000, 0x0000, 0x0000, 0x0000,
  0x0000, 0x0000, 0x0000, 0x0000, 0x0000, 0x0000, 0x0000, 0x0000, 0x0000, 0x0000, 0x0000, 0x0000, 0x0000, 0x0000, 0x0000, 0x0000,
  0x0000, 0x0000, 0x0000, 0x0000, 0x0000, 0x0000, 0x0000, 0x0000, 0x0000, 0x0000, 0x0000, 0x0000, 0x0000, 0x0000, 0x0000, 0x10A3,
  0x2967, 0x0882, 0x0000, 0x0020, 0x0020, 0x0000, 0x0000, 0x0000, 0x0000, 0x0000, 0x0000, 0x0000, 0x0000, 0x0000, 0x0000, 0x0000,
  0x0000, 0x0000, 0x0000, 0x0000, 0x0000, 0x0000, 0x0000, 0x0000, 0x0000, 0x0000, 0x0000, 0x0000, 0x0000, 0x0000, 0x0000, 0x0000,
  0x0000, 0x0000, 0x0000, 0x0000, 0x0000, 0x0000, 0x0000, 0x0000, 0x0000, 0x0000, 0x0000, 0x0000, 0x0000, 0x0000, 0x0000, 0x0000,
  0x0000, 0x0000, 0x0000, 0x0000, 0x0000, 0x0000, 0x0000, 0x0000, 0x0000, 0x0000, 0x0000, 0x0000, 0x0000, 0x0000, 0x0000, 0x0000,
  0x0000, 0x0000, 0x0000, 0x0000, 0x0000, 0x0000, 0x0000, 0x0000, 0x0000, 0x0000, 0x0000, 0x0000, 0x0000, 0x0000, 0x0000, 0x0000,
  0x0000, 0x0000, 0x0000, 0x0000, 0x0000, 0x0000, 0x0000, 0x0000, 0x0000, 0x0000, 0x0000, 0x0000, 0x0000, 0x0000, 0x0000, 0x0000,
  0x0000, 0x0000, 0x0000, 0x0000, 0x0000, 0x0000, 0x0000, 0x0000, 0x0000, 0x0000, 0x0000, 0x0000, 0x0000, 0x0000, 0x0000, 0x0000,
  0x0000, 0x0000, 0x0000, 0x0000, 0x0000, 0x0000, 0x0000, 0x0000, 0x0000, 0x0000, 0x0000, 0x0000, 0x0000, 0x0000, 0x0000, 0x0000,
  0x0000, 0x0000, 0x0000, 0x0000, 0x0000, 0x0000, 0x0000, 0x0000, 0x0000, 0x0000, 0x0000, 0x0000, 0x0000, 0x0000, 0x0000, 0x0000,
  0x0000, 0x0000, 0x0000, 0x0020, 0x0021, 0x0000, 0x0882, 0x2125, 0x1082, 0x0000, 0x0021, 0x0020, 0x0020, 0x0020, 0x0020, 0x0000,
  0x0000, 0x0000, 0x0000, 0x0000, 0x0000, 0x0000, 0x0000, 0x0000, 0x0000, 0x0000, 0x0000, 0x0000, 0x0000, 0x0000, 0x0000, 0x0000,
  0x0000, 0x0000, 0x0000, 0x0000, 0x0000, 0x0000, 0x0000, 0x0000, 0x0000, 0x0000, 0x0000, 0x0000, 0x0000, 0x0000, 0x0000, 0x0000,
  0x0000, 0x0000, 0x0000, 0x0000, 0x0000, 0x0000, 0x0000, 0x0000, 0x0000, 0x0000, 0x0000, 0x0000, 0x0000, 0x0000, 0x0000, 0x0000,
  0x0000, 0x0000, 0x0000, 0x0000, 0x0000, 0x0000, 0x0000, 0x0020, 0x0020, 0x0000, 0x0000, 0x0020, 0x0020, 0x0020, 0x0021, 0x0021,
  0x0021, 0x0021, 0x0882, 0x0000, 0x73D0, 0x9D15, 0x94B4, 0x94D4, 0x94D4, 0x94D4, 0x94D5, 0x94F5, 0x6B8F, 0x0000, 0x0862, 0x0862,
  0x0000, 0x4229, 0x8432, 0x7C11, 0x8452, 0x5B0D, 0x0000, 0x0882, 0x0000, 0x0000, 0x0000, 0x0000, 0x0020, 0x10C3, 0x18E4, 0x10E4,
  0x10C3, 0x10C3, 0x0021, 0x0020, 0x0020, 0x0000, 0x0000, 0x0000, 0x0000, 0x0000, 0x0000, 0x0000, 0x0000, 0x0000, 0x0000, 0x0000,
  0x0000, 0x0000, 0x0000, 0x0000, 0x0000, 0x0000, 0x0000, 0x0000, 0x0000, 0x0000, 0x0000, 0x0000, 0x0000, 0x0000, 0x0000, 0x0000,
  0x0000, 0x0000, 0x0000, 0x0000, 0x0000, 0x0000, 0x0000, 0x0000, 0x0000, 0x0000, 0x0000, 0x0000, 0x0000, 0x0000, 0x0000, 0x0000,
  0x0000, 0x0000, 0x0000, 0x0000, 0x0000, 0x0000, 0x0000, 0x0000, 0x0000, 0x0000, 0x0000, 0x0000, 0x0000, 0x0000, 0x0000, 0x0842,
  0x2967, 0x18E4, 0x0000, 0x0020, 0x0020, 0x0020, 0x0000, 0x0000, 0x0000, 0x0000, 0x0000, 0x0000, 0x0000, 0x0000, 0x0000, 0x0000,
  0x0000, 0x0000, 0x0000, 0x0000, 0x0000, 0x0000, 0x0000, 0x0000, 0x0000, 0x0000, 0x0000, 0x0000, 0x0000, 0x0000, 0x0000, 0x0000,
  0x0000, 0x0000, 0x0000, 0x0000, 0x0000, 0x0000, 0x0000, 0x0000, 0x0000, 0x0000, 0x0000, 0x0000, 0x0000, 0x0000, 0x0000, 0x0000,
  0x0000, 0x0000, 0x0000, 0x0000, 0x0000, 0x0000, 0x0000, 0x0000, 0x0000, 0x0000, 0x0000, 0x0000, 0x0000, 0x0000, 0x0000, 0x0000,
  0x0000, 0x0000, 0x0000, 0x0000, 0x0000, 0x0000, 0x0000, 0x0000, 0x0000, 0x0000, 0x0000, 0x0000, 0x0000, 0x0000, 0x0000, 0x0000,
  0x0000, 0x0000, 0x0000, 0x0000, 0x0000, 0x0000, 0x0000, 0x0000, 0x0000, 0x0000, 0x0000, 0x0000, 0x0000, 0x0000, 0x0000, 0x0000,
  0x0000, 0x0000, 0x0000, 0x0000, 0x0000, 0x0000, 0x0000, 0x0000, 0x0000, 0x0000, 0x0000, 0x0000, 0x0000, 0x0000, 0x0000, 0x0000,
  0x0000, 0x0000, 0x0000, 0x0000, 0x0000, 0x0000, 0x0000, 0x0000, 0x0000, 0x0000, 0x0000, 0x0000, 0x0000, 0x0000, 0x0000, 0x0000,
  0x0000, 0x0000, 0x0000, 0x0000, 0x0000, 0x0000, 0x0000, 0x0000, 0x0000, 0x0000, 0x0000, 0x0000, 0x0000, 0x0000, 0x0000, 0x0000,
  0x0000, 0x0000, 0x0000, 0x0000, 0x0020, 0x0000, 0x10C4, 0x2125, 0x0021, 0x0000, 0x0020, 0x0000, 0x0000, 0x0000, 0x0020, 0x0000,
  0x0000, 0x0000, 0x0000, 0x0000, 0x0000, 0x0000, 0x0000, 0x0000, 0x0000, 0x0000, 0x0000, 0x0000, 0x0000, 0x0000, 0x0000, 0x0000,
  0x0000, 0x0000, 0x0000, 0x0000, 0x0000, 0x0000, 0x0000, 0x0000, 0x0000, 0x0000, 0x0000, 0x0000, 0x0000, 0x0000, 0x0000, 0x0000,
  0x0000, 0x0000, 0x0000, 0x0000, 0x0000, 0x0000, 0x0000, 0x0000, 0x0000, 0x0000, 0x0000, 0x0000, 0x0000, 0x0000, 0x0000, 0x0000,
  0x0000, 0x0000, 0x0000, 0x0000, 0x0000, 0x0000, 0x0000, 0x0020, 0x0020, 0x0000, 0x0000, 0x0000, 0x0020, 0x0020, 0x0021, 0x0020,
  0x0021, 0x0021, 0x0000, 0x18E4, 0x5B0D, 0x4A6A, 0x4A6A, 0x8CB4, 0x94D5, 0x8473, 0x632E, 0x73D1, 0x8473, 0x4249, 0x0000, 0x1082,
  0x0000, 0x31C7, 0x7C32, 0x7C11, 0x8432, 0x6B6F, 0x0000, 0x0862, 0x0000, 0x0000, 0x0000, 0x0020, 0x0000, 0x10A3, 0x1905, 0x1904,
  0x18E4, 0x18E4, 0x0041, 0x0020, 0x0021, 0x0020, 0x0020, 0x0020, 0x0020, 0x0000, 0x0000, 0x0000, 0x0000, 0x0000, 0x0000, 0x0000,
  0x0000, 0x0000, 0x0000, 0x0000, 0x0000, 0x0000, 0x0000, 0x0000, 0x0000, 0x0000, 0x0000, 0x0000, 0x0000, 0x0000, 0x0000, 0x0000,
  0x0000, 0x0000, 0x0000, 0x0000, 0x0000, 0x0000, 0x0000, 0x0000, 0x0000, 0x0000, 0x0000, 0x0000, 0x0000, 0x0000, 0x0000, 0x0000,
  0x0000, 0x0000, 0x0000, 0x0000, 0x0000, 0x0000, 0x0000, 0x0000, 0x0000, 0x0000, 0x0000, 0x0000, 0x0000, 0x0000, 0x0000, 0x0000,
  0x2146, 0x2125, 0x0000, 0x0020, 0x0020, 0x0020, 0x0000, 0x0000, 0x0000, 0x0000, 0x0000, 0x0000, 0x0000, 0x0000, 0x0000, 0x0000,
  0x0000, 0x0000, 0x0000, 0x0000, 0x0000, 0x0000, 0x0000, 0x0000, 0x0000, 0x0000, 0x0000, 0x0000, 0x0000, 0x0000, 0x0000, 0x0000,
  0x0000, 0x0000, 0x0000, 0x0000, 0x0000, 0x0000, 0x0000, 0x0000, 0x0000, 0x0000, 0x0000, 0x0000, 0x0000, 0x0000, 0x0000, 0x0000,
  0x0000, 0x0000, 0x0000, 0x0000, 0x0000, 0x0000, 0x0000, 0x0000, 0x0000, 0x0000, 0x0000, 0x0000, 0x0000, 0x0000, 0x0000, 0x0000,
  0x0000, 0x0000, 0x0000, 0x0000, 0x0000, 0x0000, 0x0000, 0x0000, 0x0000, 0x0000, 0x0000, 0x0000, 0x0000, 0x0000, 0x0000, 0x0000,
  0x0000, 0x0000, 0x0000, 0x0000, 0x0000, 0x0000, 0x0000, 0x0000, 0x0000, 0x0000, 0x0000, 0x0000, 0x0000, 0x0000, 0x0000, 0x0000,
  0x0000, 0x0000, 0x0000, 0x0000, 0x0000, 0x0000, 0x0000, 0x0000, 0x0000, 0x0000, 0x0000, 0x0000, 0x0000, 0x0000, 0x0000, 0x0000,
  0x0000, 0x0000, 0x0000, 0x0000, 0x0000, 0x0000, 0x0000, 0x0000, 0x0000, 0x0000, 0x0000, 0x0000, 0x0000, 0x0000, 0x0000, 0x0000,
  0x0000, 0x0000, 0x0000, 0x0000, 0x0000, 0x0000, 0x0000, 0x0000, 0x0000, 0x0000, 0x0000, 0x0000, 0x0000, 0x0000, 0x0000, 0x0000,
  0x0000, 0x0000, 0x0000, 0x0020, 0x0000, 0x0000, 0x1905, 0x18E4, 0x0000, 0x0021, 0x0000, 0x0000, 0x0000, 0x0000, 0x0020, 0x0000,
  0x0000, 0x0000, 0x0000, 0x0000, 0x0000, 0x0000, 0x0000, 0x0000, 0x0000, 0x0000, 0x0000, 0x0000, 0x0000, 0x0000, 0x0000, 0x0000,
  0x0000, 0x0000, 0x0000, 0x0000, 0x0000, 0x0000, 0x0000, 0x0000, 0x0000, 0x0000, 0x0000, 0x0000, 0x0000, 0x0000, 0x0000, 0x0000,
  0x0000, 0x0000, 0x0000, 0x0000, 0x0000, 0x0000, 0x0000, 0x0000, 0x0000, 0x0000, 0x0000, 0x0000, 0x0000, 0x0000, 0x0000, 0x0000,
  0x0000, 0x0000, 0x0000, 0x0000, 0x0000, 0x0000, 0x0000, 0x0020, 0x0020, 0x0000, 0x0000, 0x0000, 0x0000, 0x0000, 0x0020, 0x0020,
  0x0020, 0x0020, 0x0020, 0x0000, 0x0000, 0x0000, 0x0000, 0x8432, 0x94D5, 0x8432, 0x0000, 0x0000, 0x1905, 0x2986, 0x0000, 0x0041,
  0x0000, 0x0882, 0x73F1, 0x7C32, 0x7C11, 0x7BF1, 0x2966, 0x0000, 0x0841, 0x0000, 0x0000, 0x0020, 0x0000, 0x0841, 0x2125, 0x1925,
  0x1904, 0x1904, 0x0862, 0x0021, 0x0021, 0x0020, 0x0020, 0x0020, 0x0020, 0x0000, 0x0000, 0x0000, 0x0000, 0x0000, 0x0000, 0x0000,
  0x0000, 0x0000, 0x0000, 0x0000, 0x0000, 0x0000, 0x0000, 0x0000, 0x0000, 0x0000, 0x0000, 0x0000, 0x0000, 0x0000, 0x0000, 0x0000,
  0x0000, 0x0000, 0x0000, 0x0000, 0x0000, 0x0000, 0x0000, 0x0000, 0x0000, 0x0000, 0x0000, 0x0000, 0x0000, 0x0000, 0x0000, 0x0000,
  0x0000, 0x0000, 0x0000, 0x0000, 0x0000, 0x0000, 0x0000, 0x0000, 0x0000, 0x0000, 0x0000, 0x0000, 0x0000, 0x0000, 0x0020, 0x0000,
  0x1905, 0x2146, 0x0000, 0x0000, 0x0020, 0x0020, 0x0020, 0x0000, 0x0000, 0x0000, 0x0000, 0x0000, 0x0000, 0x0000, 0x0000, 0x0000,
  0x0000, 0x0000, 0x0000, 0x0000, 0x0000, 0x0000, 0x0000, 0x0000, 0x0000, 0x0000, 0x0000, 0x0000, 0x0000, 0x0000, 0x0000, 0x0000,
  0x0000, 0x0000, 0x0000, 0x0000, 0x0000, 0x0000, 0x0000, 0x0000, 0x0000, 0x0000, 0x0000, 0x0000, 0x0000, 0x0000, 0x0000, 0x0000,
  0x0000, 0x0000, 0x0000, 0x0000, 0x0000, 0x0000, 0x0000, 0x0000, 0x0000, 0x0000, 0x0000, 0x0000, 0x0000, 0x0000, 0x0000, 0x0000,
  0x0000, 0x0000, 0x0000, 0x0000, 0x0000, 0x0000, 0x0000, 0x0000, 0x0000, 0x0000, 0x0000, 0x0000, 0x0000, 0x0000, 0x0000, 0x0000,
  0x0000, 0x0000, 0x0000, 0x0000, 0x0000, 0x0000, 0x0000, 0x0000, 0x0000, 0x0000, 0x0000, 0x0000, 0x0000, 0x0000, 0x0000, 0x0000,
  0x0000, 0x0000, 0x0000, 0x0000, 0x0000, 0x0000, 0x0000, 0x0000, 0x0000, 0x0000, 0x0000, 0x0000, 0x0000, 0x0000, 0x0000, 0x0000,
  0x0000, 0x0000, 0x0000, 0x0000, 0x0000, 0x0000, 0x0000, 0x0000, 0x0000, 0x0000, 0x0000, 0x0000, 0x0000, 0x0000, 0x0000, 0x0000,
  0x0000, 0x0000, 0x0000, 0x0000, 0x0000, 0x0000, 0x0000, 0x0000, 0x0000, 0x0000, 0x0000, 0x0000, 0x0000, 0x0000, 0x0000, 0x0000,
  0x0000, 0x0000, 0x0000, 0x0020, 0x0000, 0x0041, 0x1905, 0x10A3, 0x0000, 0x0021, 0x0000, 0x0000, 0x0000, 0x0000, 0x0020, 0x0000,
  0x0000, 0x0000, 0x0000, 0x0000, 0x0000, 0x0000, 0x0000, 0x0000, 0x0000, 0x0000, 0x0000, 0x0000, 0x0000, 0x0000, 0x0000, 0x0000,
  0x0000, 0x0000, 0x0000, 0x0000, 0x0000, 0x0000, 0x0000, 0x0000, 0x0000, 0x0000, 0x0000, 0x0000, 0x0000, 0x0000, 0x0000, 0x0000,
  0x0000, 0x0000, 0x0000, 0x0000, 0x0000, 0x0000, 0x0000, 0x0000, 0x0000, 0x0000, 0x0000, 0x0000, 0x0000, 0x0000, 0x0000, 0x0000,
  0x0000, 0x0000, 0x0000, 0x0000, 0x0000, 0x0000, 0x0000, 0x0000, 0x0000, 0x0000, 0x0000, 0x0000, 0x0000, 0x0000, 0x0000, 0x0000,
  0x0000, 0x0020, 0x0020, 0x0020, 0x0882, 0x18C3, 0x0000, 0x632E, 0x94B4, 0x8473, 0x31A7, 0x0000, 0x0000, 0x0000, 0x0021, 0x0000,
  0x0882, 0x0000, 0x5AEC, 0x7C32, 0x7BF1, 0x7C32, 0x5AEC, 0x0000, 0x0882, 0x0000, 0x0000, 0x0000, 0x0020, 0x0000, 0x1904, 0x2145,
  0x1925, 0x1925, 0x10C4, 0x0841, 0x0041, 0x0000, 0x0020, 0x0020, 0x0000, 0x0000, 0x0000, 0x0000, 0x0000, 0x0000, 0x0000, 0x0000,
  0x0000, 0x0000, 0x0000, 0x0000, 0x0000, 0x0000, 0x0000, 0x0000, 0x0000, 0x0000, 0x0000, 0x0000, 0x0000, 0x0000, 0x0000, 0x0000,
  0x0000, 0x0000, 0x0000, 0x0000, 0x0000, 0x0000, 0x0000, 0x0000, 0x0000, 0x0000, 0x0000, 0x0000, 0x0000, 0x0000, 0x0000, 0x0000,
  0x0000, 0x0000, 0x0000, 0x0000, 0x0000, 0x0000, 0x0000, 0x0000, 0x0000, 0x0000, 0x0000, 0x0000, 0x0000, 0x0000, 0x0020, 0x0000,
  0x10A3, 0x2146, 0x0862, 0x0000, 0x0021, 0x0020, 0x0020, 0x0000, 0x0000, 0x0000, 0x0000, 0x0000, 0x0000, 0x0000, 0x0000, 0x0000,
  0x0000, 0x0000, 0x0000, 0x0000, 0x0000, 0x0000, 0x0000, 0x0000, 0x0000, 0x0000, 0x0000, 0x0000, 0x0000, 0x0000, 0x0000, 0x0000,
  0x0000, 0x0000, 0x0000, 0x0000, 0x0000, 0x0000, 0x0000, 0x0000, 0x0000, 0x0000, 0x0000, 0x0000, 0x0000, 0x0000, 0x0000, 0x0000,
  0x0000, 0x0000, 0x0000, 0x0000, 0x0000, 0x0000, 0x0000, 0x0000, 0x0000, 0x0000, 0x0000, 0x0000, 0x0000, 0x0000, 0x0000, 0x0000,
  0x0000, 0x0000, 0x0000, 0x0000, 0x0000, 0x0000, 0x0000, 0x0000, 0x0000, 0x0000, 0x0000, 0x0000, 0x0000, 0x0000, 0x0000, 0x0000,
  0x0000, 0x0000, 0x0000, 0x0000, 0x0000, 0x0000, 0x0000, 0x0000, 0x0000, 0x0000, 0x0000, 0x0000, 0x0000, 0x0000, 0x0000, 0x0000,
  0x0000, 0x0000, 0x0000, 0x0000, 0x0000, 0x0000, 0x0000, 0x0000, 0x0000, 0x0000, 0x0000, 0x0000, 0x0000, 0x0000, 0x0000, 0x0000,
  0x0000, 0x0000, 0x0000, 0x0000, 0x0000, 0x0000, 0x0000, 0x0000, 0x0000, 0x0000, 0x0000, 0x0000, 0x0000, 0x0000, 0x0000, 0x0000,
  0x0000, 0x0000, 0x0000, 0x0000, 0x0000, 0x0000, 0x0000, 0x0000, 0x0000, 0x0000, 0x0000, 0x0000, 0x0000, 0x0000, 0x0000, 0x0000,
  0x0000, 0x0000, 0x0020, 0x0020, 0x0000, 0x1083, 0x2125, 0x0862, 0x0000, 0x0021, 0x0001, 0x0000, 0x0000, 0x0000, 0x0020, 0x0000,
  0x0000, 0x0000, 0x0000, 0x0000, 0x0000, 0x0000, 0x0000, 0x0000, 0x0000, 0x0000, 0x0000, 0x0000, 0x0000, 0x0000, 0x0000, 0x0000,
  0x0000, 0x0000, 0x0000, 0x0000, 0x0000, 0x0000, 0x0000, 0x0000, 0x0000, 0x0000, 0x0000, 0x0000, 0x0000, 0x0000, 0x0000, 0x0000,
  0x0000, 0x0000, 0x0000, 0x0000, 0x0000, 0x0000, 0x0000, 0x0000, 0x0000, 0x0000, 0x0000, 0x0000, 0x0000, 0x0000, 0x0000, 0x0000,
  0x0000, 0x0000, 0x0000, 0x0000, 0x0000, 0x0000, 0x0000, 0x0000, 0x0000, 0x0000, 0x0000, 0x0000, 0x0000, 0x0000, 0x0000, 0x0000,
  0x0000, 0x0020, 0x0020, 0x0000, 0x0000, 0x0841, 0x0000, 0x3187, 0x8432, 0x8C73, 0x4A8B, 0x0000, 0x1082, 0x0041, 0x0000, 0x0020,
  0x0841, 0x0000, 0x2946, 0x73F1, 0x7C11, 0x7BF1, 0x73D0, 0x2966, 0x0000, 0x0841, 0x0000, 0x0000, 0x0020, 0x0000, 0x10A3, 0x2146,
  0x2145, 0x2125, 0x2125, 0x1083, 0x0041, 0x0020, 0x0020, 0x0000, 0x0000, 0x0000, 0x0000, 0x0000, 0x0000, 0x0000, 0x0000, 0x0000,
  0x0000, 0x0000, 0x0000, 0x0000, 0x0000, 0x0000, 0x0000, 0x0000, 0x0000, 0x0000, 0x0000, 0x0000, 0x0000, 0x0000, 0x0000, 0x0000,
  0x0000, 0x0000, 0x0000, 0x0000, 0x0000, 0x0000, 0x0000, 0x0000, 0x0000, 0x0000, 0x0000, 0x0000, 0x0000, 0x0000, 0x0000, 0x0000,
  0x0000, 0x0000, 0x0000, 0x0000, 0x0000, 0x0000, 0x0000, 0x0000, 0x0000, 0x0000, 0x0000, 0x0000, 0x0000, 0x0000, 0x0020, 0x0000,
  0x0862, 0x2946, 0x10C3, 0x0000, 0x0021, 0x0020, 0x0020, 0x0000, 0x0000, 0x0000, 0x0000, 0x0000, 0x0000, 0x0000, 0x0000, 0x0000,
  0x0000, 0x0000, 0x0000, 0x0000, 0x0000, 0x0000, 0x0000, 0x0000, 0x0000, 0x0000, 0x0000, 0x0000, 0x0000, 0x0000, 0x0000, 0x0000,
  0x0000, 0x0000, 0x0000, 0x0000, 0x0000, 0x0000, 0x0000, 0x0000, 0x0000, 0x0000, 0x0000, 0x0000, 0x0000, 0x0000, 0x0000, 0x0000,
  0x0000, 0x0000, 0x0000, 0x0000, 0x0000, 0x0000, 0x0000, 0x0000, 0x0000, 0x0000, 0x0000, 0x0000, 0x0000, 0x0000, 0x0000, 0x0000,
  0x0000, 0x0000, 0x0000, 0x0000, 0x0000, 0x0000, 0x0000, 0x0000, 0x0000, 0x0000, 0x0000, 0x0000, 0x0000, 0x0000, 0x0000, 0x0000,
  0x0000, 0x0000, 0x0000, 0x0000, 0x0000, 0x0000, 0x0000, 0x0000, 0x0000, 0x0000, 0x0000, 0x0000, 0x0000, 0x0000, 0x0000, 0x0000,
  0x0000, 0x0000, 0x0000, 0x0000, 0x0000, 0x0000, 0x0000, 0x0000, 0x0000, 0x0000, 0x0000, 0x0000, 0x0000, 0x0000, 0x0000, 0x0000,
  0x0000, 0x0000, 0x0000, 0x0000, 0x0000, 0x0000, 0x0000, 0x0000, 0x0000, 0x0000, 0x0000, 0x0000, 0x0000, 0x0000, 0x0000, 0x0000,
  0x0000, 0x0000, 0x0000, 0x0000, 0x0000, 0x0000, 0x0000, 0x0000, 0x0000, 0x0000, 0x0000, 0x0000, 0x0000, 0x0000, 0x0000, 0x0000,
  0x0000, 0x0000, 0x0000, 0x0020, 0x0000, 0x18E4, 0x2125, 0x0021, 0x0000, 0x0020, 0x0001, 0x0000, 0x0000, 0x0020, 0x0020, 0x0000,
  0x0000, 0x0000, 0x0000, 0x0000, 0x0000, 0x0000, 0x0000, 0x0000, 0x0000, 0x0000, 0x0000, 0x0000, 0x0000, 0x0000, 0x0000, 0x0000,
  0x0000, 0x0000, 0x0000, 0x0000, 0x0000, 0x0000, 0x0000, 0x0000, 0x0000, 0x0000, 0x0000, 0x0000, 0x0000, 0x0000, 0x0000, 0x0000,
  0x0000, 0x0000, 0x0000, 0x0000, 0x0000, 0x0000, 0x0000, 0x0000, 0x0000, 0x0000, 0x0000, 0x0000, 0x0000, 0x0000, 0x0000, 0x0000,
  0x0000, 0x0000, 0x0000, 0x0000, 0x0000, 0x0000, 0x0000, 0x0000, 0x0000, 0x0000, 0x0000, 0x0000, 0x0000, 0x0000, 0x0000, 0x0000,
  0x0000, 0x0020, 0x0020, 0x0000, 0x0020, 0x0000, 0x0862, 0x0000, 0x5B0D, 0x7C32, 0x634E, 0x0000, 0x0862, 0x0020, 0x0020, 0x0020,
  0x0000, 0x0862, 0x0000, 0x52CC, 0x7C11, 0x73D0, 0x7C11, 0x632E, 0x0000, 0x0841, 0x0020, 0x0000, 0x0000, 0x0020, 0x0000, 0x18E4,
  0x2166, 0x2146, 0x2125, 0x18E4, 0x0862, 0x0000, 0x0020, 0x0000, 0x0000, 0x0000, 0x0000, 0x0000, 0x0000, 0x0000, 0x0000, 0x0000,
  0x0000, 0x0000, 0x0000, 0x0000, 0x0000, 0x0000, 0x0000, 0x0000, 0x0000, 0x0000, 0x0000, 0x0000, 0x0000, 0x0000, 0x0000, 0x0000,
  0x0000, 0x0000, 0x0000, 0x0000, 0x0000, 0x0000, 0x0000, 0x0000, 0x0000, 0x0000, 0x0000, 0x0000, 0x0000, 0x0000, 0x0000, 0x0000,
  0x0000, 0x0000, 0x0000, 0x0000, 0x0000, 0x0000, 0x0000, 0x0000, 0x0000, 0x0000, 0x0000, 0x0000, 0x0000, 0x0000, 0x0020, 0x0000,
  0x0000, 0x2146, 0x1905, 0x0000, 0x0021, 0x0020, 0x0020, 0x0000, 0x0000, 0x0000, 0x0000, 0x0000, 0x0000, 0x0000, 0x0000, 0x0000,
  0x0000, 0x0000, 0x0000, 0x0000, 0x0000, 0x0000, 0x0000, 0x0000, 0x0000, 0x0000, 0x0000, 0x0000, 0x0000, 0x0000, 0x0000, 0x0000,
  0x0000, 0x0000, 0x0000, 0x0000, 0x0000, 0x0000, 0x0000, 0x0000, 0x0000, 0x0000, 0x0000, 0x0000, 0x0000, 0x0000, 0x0000, 0x0000,
  0x0000, 0x0000, 0x0000, 0x0000, 0x0000, 0x0000, 0x0000, 0x0000, 0x0000, 0x0000, 0x0000, 0x0000, 0x0000, 0x0000, 0x0000, 0x0000,
  0x0000, 0x0000, 0x0000, 0x0000, 0x0000, 0x0000, 0x0000, 0x0000, 0x0000, 0x0000, 0x0000, 0x0000, 0x0000, 0x0000, 0x0000, 0x0000,
  0x0000, 0x0000, 0x0000, 0x0000, 0x0000, 0x0000, 0x0000, 0x0000, 0x0000, 0x0000, 0x0000, 0x0000, 0x0000, 0x0000, 0x0000, 0x0000,
  0x0000, 0x0000, 0x0000, 0x0000, 0x0000, 0x0000, 0x0000, 0x0000, 0x0000, 0x0000, 0x0000, 0x0000, 0x0000, 0x0000, 0x0000, 0x0000,
  0x0000, 0x0000, 0x0000, 0x0000, 0x0000, 0x0000, 0x0000, 0x0000, 0x0000, 0x0000, 0x0000, 0x0000, 0x0000, 0x0000, 0x0000, 0x0000,
  0x0000, 0x0000, 0x0000, 0x0000, 0x0000, 0x0000, 0x0000, 0x0000, 0x0000, 0x0000, 0x0000, 0x0000, 0x0000, 0x0000, 0x0000, 0x0000,
  0x0000, 0x0000, 0x0020, 0x0020, 0x0020, 0x2125, 0x18E4, 0x0000, 0x0021, 0x0000, 0x0001, 0x0000, 0x0000, 0x0020, 0x0020, 0x0000,
  0x0000, 0x0000, 0x0000, 0x0000, 0x0000, 0x0000, 0x0000, 0x0000, 0x0000, 0x0000, 0x0000, 0x0000, 0x0000, 0x0000, 0x0000, 0x0000,
  0x0000, 0x0000, 0x0000, 0x0000, 0x0000, 0x0000, 0x0000, 0x0000, 0x0000, 0x0000, 0x0000, 0x0000, 0x0000, 0x0000, 0x0000, 0x0000,
  0x0000, 0x0000, 0x0000, 0x0000, 0x0000, 0x0000, 0x0000, 0x0000, 0x0000, 0x0000, 0x0000, 0x0000, 0x0000, 0x0000, 0x0000, 0x0000,
  0x0000, 0x0000, 0x0000, 0x0000, 0x0000, 0x0000, 0x0000, 0x0000, 0x0000, 0x0000, 0x0000, 0x0000, 0x0000, 0x0000, 0x0000, 0x0000,
  0x0000, 0x0020, 0x0020, 0x0020, 0x0000, 0x0000, 0x0021, 0x0000, 0x1905, 0x636F, 0x6B90, 0x31A7, 0x0000, 0x0841, 0x0020, 0x0020,
  0x0020, 0x0021, 0x0020, 0x0000, 0x6B8F, 0x7C11, 0x73F1, 0x7C11, 0x4229, 0x0000, 0x0862, 0x0020, 0x0020, 0x0020, 0x0000, 0x0000,
  0x1905, 0x2146, 0x2125, 0x1905, 0x10A3, 0x0000, 0x0020, 0x0000, 0x0000, 0x0000, 0x0000, 0x0000, 0x0000, 0x0000, 0x0000, 0x0000,
  0x0000, 0x0000, 0x0000, 0x0000, 0x0000, 0x0000, 0x0000, 0x0000, 0x0000, 0x0000, 0x0000, 0x0000, 0x0000, 0x0000, 0x0000, 0x0000,
  0x0000, 0x0000, 0x0000, 0x0000, 0x0000, 0x0000, 0x0000, 0x0000, 0x0000, 0x0000, 0x0000, 0x0000, 0x0000, 0x0000, 0x0000, 0x0000,
  0x0000, 0x0000, 0x0000, 0x0000, 0x0000, 0x0000, 0x0000, 0x0000, 0x0000, 0x0000, 0x0000, 0x0000, 0x0000, 0x0000, 0x0020, 0x0020,
  0x0000, 0x1905, 0x2146, 0x0020, 0x0020, 0x0020, 0x0000, 0x0000, 0x0000, 0x0000, 0x0000, 0x0000, 0x0000, 0x0000, 0x0000, 0x0000,
  0x0000, 0x0000, 0x0000, 0x0000, 0x0000, 0x0000, 0x0000, 0x0000, 0x0000, 0x0000, 0x0000, 0x0000, 0x0000, 0x0000, 0x0000, 0x0000,
  0x0000, 0x0000, 0x0000, 0x0000, 0x0000, 0x0000, 0x0000, 0x0000, 0x0000, 0x0000, 0x0000, 0x0000, 0x0000, 0x0000, 0x0000, 0x0000,
  0x0000, 0x0000, 0x0000, 0x0000, 0x0000, 0x0000, 0x0000, 0x0000, 0x0000, 0x0000, 0x0000, 0x0000, 0x0000, 0x0000, 0x0000, 0x0000,
  0x0000, 0x0000, 0x0000, 0x0000, 0x0000, 0x0000, 0x0000, 0x0000, 0x0000, 0x0000, 0x0000, 0x0000, 0x0000, 0x0000, 0x0000, 0x0000,
  0x0000, 0x0000, 0x0000, 0x0000, 0x0000, 0x0000, 0x0000, 0x0000, 0x0000, 0x0000, 0x0000, 0x0000, 0x0000, 0x0000, 0x0000, 0x0000,
  0x0000, 0x0000, 0x0000, 0x0000, 0x0000, 0x0000, 0x0000, 0x0000, 0x0000, 0x0000, 0x0000, 0x0000, 0x0000, 0x0000, 0x0000, 0x0000,
  0x0000, 0x0000, 0x0000, 0x0000, 0x0000, 0x0000, 0x0000, 0x0000, 0x0000, 0x0000, 0x0000, 0x0000, 0x0000, 0x0000, 0x0000, 0x0000,
  0x0000, 0x0000, 0x0000, 0x0000, 0x0000, 0x0000, 0x0000, 0x0000, 0x0000, 0x0000, 0x0000, 0x0000, 0x0000, 0x0000, 0x0000, 0x0000,
  0x0000, 0x0000, 0x0020, 0x0000, 0x0862, 0x2146, 0x10A3, 0x0000, 0x0020, 0x0020, 0x0000, 0x0000, 0x0021, 0x0020, 0x0020, 0x0020,
  0x0000, 0x0000, 0x0000, 0x0000, 0x0000, 0x0000, 0x0000, 0x0000, 0x0000, 0x0000, 0x0000, 0x0000, 0x0000, 0x0000, 0x0000, 0x0000,
  0x0000, 0x0000, 0x0000, 0x0000, 0x0000, 0x0000, 0x0000, 0x0000, 0x0000, 0x0000, 0x0000, 0x0000, 0x0000, 0x0000, 0x0000, 0x0000,
  0x0000, 0x0000, 0x0000, 0x0000, 0x0000, 0x0000, 0x0000, 0x0000, 0x0000, 0x0000, 0x0000, 0x0000, 0x0000, 0x0000, 0x0000, 0x0000,
  0x0000, 0x0000, 0x0000, 0x0000, 0x0000, 0x0000, 0x0000, 0x0000, 0x0000, 0x0000, 0x0000, 0x0000, 0x0000, 0x0000, 0x0000, 0x0000,
  0x0000, 0x0000, 0x0000, 0x0000, 0x0000, 0x0000, 0x0000, 0x0862, 0x0000, 0x3A09, 0x634F, 0x52AC, 0x0000, 0x0021, 0x0021, 0x0020,
  0x0020, 0x0000, 0x0861, 0x0000, 0x31A7, 0x7BF1, 0x7BF1, 0x7C11, 0x6B8F, 0x0000, 0x0021, 0x0021, 0x0020, 0x0020, 0x0021, 0x0000,
  0x0862, 0x2145, 0x2125, 0x1905, 0x1904, 0x0021, 0x0000, 0x0000, 0x0000, 0x0000, 0x0000, 0x0000, 0x0000, 0x0000, 0x0000, 0x0000,
  0x0000, 0x0000, 0x0000, 0x0000, 0x0000, 0x0000, 0x0000, 0x0000, 0x0000, 0x0000, 0x0000, 0x0000, 0x0000, 0x0000, 0x0000, 0x0000,
  0x0000, 0x0000, 0x0000, 0x0000, 0x0000, 0x0000, 0x0000, 0x0000, 0x0000, 0x0000, 0x0000, 0x0000, 0x0000, 0x0000, 0x0000, 0x0000,
  0x0000, 0x0000, 0x0000, 0x0000, 0x0000, 0x0000, 0x0000, 0x0000, 0x0000, 0x0000, 0x0000, 0x0000, 0x0000, 0x0000, 0x0020, 0x0020,
  0x0000, 0x10A3, 0x2967, 0x0882, 0x0000, 0x0020, 0x0000, 0x0000, 0x0000, 0x0000, 0x0000, 0x0020, 0x0000, 0x0000, 0x0000, 0x0000,
  0x0000, 0x0000, 0x0000, 0x0000, 0x0000, 0x0000, 0x0000, 0x0000, 0x0000, 0x0000, 0x0000, 0x0000, 0x0000, 0x0000, 0x0000, 0x0000,
  0x0000, 0x0000, 0x0000, 0x0000, 0x0000, 0x0000, 0x0000, 0x0000, 0x0000, 0x0000, 0x0000, 0x0000, 0x0000, 0x0000, 0x0000, 0x0000,
  0x0000, 0x0000, 0x0000, 0x0000, 0x0000, 0x0000, 0x0000, 0x0000, 0x0000, 0x0000, 0x0000, 0x0000, 0x0000, 0x0000, 0x0000, 0x0000,
  0x0000, 0x0000, 0x0000, 0x0000, 0x0000, 0x0000, 0x0000, 0x0000, 0x0000, 0x0000, 0x0000, 0x0000, 0x0000, 0x0000, 0x0000, 0x0000,
  0x0000, 0x0000, 0x0000, 0x0000, 0x0000, 0x0000, 0x0000, 0x0000, 0x0000, 0x0000, 0x0000, 0x0000, 0x0000, 0x0000, 0x0000, 0x0000,
  0x0000, 0x0000, 0x0000, 0x0000, 0x0000, 0x0000, 0x0000, 0x0000, 0x0000, 0x0000, 0x0000, 0x0000, 0x0000, 0x0000, 0x0000, 0x0000,
  0x0000, 0x0000, 0x0000, 0x0000, 0x0000, 0x0000, 0x0000, 0x0000, 0x0000, 0x0000, 0x0000, 0x0000, 0x0000, 0x0000, 0x0000, 0x0000,
  0x0000, 0x0000, 0x0000, 0x0000, 0x0000, 0x0000, 0x0000, 0x0000, 0x0000, 0x0000, 0x0000, 0x0000, 0x0000, 0x0000, 0x0000, 0x0000,
  0x0000, 0x0000, 0x0020, 0x0000, 0x10A3, 0x2146, 0x0862, 0x0000, 0x0020, 0x0020, 0x0000, 0x0000, 0x0021, 0x0020, 0x0020, 0x0000,
  0x0000, 0x0000, 0x0000, 0x0000, 0x0000, 0x0000, 0x0000, 0x0000, 0x0000, 0x0000, 0x0000, 0x0000, 0x0000, 0x0000, 0x0000, 0x0000,
  0x0000, 0x0000, 0x0000, 0x0000, 0x0000, 0x0000, 0x0000, 0x0000, 0x0000, 0x0000, 0x0000, 0x0000, 0x0000, 0x0000, 0x0000, 0x0000,
  0x0000, 0x0000, 0x0000, 0x0000, 0x0000, 0x0000, 0x0000, 0x0000, 0x0000, 0x0000, 0x0000, 0x0000, 0x0000, 0x0000, 0x0000, 0x0000,
  0x0000, 0x0000, 0x0000, 0x0000, 0x0000, 0x0000, 0x0000, 0x0000, 0x0000, 0x0000, 0x0000, 0x0000, 0x0000, 0x0000, 0x0000, 0x0000,
  0x0000, 0x0000, 0x0000, 0x0000, 0x0000, 0x0000, 0x0000, 0x0021, 0x0841, 0x0000, 0x424A, 0x52CC, 0x31C8, 0x0000, 0x0841, 0x0020,
  0x0000, 0x0000, 0x0000, 0x0882, 0x0000, 0x5AEC, 0x7C32, 0x7BF1, 0x7C11, 0x39E8, 0x0000, 0x0862, 0x0021, 0x0021, 0x0021, 0x0020,
  0x0021, 0x2125, 0x2145, 0x2125, 0x2125, 0x0862, 0x0000, 0x0000, 0x0000, 0x0000, 0x0000, 0x0000, 0x0000, 0x0000, 0x0000, 0x0000,
  0x0000, 0x0000, 0x0000, 0x0000, 0x0000, 0x0000, 0x0000, 0x0000, 0x0000, 0x0000, 0x0000, 0x0000, 0x0000, 0x0000, 0x0000, 0x0000,
  0x0000, 0x0000, 0x0000, 0x0000, 0x0000, 0x0000, 0x0000, 0x0000, 0x0000, 0x0000, 0x0000, 0x0000, 0x0000, 0x0000, 0x0000, 0x0000,
  0x0000, 0x0000, 0x0000, 0x0000, 0x0000, 0x0000, 0x0000, 0x0000, 0x0000, 0x0000, 0x0000, 0x0000, 0x0000, 0x0000, 0x0020, 0x0020,
  0x0000, 0x0842, 0x2946, 0x18C4, 0x0000, 0x0020, 0x0000, 0x0000, 0x0000, 0x0000, 0x0000, 0x0020, 0x0000, 0x0000, 0x0000, 0x0000,
  0x0000, 0x0000, 0x0000, 0x0000, 0x0000, 0x0000, 0x0000, 0x0000, 0x0000, 0x0000, 0x0000, 0x0000, 0x0000, 0x0000, 0x0000, 0x0000,
  0x0000, 0x0000, 0x0000, 0x0000, 0x0000, 0x0000, 0x0000, 0x0000, 0x0000, 0x0000, 0x0000, 0x0000, 0x0000, 0x0000, 0x0000, 0x0000,
  0x0000, 0x0000, 0x0000, 0x0000, 0x0000, 0x0000, 0x0000, 0x0000, 0x0000, 0x0000, 0x0000, 0x0000, 0x0000, 0x0000, 0x0000, 0x0000,
  0x0000, 0x0000, 0x0000, 0x0000, 0x0000, 0x0000, 0x0000, 0x0000, 0x0000, 0x0000, 0x0000, 0x0000, 0x0000, 0x0000, 0x0000, 0x0000,
  0x0000, 0x0000, 0x0000, 0x0000, 0x0000, 0x0000, 0x0000, 0x0000, 0x0000, 0x0000, 0x0000, 0x0000, 0x0000, 0x0000, 0x0000, 0x0000,
  0x0000, 0x0000, 0x0000, 0x0000, 0x0000, 0x0000, 0x0000, 0x0000, 0x0000, 0x0000, 0x0000, 0x0000, 0x0000, 0x0000, 0x0000, 0x0000,
  0x0000, 0x0000, 0x0000, 0x0000, 0x0000, 0x0000, 0x0000, 0x0000, 0x0000, 0x0000, 0x0000, 0x0000, 0x0000, 0x0000, 0x0000, 0x0000,
  0x0000, 0x0000, 0x0000, 0x0000, 0x0000, 0x0000, 0x0000, 0x0000, 0x0000, 0x0000, 0x0000, 0x0000, 0x0000, 0x0000, 0x0000, 0x0000,
  0x0000, 0x0000, 0x0020, 0x0000, 0x1905, 0x2126, 0x0000, 0x0020, 0x0020, 0x0020, 0x0020, 0x0000, 0x0001, 0x0020, 0x0020, 0x0000,
  0x0000, 0x0000, 0x0000, 0x0000, 0x0000, 0x0000, 0x0000, 0x0000, 0x0000, 0x0000, 0x0000, 0x0000, 0x0000, 0x0000, 0x0000, 0x0000,
  0x0000, 0x0000, 0x0000, 0x0000, 0x0000, 0x0000, 0x0000, 0x0000, 0x0000, 0x0000, 0x0000, 0x0000, 0x0000, 0x0000, 0x0000, 0x0000,
  0x0000, 0x0000, 0x0000, 0x0000, 0x0000, 0x0000, 0x0000, 0x0000, 0x0000, 0x0000, 0x0000, 0x0000, 0x0000, 0x0000, 0x0000, 0x0000,
  0x0000, 0x0000, 0x0000, 0x0000, 0x0000, 0x0000, 0x0000, 0x0000, 0x0000, 0x0000, 0x0000, 0x0000, 0x0000, 0x0000, 0x0000, 0x0000,
  0x0000, 0x0000, 0x0000, 0x0000, 0x0000, 0x0000, 0x0020, 0x0020, 0x0021, 0x0000, 0x0841, 0x424A, 0x4A8B, 0x2146, 0x0000, 0x0841,
  0x0020, 0x0021, 0x0021, 0x0841, 0x0000, 0x2945, 0x7C11, 0x7C11, 0x7C32, 0x5B0D, 0x0000, 0x0862, 0x0021, 0x0021, 0x0021, 0x0021,
  0x0021, 0x2125, 0x2146, 0x2146, 0x2145, 0x1083, 0x0000, 0x0000, 0x0000, 0x0000, 0x0000, 0x0000, 0x0000, 0x0000, 0x0000, 0x0000,
  0x0000, 0x0000, 0x0000, 0x0000, 0x0000, 0x0000, 0x0000, 0x0000, 0x0000, 0x0000, 0x0000, 0x0000, 0x0000, 0x0000, 0x0000, 0x0000,
  0x0000, 0x0000, 0x0000, 0x0000, 0x0000, 0x0000, 0x0000, 0x0000, 0x0000, 0x0000, 0x0000, 0x0000, 0x0000, 0x0000, 0x0000, 0x0000,
  0x0000, 0x0000, 0x0000, 0x0000, 0x0000, 0x0000, 0x0000, 0x0000, 0x0000, 0x0000, 0x0000, 0x0000, 0x0000, 0x0020, 0x0020, 0x0020,
  0x0000, 0x0000, 0x2126, 0x2125, 0x0000, 0x0020, 0x0000, 0x0000, 0x0000, 0x0000, 0x0000, 0x0020, 0x0000, 0x0000, 0x0000, 0x0000,
  0x0000, 0x0000, 0x0000, 0x0000, 0x0000, 0x0000, 0x0000, 0x0000, 0x0000, 0x0000, 0x0000, 0x0000, 0x0000, 0x0000, 0x0000, 0x0000,
  0x0000, 0x0000, 0x0000, 0x0000, 0x0000, 0x0000, 0x0000, 0x0000, 0x0000, 0x0000, 0x0000, 0x0000, 0x0000, 0x0000, 0x0000, 0x0000,
  0x0000, 0x0000, 0x0000, 0x0000, 0x0000, 0x0000, 0x0000, 0x0000, 0x0000, 0x0000, 0x0000, 0x0000, 0x0000, 0x0000, 0x0000, 0x0000,
  0x0000, 0x0000, 0x0000, 0x0000, 0x0000, 0x0000, 0x0000, 0x0000, 0x0000, 0x0000, 0x0000, 0x0000, 0x0000, 0x0000, 0x0000, 0x0000,
  0x0000, 0x0000, 0x0000, 0x0000, 0x0000, 0x0000, 0x0000, 0x0000, 0x0000, 0x0000, 0x0000, 0x0000, 0x0000, 0x0000, 0x0000, 0x0000,
  0x0000, 0x0000, 0x0000, 0x0000, 0x0000, 0x0000, 0x0000, 0x0000, 0x0000, 0x0000, 0x0000, 0x0000, 0x0000, 0x0000, 0x0000, 0x0000,
  0x0000, 0x0000, 0x0000, 0x0000, 0x0000, 0x0000, 0x0000, 0x0000, 0x0000, 0x0000, 0x0000, 0x0000, 0x0000, 0x0000, 0x0000, 0x0000,
  0x0000, 0x0000, 0x0000, 0x0000, 0x0000, 0x0000, 0x0000, 0x0000, 0x0000, 0x0000, 0x0000, 0x0000, 0x0000, 0x0000, 0x0000, 0x0000,
  0x0000, 0x0020, 0x0000, 0x0020, 0x2126, 0x1905, 0x0000, 0x0021, 0x0020, 0x0020, 0x0020, 0x0000, 0x0001, 0x0020, 0x0000, 0x0000,
  0x0000, 0x0000, 0x0000, 0x0000, 0x0000, 0x0000, 0x0000, 0x0000, 0x0000, 0x0000, 0x0000, 0x0000, 0x0000, 0x0000, 0x0000, 0x0000,
  0x0000, 0x0000, 0x0000, 0x0000, 0x0000, 0x0000, 0x0000, 0x0000, 0x0000, 0x0000, 0x0000, 0x0000, 0x0000, 0x0000, 0x0000, 0x0000,
  0x0000, 0x0000, 0x0000, 0x0000, 0x0000, 0x0000, 0x0000, 0x0000, 0x0000, 0x0000, 0x0000, 0x0000, 0x0000, 0x0000, 0x0000, 0x0000,
  0x0000, 0x0000, 0x0000, 0x0000, 0x0000, 0x0000, 0x0000, 0x0000, 0x0000, 0x0000, 0x0000, 0x0000, 0x0000, 0x0000, 0x0000, 0x0000,
  0x0000, 0x0000, 0x0000, 0x0000, 0x0000, 0x0000, 0x0000, 0x0020, 0x0020, 0x0041, 0x0000, 0x10C3, 0x422A, 0x426A, 0x2125, 0x0000,
  0x0841, 0x0021, 0x0041, 0x0841, 0x10A3, 0x0000, 0x6B6E, 0x7C32, 0x7C11, 0x73D0, 0x0862, 0x0021, 0x0842, 0x0841, 0x0841, 0x0841,
  0x0041, 0x2146, 0x2966, 0x2166, 0x2966, 0x10A3, 0x0000, 0x0000, 0x0000, 0x0000, 0x0000, 0x0000, 0x0000, 0x0000, 0x0000, 0x0000,
  0x0000, 0x0000, 0x0000, 0x0000, 0x0000, 0x0000, 0x0000, 0x0000, 0x0000, 0x0000, 0x0000, 0x0000, 0x0000, 0x0000, 0x0000, 0x0000,
  0x0000, 0x0000, 0x0000, 0x0000, 0x0000, 0x0000, 0x0000, 0x0000, 0x0000, 0x0000, 0x0000, 0x0000, 0x0000, 0x0000, 0x0000, 0x0000,
  0x0000, 0x0000, 0x0000, 0x0000, 0x0000, 0x0000, 0x0000, 0x0000, 0x0000, 0x0000, 0x0000, 0x0000, 0x0000, 0x0000, 0x0000, 0x0000,
  0x0020, 0x0000, 0x1905, 0x2146, 0x0000, 0x0000, 0x0000, 0x0000, 0x0000, 0x0000, 0x0000, 0x0000, 0x0000, 0x0000, 0x0000, 0x0000,
  0x0000, 0x0000, 0x0000, 0x0000, 0x0000, 0x0000, 0x0000, 0x0000, 0x0000, 0x0000, 0x0000, 0x0000, 0x0000, 0x0000, 0x0000, 0x0000,
  0x0000, 0x0000, 0x0000, 0x0000, 0x0000, 0x0000, 0x0000, 0x0000, 0x0000, 0x0000, 0x0000, 0x0000, 0x0000, 0x0000, 0x0000, 0x0000,
  0x0000, 0x0000, 0x0000, 0x0000, 0x0000, 0x0000, 0x0000, 0x0000, 0x0000, 0x0000, 0x0000, 0x0000, 0x0000, 0x0000, 0x0000, 0x0000,
  0x0000, 0x0000, 0x0000, 0x0000, 0x0000, 0x0000, 0x0000, 0x0000, 0x0000, 0x0000, 0x0000, 0x0000, 0x0000, 0x0000, 0x0000, 0x0000,
};

const uint16_t backgroundBitmap1[10880] __attribute__((section(".text.bitmap_zz"))) = {
  0x0000, 0x0000, 0x0000, 0x0000, 0x0000, 0x0000, 0x0000, 0x0000, 0x0000, 0x0000, 0x0000, 0x0000, 0x0000, 0x0000, 0x0000, 0x0000,
  0x0000, 0x0000, 0x0000, 0x0000, 0x0000, 0x0000, 0x0000, 0x0000, 0x0000, 0x0000, 0x0000, 0x0000, 0x0000, 0x0000, 0x0000, 0x0000,
  0x0000, 0x0000, 0x0000, 0x0000, 0x0000, 0x0000, 0x0000, 0x0000, 0x0000, 0x0000, 0x0000, 0x0000, 0x0000, 0x0000, 0x0000, 0x0000,
  0x0000, 0x0000, 0x0000, 0x0000, 0x0000, 0x0000, 0x0000, 0x0000, 0x0000, 0x0000, 0x0000, 0x0000, 0x0000, 0x0000, 0x0000, 0x0000,
  0x0000, 0x0020, 0x0000, 0x0862, 0x2146, 0x10C3, 0x0000, 0x0021, 0x0000, 0x0020, 0x0020, 0x0000, 0x0020, 0x0020, 0x0000, 0x0000,
  0x0000, 0x0000, 0x0000, 0x0000, 0x0000, 0x0000, 0x0000, 0x0000, 0x0000, 0x0000, 0x0000, 0x0000, 0x0000, 0x0000, 0x0000, 0x0000,
  0x0000, 0x0000, 0x0000, 0x0000, 0x0000, 0x0000, 0x0000, 0x0000, 0x0000, 0x0000, 0x0000, 0x0000, 0x0000, 0x0000, 0x0000, 0x0000,
  0x0000, 0x0000, 0x0000, 0x0000, 0x0000, 0x0000, 0x0000, 0x0000, 0x0000, 0x0000, 0x0000, 0x0000, 0x0000, 0x0000, 0x0000, 0x0000,
  0x0000, 0x0000, 0x0000, 0x0000, 0x0000, 0x0000, 0x0000, 0x0000, 0x0000, 0x0000, 0x0000, 0x0000, 0x0000, 0x0000, 0x0000, 0x0000,
  0x0000, 0x0000, 0x0000, 0x0000, 0x0000, 0x0000, 0x0000, 0x0020, 0x0020, 0x0020, 0x0041, 0x0000, 0x10A3, 0x422A, 0x4A8B, 0x2966,
  0x0000, 0x0862, 0x0882, 0x0882, 0x10C3, 0x0000, 0x52AB, 0x7C12, 0x7C11, 0x7C11, 0x31A7, 0x0000, 0x10A3, 0x0882, 0x0882, 0x0862,
  0x10A3, 0x2987, 0x2987, 0x2987, 0x2966, 0x0862, 0x0000, 0x0000, 0x0000, 0x0000, 0x0000, 0x0000, 0x0000, 0x0000, 0x0000, 0x0000,
  0x0000, 0x0000, 0x0000, 0x0000, 0x0000, 0x0000, 0x0000, 0x0000, 0x0000, 0x0000, 0x0000, 0x0000, 0x0000, 0x0000, 0x0000, 0x0000,
  0x0000, 0x0000, 0x0000, 0x0000, 0x0000, 0x0000, 0x0000, 0x0000, 0x0000, 0x0000, 0x0000, 0x0000, 0x0000, 0x0000, 0x0000, 0x0000,
  0x0000, 0x0000, 0x0000, 0x0000, 0x0000, 0x0000, 0x0000, 0x0000, 0x0000, 0x0000, 0x0000, 0x0000, 0x0000, 0x0020, 0x0000, 0x0020,
  0x0020, 0x0000, 0x10A3, 0x2146, 0x0862, 0x0000, 0x0000, 0x0000, 0x0000, 0x0000, 0x0020, 0x0000, 0x0000, 0x0000, 0x0000, 0x0000,
  0x0000, 0x0000, 0x0000, 0x0000, 0x0000, 0x0000, 0x0000, 0x0000, 0x0000, 0x0000, 0x0000, 0x0000, 0x0000, 0x0000, 0x0000, 0x0000,
  0x0000, 0x0000, 0x0000, 0x0000, 0x0000, 0x0000, 0x0000, 0x0000, 0x0000, 0x0000, 0x0000, 0x0000, 0x0000, 0x0000, 0x0000, 0x0000,
  0x0000, 0x0000, 0x0000, 0x0000, 0x0000, 0x0000, 0x0000, 0x0000, 0x0000, 0x0000, 0x0000, 0x0000, 0x0000, 0x0000, 0x0000, 0x0000,
  0x0000, 0x0000, 0x0000, 0x0000, 0x0000, 0x0000, 0x0000, 0x0000, 0x0000, 0x0000, 0x0000, 0x0000, 0x0000, 0x0000, 0x0000, 0x0000,
  0x0000, 0x0000, 0x0000, 0x0000, 0x0000, 0x0000, 0x0000, 0x0000, 0x0000, 0x0000, 0x0000, 0x0000, 0x0000, 0x0000, 0x0000, 0x0000,
  0x0000, 0x0000, 0x0000, 0x0000, 0x0000, 0x0000, 0x0000, 0x0000, 0x0000, 0x0000, 0x0000, 0x0000, 0x0000, 0x0000, 0x0000, 0x0000,
  0x0000, 0x0000, 0x0000, 0x0000, 0x0000, 0x0000, 0x0000, 0x0000, 0x0000, 0x0000, 0x0000, 0x0000, 0x0000, 0x0000, 0x0000, 0x0000,
  0x0000, 0x0000, 0x0000, 0x0000, 0x0000, 0x0000, 0x0000, 0x0000, 0x0000, 0x0000, 0x0000, 0x0000, 0x0000, 0x0000, 0x0000, 0x0000,
  0x0000, 0x0020, 0x0000, 0x10A3, 0x2146, 0x0862, 0x0000, 0x0020, 0x0000, 0x0020, 0x0020, 0x0020, 0x0000, 0x0000, 0x0000, 0x0000,
  0x0000, 0x0000, 0x0000, 0x0000, 0x0000, 0x0000, 0x0000, 0x0000, 0x0000, 0x0000, 0x0000, 0x0000, 0x0000, 0x0000, 0x0000, 0x0000,
  0x0000, 0x0000, 0x0000, 0x0000, 0x0000, 0x0000, 0x0000, 0x0000, 0x0000, 0x0000, 0x0000, 0x0000, 0x0000, 0x0000, 0x0000, 0x0000,
  0x0000, 0x0000, 0x0000, 0x0000, 0x0000, 0x0000, 0x0000, 0x0000, 0x0000, 0x0000, 0x0000, 0x0000, 0x0000, 0x0000, 0x0000, 0x0000,
  0x0000, 0x0000, 0x0000, 0x0000, 0x0000, 0x0000, 0x0000, 0x0000, 0x0000, 0x0000, 0x0000, 0x0000, 0x0000, 0x0000, 0x0000, 0x0000,
  0x0000, 0x0000, 0x0000, 0x0000, 0x0000, 0x0000, 0x0000, 0x0000, 0x0000, 0x0020, 0x0020, 0x0841, 0x0000, 0x2105, 0x4A8B, 0x4A8B,
  0x10C3, 0x0842, 0x10A3, 0x1083, 0x10C3, 0x0000, 0x3A09, 0x7BF1, 0x73F1, 0x7C11, 0x4229, 0x0000, 0x10C4, 0x10A3, 0x10A3, 0x0862,
  0x1905, 0x31A7, 0x2987, 0x31A7, 0x2146, 0x0000, 0x0000, 0x0000, 0x0000, 0x0000, 0x0000, 0x0000, 0x0000, 0x0000, 0x0000, 0x0000,
  0x0000, 0x0000, 0x0000, 0x0000, 0x0000, 0x0000, 0x0000, 0x0000, 0x0000, 0x0000, 0x0000, 0x0000, 0x0000, 0x0000, 0x0000, 0x0000,
  0x0000, 0x0000, 0x0000, 0x0000, 0x0000, 0x0000, 0x0000, 0x0000, 0x0000, 0x0000, 0x0000, 0x0000, 0x0000, 0x0000, 0x0000, 0x0000,
  0x0000, 0x0000, 0x0000, 0x0000, 0x0000, 0x0000, 0x0000, 0x0000, 0x0000, 0x0000, 0x0000, 0x0000, 0x0000, 0x0020, 0x0020, 0x0000,
  0x0000, 0x0000, 0x0862, 0x2146, 0x10C3, 0x0000, 0x0020, 0x0000, 0x0000, 0x0000, 0x0020, 0x0000, 0x0000, 0x0000, 0x0000, 0x0000,
  0x0000, 0x0000, 0x0000, 0x0000, 0x0000, 0x0000, 0x0000, 0x0000, 0x0000, 0x0000, 0x0000, 0x0000, 0x0000, 0x0000, 0x0000, 0x0000,
  0x0000, 0x0000, 0x0000, 0x0000, 0x0000, 0x0000, 0x0000, 0x0000, 0x0000, 0x0000, 0x0000, 0x0000, 0x0000, 0x0000, 0x0000, 0x0000,
  0x0000, 0x0000, 0x0000, 0x0000, 0x0000, 0x0000, 0x0000, 0x0000, 0x0000, 0x0000, 0x0000, 0x0000, 0x0000, 0x0000, 0x0000, 0x0000,
  0x0000, 0x0000, 0x0000, 0x0000, 0x0000, 0x0000, 0x0000, 0x0000, 0x0000, 0x0000, 0x0000, 0x0000, 0x0000, 0x0000, 0x0000, 0x0000,
  0x0000, 0x0000, 0x0000, 0x0000, 0x0000, 0x0000, 0x0000, 0x0000, 0x0000, 0x0000, 0x0000, 0x0000, 0x0000, 0x0000, 0x0000, 0x0000,
  0x0000, 0x0000, 0x0000, 0x0000, 0x0000, 0x0000, 0x0000, 0x0000, 0x0000, 0x0000, 0x0000, 0x0000, 0x0000, 0x0000, 0x0000, 0x0000,
  0x0000, 0x0000, 0x0000, 0x0000, 0x0000, 0x0000, 0x0000, 0x0000, 0x0000, 0x0000, 0x0000, 0x0000, 0x0000, 0x0000, 0x0000, 0x0000,
  0x0000, 0x0000, 0x0000, 0x0000, 0x0000, 0x0000, 0x0000, 0x0000, 0x0000, 0x0000, 0x0000, 0x0000, 0x0000, 0x0000, 0x0000, 0x0000,
  0x0000, 0x0020, 0x0000, 0x1904, 0x2125, 0x0000, 0x0020, 0x0020, 0x0020, 0x0020, 0x0020, 0x0000, 0x0000, 0x0000, 0x0000, 0x0000,
  0x0000, 0x0000, 0x0000, 0x0000, 0x0000, 0x0000, 0x0000, 0x0000, 0x0000, 0x0000, 0x0000, 0x0000, 0x0000, 0x0000, 0x0000, 0x0000,
  0x0000, 0x0000, 0x0000, 0x0000, 0x0000, 0x0000, 0x0000, 0x0000, 0x0000, 0x0000, 0x0000, 0x0000, 0x0000, 0x0000, 0x0000, 0x0000,
  0x0000, 0x0000, 0x0000, 0x0000, 0x0000, 0x0000, 0x0000, 0x0000, 0x0000, 0x0000, 0x0000, 0x0000, 0x0000, 0x0000, 0x0000, 0x0000,
  0x0000, 0x0000, 0x0000, 0x0000, 0x0000, 0x0000, 0x0000, 0x0000, 0x0000, 0x0000, 0x0000, 0x0000, 0x0000, 0x0000, 0x0000, 0x0000,
  0x0000, 0x0000, 0x0000, 0x0000, 0x0000, 0x0000, 0x0000, 0x0000, 0x0000, 0x0020, 0x0020, 0x0020, 0x0841, 0x0000, 0x39E9, 0x52AC,
  0x39E9, 0x0000, 0x10A3, 0x10A3, 0x18C4, 0x0842, 0x31C8, 0x73D1, 0x73F1, 0x73F1, 0x424A, 0x0021, 0x18E4, 0x10C3, 0x10C3, 0x10A3,
  0x2987, 0x31C8, 0x31A8, 0x31C8, 0x10A3, 0x0000, 0x0000, 0x0000, 0x0000, 0x0000, 0x0000, 0x0000, 0x0000, 0x0000, 0x0000, 0x0000,
  0x0000, 0x0000, 0x0000, 0x0000, 0x0000, 0x0000, 0x0000, 0x0000, 0x0000, 0x0000, 0x0000, 0x0000, 0x0000, 0x0000, 0x0000, 0x0000,
  0x0000, 0x0000, 0x0000, 0x0000, 0x0000, 0x0000, 0x0000, 0x0000, 0x0000, 0x0000, 0x0000, 0x0000, 0x0000, 0x0000, 0x0000, 0x0000,
  0x0000, 0x0000, 0x0000, 0x0000, 0x0000, 0x0000, 0x0000, 0x0000, 0x0000, 0x0000, 0x0000, 0x0000, 0x0000, 0x0020, 0x0000, 0x0000,
  0x0000, 0x0000, 0x0000, 0x2146, 0x1905, 0x0000, 0x0020, 0x0000, 0x0020, 0x0020, 0x0020, 0x0000, 0x0000, 0x0000, 0x0000, 0x0000,
  0x0000, 0x0000, 0x0000, 0x0000, 0x0000, 0x0000, 0x0000, 0x0000, 0x0000, 0x0000, 0x0000, 0x0000, 0x0000, 0x0000, 0x0000, 0x0000,
  0x0000, 0x0000, 0x0000, 0x0000, 0x0000, 0x0000, 0x0000, 0x0000, 0x0000, 0x0000, 0x0000, 0x0000, 0x0000, 0x0000, 0x0000, 0x0000,
  0x0000, 0x0000, 0x0000, 0x0000, 0x0000, 0x0000, 0x0000, 0x0000, 0x0000, 0x0000, 0x0000, 0x0000, 0x0000, 0x0000, 0x0000, 0x0000,
  0x0000, 0x0000, 0x0000, 0x0000, 0x0000, 0x0000, 0x0000, 0x0000, 0x0000, 0x0000, 0x0000, 0x0000, 0x0000, 0x0000, 0x0000, 0x0000,
  0x0000, 0x0000, 0x0000, 0x0000, 0x0000, 0x0000, 0x0000, 0x0000, 0x0000, 0x0000, 0x0000, 0x0000, 0x0000, 0x0000, 0x0000, 0x0000,
  0x0000, 0x0000, 0x0000, 0x0000, 0x0000, 0x0000, 0x0000, 0x0000, 0x0000, 0x0000, 0x0000, 0x0000, 0x0000, 0x0000, 0x0000, 0x0000,
  0x0000, 0x0000, 0x0000, 0x0000, 0x0000, 0x0000, 0x0000, 0x0000, 0x0000, 0x0000, 0x0000, 0x0000, 0x0000, 0x0000, 0x0000, 0x0000,
  0x0000, 0x0000, 0x0000, 0x0000, 0x0000, 0x0000, 0x0000, 0x0000, 0x0000, 0x0000, 0x0000, 0x0000, 0x0000, 0x0000, 0x0000, 0x0000,
  0x0020, 0x0000, 0x0000, 0x2125, 0x1905, 0x0000, 0x0020, 0x0020, 0x0020, 0x0000, 0x0000, 0x0000, 0x0000, 0x0000, 0x0000, 0x0000,
  0x0000, 0x0000, 0x0000, 0x0000, 0x0000, 0x0000, 0x0000, 0x0000, 0x0000, 0x0000, 0x0000, 0x0000, 0x0000, 0x0000, 0x0000, 0x0000,
  0x0000, 0x0000, 0x0000, 0x0000, 0x0000, 0x0000, 0x0000, 0x0000, 0x0000, 0x0000, 0x0000, 0x0000, 0x0000, 0x0000, 0x0000, 0x0000,
  0x0000, 0x0000, 0x0000, 0x0000, 0x0000, 0x0000, 0x0000, 0x0000, 0x0000, 0x0000, 0x0000, 0x0000, 0x0000, 0x0000, 0x0000, 0x0000,
  0x0000, 0x0000, 0x0000, 0x0000, 0x0000, 0x0000, 0x0000, 0x0000, 0x0000, 0x0000, 0x0000, 0x0000, 0x0000, 0x0000, 0x0000, 0x0000,
  0x0000, 0x0000, 0x0000, 0x0000, 0x0000, 0x0000, 0x0000, 0x0000, 0x0000, 0x0000, 0x0000, 0x0020, 0x0041, 0x0000, 0x2146, 0x4A8B,
  0x4A8B, 0x1905, 0x10A3, 0x10C4, 0x18E4, 0x10A3, 0x31A7, 0x6B90, 0x6BB0, 0x6BB0, 0x3A29, 0x10A3, 0x1925, 0x1904, 0x10C3, 0x2125,
  0x39E8, 0x31C8, 0x31E8, 0x2125, 0x0000, 0x0020, 0x0000, 0x0000, 0x0000, 0x0000, 0x0000, 0x0000, 0x0000, 0x0000, 0x0000, 0x0000,
  0x0000, 0x0000, 0x0000, 0x0000, 0x0000, 0x0000, 0x0000, 0x0000, 0x0000, 0x0000, 0x0000, 0x0000, 0x0000, 0x0000, 0x0000, 0x0000,
  0x0000, 0x0000, 0x0000, 0x0000, 0x0000, 0x0000, 0x0000, 0x0000, 0x0000, 0x0000, 0x0000, 0x0000, 0x0000, 0x0000, 0x0000, 0x0000,
  0x0000, 0x0000, 0x0000, 0x0000, 0x0000, 0x0000, 0x0000, 0x0000, 0x0000, 0x0000, 0x0000, 0x0000, 0x0020, 0x0020, 0x0000, 0x0000,
  0x0000, 0x0000, 0x0000, 0x1905, 0x2146, 0x0021, 0x0000, 0x0020, 0x0020, 0x0020, 0x0000, 0x0000, 0x0000, 0x0000, 0x0000, 0x0000,
  0x0000, 0x0000, 0x0000, 0x0000, 0x0000, 0x0000, 0x0000, 0x0000, 0x0000, 0x0000, 0x0000, 0x0000, 0x0000, 0x0000, 0x0000, 0x0000,
  0x0000, 0x0000, 0x0000, 0x0000, 0x0000, 0x0000, 0x0000, 0x0000, 0x0000, 0x0000, 0x0000, 0x0000, 0x0000, 0x0000, 0x0000, 0x0000,
  0x0000, 0x0000, 0x0000, 0x0000, 0x0000, 0x0000, 0x0000, 0x0000, 0x0000, 0x0000, 0x0000, 0x0000, 0x0000, 0x0000, 0x0000, 0x0000,
  0x0000, 0x0000, 0x0000, 0x0000, 0x0000, 0x0000, 0x0000, 0x0000, 0x0000, 0x0000, 0x0000, 0x0000, 0x0000, 0x0000, 0x0000, 0x0000,
  0x0000, 0x0000, 0x0000, 0x0000, 0x0000, 0x0000, 0x0000, 0x0000, 0x0000, 0x0000, 0x0000, 0x0000, 0x0000, 0x0000, 0x0000, 0x0000,
  0x0000, 0x0000, 0x0000, 0x0000, 0x0000, 0x0000, 0x0000, 0x0000, 0x0000, 0x0000, 0x0000, 0x0000, 0x0000, 0x0000, 0x0000, 0x0000,
  0x0000, 0x0000, 0x0000, 0x0000, 0x0000, 0x0000, 0x0000, 0x0000, 0x0000, 0x0000, 0x0000, 0x0000, 0x0000, 0x0000, 0x0000, 0x0000,
  0x0000, 0x0000, 0x0000, 0x0000, 0x0000, 0x0000, 0x0000, 0x0000, 0x0000, 0x0000, 0x0000, 0x0000, 0x0000, 0x0000, 0x0000, 0x0000,
  0x0020, 0x0000, 0x0862, 0x2146, 0x10A3, 0x0000, 0x0021, 0x0000, 0x0000, 0x0000, 0x0000, 0x0000, 0x0000, 0x0000, 0x0000, 0x0000,
  0x0000, 0x0000, 0x0000, 0x0000, 0x0000, 0x0000, 0x0000, 0x0000, 0x0000, 0x0000, 0x0000, 0x0000, 0x0000, 0x0000, 0x0000, 0x0000,
  0x0000, 0x0000, 0x0000, 0x0000, 0x0000, 0x0000, 0x0000, 0x0000, 0x0000, 0x0000, 0x0000, 0x0000, 0x0000, 0x0000, 0x0000, 0x0000,
  0x0000, 0x0000, 0x0000, 0x0000, 0x0000, 0x0000, 0x0000, 0x0000, 0x0000, 0x0000, 0x0000, 0x0000, 0x0000, 0x0000, 0x0000, 0x0000,
  0x0000, 0x0000, 0x0000, 0x0000, 0x0000, 0x0000, 0x0000, 0x0000, 0x0000, 0x0000, 0x0000, 0x0000, 0x0000, 0x0000, 0x0000, 0x0000,
  0x0000, 0x0000, 0x0000, 0x0000, 0x0000, 0x0000, 0x0000, 0x0000, 0x0000, 0x0000, 0x0000, 0x0020, 0x0021, 0x0000, 0x10C3, 0x4A6B,
  0x52CC, 0x31C8, 0x18E4, 0x2125, 0x2125, 0x1904, 0x31A7, 0x6B6F, 0x6B8F, 0x6B8F, 0x3A09, 0x2125, 0x2146, 0x2125, 0x1905, 0x31C8,
  0x39E9, 0x39E9, 0x2146, 0x0000, 0x0020, 0x0000, 0x0000, 0x0000, 0x0000, 0x0000, 0x0000, 0x0000, 0x0000, 0x0000, 0x0000, 0x0000,
  0x0000, 0x0000, 0x0000, 0x0000, 0x0000, 0x0000, 0x0000, 0x0000, 0x0000, 0x0000, 0x0000, 0x0000, 0x0000, 0x0000, 0x0000, 0x0000,
  0x0000, 0x0000, 0x0000, 0x0000, 0x0000, 0x0000, 0x0000, 0x0000, 0x0000, 0x0000, 0x0000, 0x0000, 0x0000, 0x0000, 0x0000, 0x0000,
  0x0000, 0x0000, 0x0000, 0x0000, 0x0000, 0x0000, 0x0000, 0x0000, 0x0000, 0x0000, 0x0000, 0x0000, 0x0000, 0x0020, 0x0000, 0x0000,
  0x0000, 0x0020, 0x0000, 0x10C4, 0x2966, 0x0882, 0x0000, 0x0020, 0x0020, 0x0000, 0x0000, 0x0000, 0x0000, 0x0000, 0x0000, 0x0000,
  0x0000, 0x0000, 0x0000, 0x0000, 0x0000, 0x0000, 0x0000, 0x0000, 0x0000, 0x0000, 0x0000, 0x0000, 0x0000, 0x0000, 0x0000, 0x0000,
  0x0000, 0x0000, 0x0000, 0x0000, 0x0000, 0x0000, 0x0000, 0x0000, 0x0000, 0x0000, 0x0000, 0x0000, 0x0000, 0x0000, 0x0000, 0x0000,
  0x0000, 0x0000, 0x0000, 0x0000, 0x0000, 0x0000, 0x0000, 0x0000, 0x0000, 0x0000, 0x0000, 0x0000, 0x0000, 0x0000, 0x0000, 0x0000,
  0x0000, 0x0000, 0x0000, 0x0000, 0x0000, 0x0000, 0x0000, 0x0000, 0x0000, 0x0000, 0x0000, 0x0000, 0x0000, 0x0000, 0x0000, 0x0000,
  0x0000, 0x0000, 0x0000, 0x0000, 0x0000, 0x0000, 0x0000, 0x0000, 0x0000, 0x0000, 0x0000, 0x0000, 0x0000, 0x0000, 0x0000, 0x0000,
  0x0000, 0x0000, 0x0000, 0x0000, 0x0000, 0x0000, 0x0000, 0x0000, 0x0000, 0x0000, 0x0000, 0x0000, 0x0000, 0x0000, 0x0000, 0x0000,
  0x0000, 0x0000, 0x0000, 0x0000, 0x0000, 0x0000, 0x0000, 0x0000, 0x0000, 0x0000, 0x0000, 0x0000, 0x0000, 0x0000, 0x0000, 0x0000,
  0x0000, 0x0000, 0x0000, 0x0000, 0x0000, 0x0000, 0x0000, 0x0000, 0x0000, 0x0000, 0x0000, 0x0000, 0x0000, 0x0000, 0x0000, 0x0000,
  0x0021, 0x0000, 0x10C3, 0x2146, 0x0842, 0x0000, 0x0021, 0x0000, 0x0000, 0x0000, 0x0000, 0x0000, 0x0000, 0x0000, 0x0000, 0x0000,
  0x0000, 0x0000, 0x0000, 0x0000, 0x0000, 0x0000, 0x0000, 0x0000, 0x0000, 0x0000, 0x0000, 0x0000, 0x0000, 0x0000, 0x0000, 0x0000,
  0x0000, 0x0000, 0x0000, 0x0000, 0x0000, 0x0000, 0x0000, 0x0000, 0x0000, 0x0000, 0x0000, 0x0000, 0x0000, 0x0000, 0x0000, 0x0000,
  0x0000, 0x0000, 0x0000, 0x0000, 0x0000, 0x0000, 0x0000, 0x0000, 0x0000, 0x0000, 0x0000, 0x0000, 0x0000, 0x0000, 0x0000, 0x0000,
  0x0020, 0x0000, 0x0000, 0x0000, 0x0000, 0x0000, 0x0000, 0x0000, 0x0000, 0x0000, 0x0000, 0x0000, 0x0000, 0x0000, 0x0000, 0x0000,
  0x0000, 0x0000, 0x0000, 0x0000, 0x0000, 0x0000, 0x0000, 0x0000, 0x0000, 0x0000, 0x0020, 0x0020, 0x0020, 0x0000, 0x0882, 0x424A,
  0x4A8B, 0x3A09, 0x2125, 0x2166, 0x2166, 0x2125, 0x31E8, 0x6B8F, 0x6B8F, 0x6B6F, 0x39E8, 0x2966, 0x2966, 0x2145, 0x31A7, 0x39E9,
  0x39E9, 0x2146, 0x0000, 0x0001, 0x0000, 0x0000, 0x0000, 0x0000, 0x0000, 0x0000, 0x0000, 0x0000, 0x0000, 0x0000, 0x0000, 0x0000,
  0x0000, 0x0000, 0x0000, 0x0000, 0x0000, 0x0000, 0x0000, 0x0000, 0x0000, 0x0000, 0x0000, 0x0000, 0x0000, 0x0000, 0x0000, 0x0000,
  0x0000, 0x0000, 0x0000, 0x0000, 0x0000, 0x0000, 0x0000, 0x0000, 0x0000, 0x0000, 0x0000, 0x0000, 0x0000, 0x0000, 0x0000, 0x0000,
  0x0000, 0x0000, 0x0000, 0x0000, 0x0000, 0x0000, 0x0000, 0x0000, 0x0000, 0x0000, 0x0000, 0x0000, 0x0000, 0x0020, 0x0000, 0x0000,
  0x0000, 0x0020, 0x0000, 0x0862, 0x2966, 0x18E4, 0x0000, 0x0021, 0x0020, 0x0020, 0x0000, 0x0000, 0x0000, 0x0000, 0x0000, 0x0000,
  0x0000, 0x0000, 0x0000, 0x0000, 0x0000, 0x0000, 0x0000, 0x0000, 0x0000, 0x0000, 0x0000, 0x0000, 0x0000, 0x0000, 0x0000, 0x0000,
  0x0000, 0x0000, 0x0000, 0x0000, 0x0000, 0x0000, 0x0000, 0x0000, 0x0000, 0x0000, 0x0000, 0x0000, 0x0000, 0x0000, 0x0000, 0x0000,
  0x0000, 0x0000, 0x0000, 0x0000, 0x0000, 0x0000, 0x0000, 0x0000, 0x0000, 0x0000, 0x0000, 0x0000, 0x0000, 0x0000, 0x0000, 0x0000,
  0x0000, 0x0000, 0x0000, 0x0000, 0x0000, 0x0000, 0x0000, 0x0000, 0x0000, 0x0000, 0x0000, 0x0000, 0x0000, 0x0000, 0x0000, 0x0000,
  0x0000, 0x0000, 0x0000, 0x0000, 0x0000, 0x0000, 0x0000, 0x0000, 0x0000, 0x0000, 0x0000, 0x0000, 0x0000, 0x0000, 0x0000, 0x0000,
  0x0000, 0x0000, 0x0000, 0x0000, 0x0000, 0x0000, 0x0000, 0x0000, 0x0000, 0x0000, 0x0000, 0x0000, 0x0000, 0x0000, 0x0000, 0x0000,
  0x0000, 0x0000, 0x0000, 0x0000, 0x0000, 0x0000, 0x0000, 0x0000, 0x0000, 0x0000, 0x0000, 0x0000, 0x0000, 0x0000, 0x0000, 0x0000,
  0x0000, 0x0000, 0x0000, 0x0000, 0x0000, 0x0000, 0x0000, 0x0000, 0x0000, 0x0000, 0x0000, 0x0000, 0x0000, 0x0000, 0x0000, 0x0020,
  0x0020, 0x0000, 0x1904, 0x2125, 0x0000, 0x0000, 0x0000, 0x0000, 0x0000, 0x0000, 0x0000, 0x0000, 0x0000, 0x0000, 0x0000, 0x0000,
  0x0000, 0x0000, 0x0000, 0x0000, 0x0000, 0x0000, 0x0000, 0x0000, 0x0000, 0x0000, 0x0000, 0x0000, 0x0000, 0x0000, 0x0000, 0x0000,
  0x0000, 0x0000, 0x0000, 0x0000, 0x0000, 0x0000, 0x0000, 0x0000, 0x0000, 0x0000, 0x0000, 0x0000, 0x0000, 0x0000, 0x0000, 0x0000,
  0x0000, 0x0000, 0x0000, 0x0000, 0x0000, 0x0000, 0x0000, 0x0000, 0x0000, 0x0000, 0x0000, 0x0000, 0x0000, 0x0000, 0x0000, 0x0000,
  0x0000, 0x0000, 0x0000, 0x0000, 0x0000, 0x0000, 0x0000, 0x0000, 0x0000, 0x0000, 0x0000, 0x0000, 0x0000, 0x0000, 0x0000, 0x0000,
  0x0000, 0x0000, 0x0000, 0x0000, 0x0000, 0x0000, 0x0000, 0x0000, 0x0000, 0x0020, 0x0020, 0x0020, 0x0020, 0x0020, 0x0021, 0x3A29,
  0x4A6B, 0x3A09, 0x2966, 0x2966, 0x2966, 0x2146, 0x3A09, 0x6B8F, 0x6B8F, 0x634E, 0x31C8, 0x2987, 0x2966, 0x2987, 0x31C8, 0x31C8,
  0x2146, 0x0000, 0x0021, 0x0000, 0x0000, 0x0000, 0x0000, 0x0000, 0x0000, 0x0000, 0x0000, 0x0000, 0x0000, 0x0000, 0x0000, 0x0000,
  0x0000, 0x0000, 0x0000, 0x0000, 0x0000, 0x0000, 0x0000, 0x0000, 0x0000, 0x0000, 0x0000, 0x0000, 0x0000, 0x0000, 0x0000, 0x0000,
  0x0000, 0x0000, 0x0000, 0x0000, 0x0000, 0x0000, 0x0000, 0x0000, 0x0000, 0x0000, 0x0000, 0x0000, 0x0000, 0x0000, 0x0000, 0x0000,
  0x0000, 0x0000, 0x0000, 0x0000, 0x0000, 0x0000, 0x0000, 0x0000, 0x0000, 0x0000, 0x0000, 0x0000, 0x0020, 0x0020, 0x0000, 0x0000,
  0x0000, 0x0000, 0x0000, 0x0021, 0x2146, 0x2125, 0x0000, 0x0021, 0x0020, 0x0020, 0x0000, 0x0000, 0x0000, 0x0000, 0x0000, 0x0000,
  0x0000, 0x0000, 0x0000, 0x0000, 0x0000, 0x0000, 0x0000, 0x0000, 0x0000, 0x0000, 0x0000, 0x0000, 0x0000, 0x0000, 0x0000, 0x0000,
  0x0000, 0x0000, 0x0000, 0x0000, 0x0000, 0x0000, 0x0000, 0x0000, 0x0000, 0x0000, 0x0000, 0x0000, 0x0000, 0x0000, 0x0000, 0x0000,
  0x0000, 0x0000, 0x0000, 0x0000, 0x0000, 0x0000, 0x0000, 0x0000, 0x0000, 0x0000, 0x0000, 0x0000, 0x0000, 0x0000, 0x0000, 0x0000,
  0x0000, 0x0000, 0x0000, 0x0000, 0x0000, 0x0000, 0x0000, 0x0000, 0x0000, 0x0000, 0x0000, 0x0000, 0x0000, 0x0000, 0x0000, 0x0000,
  0x0000, 0x0000, 0x0000, 0x0000, 0x0000, 0x0000, 0x0000, 0x0000, 0x0000, 0x0000, 0x0000, 0x0000, 0x0000, 0x0000, 0x0000, 0x0000,
  0x0000, 0x0000, 0x0000, 0x0000, 0x0000, 0x0000, 0x0000, 0x0000, 0x0000, 0x0000, 0x0000, 0x0000, 0x0000, 0x0000, 0x0000, 0x0000,
  0x0000, 0x0000, 0x0000, 0x0000, 0x0000, 0x0000, 0x0000, 0x0000, 0x0000, 0x0000, 0x0000, 0x0000, 0x0000, 0x0000, 0x0000, 0x0000,
  0x0000, 0x0000, 0x0000, 0x0000, 0x0000, 0x0000, 0x0000, 0x0000, 0x0000, 0x0000, 0x0000, 0x0000, 0x0000, 0x0000, 0x0020, 0x0020,
  0x0000, 0x0021, 0x2125, 0x18E4, 0x0000, 0x0021, 0x0000, 0x0000, 0x0000, 0x0000, 0x0000, 0x0000, 0x0000, 0x0000, 0x0000, 0x0000,
  0x0000, 0x0000, 0x0000, 0x0000, 0x0000, 0x0000, 0x0000, 0x0000, 0x0000, 0x0000, 0x0000, 0x0000, 0x0000, 0x0000, 0x0000, 0x0000,
  0x0000, 0x0000, 0x0000, 0x0000, 0x0000, 0x0000, 0x0000, 0x0000, 0x0000, 0x0000, 0x0000, 0x0000, 0x0000, 0x0000, 0x0000, 0x0000,
  0x0000, 0x0000, 0x0000, 0x0000, 0x0000, 0x0000, 0x0000, 0x0000, 0x0000, 0x0000, 0x0000, 0x0000, 0x0000, 0x0000, 0x0000, 0x0000,
  0x0000, 0x0000, 0x0000, 0x0000, 0x0000, 0x0000, 0x0000, 0x0000, 0x0000, 0x0000, 0x0000, 0x0000, 0x0000, 0x0000, 0x0000, 0x0000,
  0x0000, 0x0000, 0x0000, 0x0000, 0x0000, 0x0000, 0x0000, 0x0000, 0x0000, 0x0020, 0x0020, 0x0020, 0x0020, 0x0000, 0x0861, 0x422A,
  0x426B, 0x3A09, 0x2966, 0x2986, 0x2987, 0x2146, 0x424A, 0x6B6F, 0x6B6F, 0x5B0D, 0x2987, 0x29A7, 0x2966, 0x2987, 0x2987, 0x2146,
  0x0000, 0x0020, 0x0020, 0x0000, 0x0000, 0x0000, 0x0000, 0x0000, 0x0000, 0x0000, 0x0000, 0x0000, 0x0000, 0x0000, 0x0000, 0x0000,
  0x0000, 0x0000, 0x0000, 0x0000, 0x0000, 0x0000, 0x0000, 0x0000, 0x0000, 0x0000, 0x0000, 0x0000, 0x0000, 0x0000, 0x0000, 0x0000,
  0x0000, 0x0000, 0x0000, 0x0000, 0x0000, 0x0000, 0x0000, 0x0000, 0x0000, 0x0000, 0x0000, 0x0000, 0x0000, 0x0000, 0x0000, 0x0000,
  0x0000, 0x0000, 0x0000, 0x0000, 0x0000, 0x0000, 0x0000, 0x0000, 0x0000, 0x0000, 0x0000, 0x0020, 0x0020, 0x0020, 0x0000, 0x0000,
  0x0000, 0x0020, 0x0020, 0x0000, 0x2125, 0x2966, 0x0021, 0x0000, 0x0020, 0x0020, 0x0000, 0x0000, 0x0000, 0x0000, 0x0000, 0x0000,
  0x0000, 0x0000, 0x0000, 0x0000, 0x0000, 0x0000, 0x0000, 0x0000, 0x0000, 0x0000, 0x0000, 0x0000, 0x0000, 0x0000, 0x0000, 0x0000,
  0x0000, 0x0000, 0x0000, 0x0000, 0x0000, 0x0000, 0x0000, 0x0000, 0x0000, 0x0000, 0x0000, 0x0000, 0x0000, 0x0000, 0x0000, 0x0000,
  0x0000, 0x0000, 0x0000, 0x0000, 0x0000, 0x0000, 0x0000, 0x0000, 0x0000, 0x0000, 0x0000, 0x0000, 0x0000, 0x0000, 0x0000, 0x0000,
  0x0000, 0x0000, 0x0000, 0x0000, 0x0000, 0x0000, 0x0000, 0x0000, 0x0000, 0x0000, 0x0000, 0x0000, 0x0000, 0x0000, 0x0000, 0x0000,
  0x0000, 0x0000, 0x0000, 0x0000, 0x0000, 0x0000, 0x0000, 0x0000, 0x0000, 0x0000, 0x0000, 0x0000, 0x0000, 0x0000, 0x0000, 0x0000,
  0x0000, 0x0000, 0x0000, 0x0000, 0x0000, 0x0000, 0x0000, 0x0000, 0x0000, 0x0000, 0x0000, 0x0000, 0x0000, 0x0000, 0x0000, 0x0000,
  0x0000, 0x0000, 0x0000, 0x0000, 0x0000, 0x0000, 0x0000, 0x0000, 0x0000, 0x0000, 0x0000, 0x0000, 0x0000, 0x0000, 0x0000, 0x0000,
  0x0000, 0x0000, 0x0000, 0x0000, 0x0000, 0x0000, 0x0000, 0x0000, 0x0000, 0x0000, 0x0000, 0x0000, 0x0000, 0x0000, 0x0020, 0x0020,
  0x0000, 0x0862, 0x2125, 0x10A3, 0x0000, 0x0000, 0x0000, 0x0000, 0x0000, 0x0000, 0x0000, 0x0000, 0x0000, 0x0000, 0x0000, 0x0000,
  0x0000, 0x0000, 0x0000, 0x0000, 0x0000, 0x0000, 0x0000, 0x0000, 0x0000, 0x0000, 0x0000, 0x0000, 0x0000, 0x0000, 0x0000, 0x0000,
  0x0000, 0x0000, 0x0000, 0x0000, 0x0000, 0x0000, 0x0000, 0x0000, 0x0000, 0x0000, 0x0000, 0x0000, 0x0000, 0x0000, 0x0000, 0x0000,
  0x0000, 0x0000, 0x0000, 0x0000, 0x0000, 0x0000, 0x0000, 0x0000, 0x0000, 0x0000, 0x0000, 0x0000, 0x0000, 0x0000, 0x0000, 0x0000,
  0x0000, 0x0000, 0x0000, 0x0000, 0x0000, 0x0000, 0x0000, 0x0000, 0x0000, 0x0000, 0x0000, 0x0000, 0x0000, 0x0000, 0x0000, 0x0000,
  0x0000, 0x0000, 0x0000, 0x0000, 0x0000, 0x0000, 0x0000, 0x0000, 0x0000, 0x0020, 0x0000, 0x0000, 0x0020, 0x0000, 0x18C3, 0x424A,
  0x426B, 0x3A09, 0x2986, 0x2987, 0x2987, 0x2966, 0x4AAB, 0x634F, 0x634F, 0x52CC, 0x2987, 0x2987, 0x2966, 0x2166, 0x2125, 0x0021,
  0x0000, 0x0000, 0x0000, 0x0000, 0x0000, 0x0000, 0x0000, 0x0000, 0x0000, 0x0000, 0x0000, 0x0000, 0x0000, 0x0000, 0x0000, 0x0000,
  0x0000, 0x0000, 0x0000, 0x0000, 0x0000, 0x0000, 0x0000, 0x0000, 0x0000, 0x0000, 0x0000, 0x0000, 0x0000, 0x0000, 0x0000, 0x0000,
  0x0000, 0x0000, 0x0000, 0x0000, 0x0000, 0x0000, 0x0000, 0x0000, 0x0000, 0x0000, 0x0000, 0x0000, 0x0000, 0x0000, 0x0000, 0x0000,
  0x0000, 0x0000, 0x0000, 0x0000, 0x0000, 0x0000, 0x0000, 0x0000, 0x0000, 0x0000, 0x0000, 0x0000, 0x0020, 0x0020, 0x0000, 0x0000,
  0x0000, 0x0020, 0x0020, 0x0000, 0x18C4, 0x2166, 0x0862, 0x0000, 0x0020, 0x0020, 0x0000, 0x0000, 0x0000, 0x0000, 0x0000, 0x0000,
  0x0000, 0x0000, 0x0000, 0x0000, 0x0000, 0x0000, 0x0000, 0x0000, 0x0000, 0x0000, 0x0000, 0x0000, 0x0000, 0x0000, 0x0000, 0x0000,
  0x0000, 0x0000, 0x0000, 0x0000, 0x0000, 0x0000, 0x0000, 0x0000, 0x0000, 0x0000, 0x0000, 0x0000, 0x0000, 0x0000, 0x0000, 0x0000,
  0x0000, 0x0000, 0x0000, 0x0000, 0x0000, 0x0000, 0x0000, 0x0000, 0x0000, 0x0000, 0x0000, 0x0000, 0x0000, 0x0000, 0x0000, 0x0000,
  0x0000, 0x0000, 0x0000, 0x0000, 0x0000, 0x0000, 0x0000, 0x0000, 0x0000, 0x0000, 0x0000, 0x0000, 0x0000, 0x0000, 0x0000, 0x0000,
  0x0000, 0x0000, 0x0000, 0x0000, 0x0000, 0x0000, 0x0000, 0x0000, 0x0000, 0x0000, 0x0000, 0x0000, 0x0000, 0x0000, 0x0000, 0x0000,
  0x0000, 0x0000, 0x0000, 0x0000, 0x0000, 0x0000, 0x0000, 0x0000, 0x0000, 0x0000, 0x0000, 0x0000, 0x0000, 0x0000, 0x0000, 0x0000,
  0x0000, 0x0000, 0x0000, 0x0000, 0x0000, 0x0000, 0x0000, 0x0000, 0x0000, 0x0000, 0x0000, 0x0000, 0x0000, 0x0000, 0x0000, 0x0000,
  0x0000, 0x0000, 0x0000, 0x0000, 0x0000, 0x0000, 0x0000, 0x0000, 0x0000, 0x0000, 0x0000, 0x0000, 0x0000, 0x0000, 0x0020, 0x0020,
  0x0000, 0x10A3, 0x1905, 0x0042, 0x0000, 0x0000, 0x0000, 0x0000, 0x0000, 0x0000, 0x0000, 0x0000, 0x0000, 0x0000, 0x0000, 0x0000,
  0x0000, 0x0000, 0x0000, 0x0000, 0x0000, 0x0000, 0x0000, 0x0000, 0x0000, 0x0000, 0x0000, 0x0000, 0x0000, 0x0000, 0x0000, 0x0000,
  0x0000, 0x0000, 0x0000, 0x0000, 0x0000, 0x0000, 0x0000, 0x0000, 0x0000, 0x0000, 0x0000, 0x0000, 0x0000, 0x0000, 0x0000, 0x0000,
  0x0000, 0x0000, 0x0000, 0x0000, 0x0000, 0x0000, 0x0000, 0x0000, 0x0000, 0x0000, 0x0000, 0x0000, 0x0000, 0x0000, 0x0000, 0x0000,
  0x0000, 0x0000, 0x0000, 0x0000, 0x0000, 0x0000, 0x0000, 0x0000, 0x0000, 0x0000, 0x0000, 0x0000, 0x0000, 0x0000, 0x0000, 0x0000,
  0x0000, 0x0000, 0x0000, 0x0000, 0x0000, 0x0000, 0x0000, 0x0000, 0x0020, 0x0000, 0x1082, 0x18E4, 0x18E4, 0x10A3, 0x31A7, 0x52AB,
  0x4A8B, 0x4229, 0x31C7, 0x31C8, 0x31C8, 0x31C8, 0x52CC, 0x5B2E, 0x634E, 0x4A8B, 0x31A7, 0x31A7, 0x2966, 0x2966, 0x18E4, 0x1082,
  0x10A2, 0x1082, 0x10A3, 0x0841, 0x0000, 0x0000, 0x0000, 0x0000, 0x0000, 0x0000, 0x0000, 0x0000, 0x0000, 0x0000, 0x0000, 0x0000,
  0x0000, 0x0000, 0x0000, 0x0000, 0x0000, 0x0000, 0x0000, 0x0000, 0x0000, 0x0000, 0x0000, 0x0000, 0x0000, 0x0000, 0x0000, 0x0000,
  0x0000, 0x0000, 0x0000, 0x0000, 0x0000, 0x0000, 0x0000, 0x0000, 0x0000, 0x0000, 0x0000, 0x0000, 0x0000, 0x0000, 0x0000, 0x0000,
  0x0000, 0x0000, 0x0000, 0x0000, 0x0000, 0x0000, 0x0000, 0x0000, 0x0000, 0x0000, 0x0000, 0x0000, 0x0000, 0x0000, 0x0000, 0x0000,
  0x0000, 0x0000, 0x0020, 0x0000, 0x0882, 0x2146, 0x10A3, 0x0000, 0x0020, 0x0020, 0x0020, 0x0020, 0x0000, 0x0000, 0x0000, 0x0000,
  0x0000, 0x0000, 0x0000, 0x0000, 0x0000, 0x0000, 0x0000, 0x0000, 0x0000, 0x0000, 0x0000, 0x0000, 0x0000, 0x0000, 0x0000, 0x0000,
  0x0000, 0x0000, 0x0000, 0x0000, 0x0000, 0x0000, 0x0000, 0x0000, 0x0000, 0x0000, 0x0000, 0x0000, 0x0000, 0x0000, 0x0000, 0x0000,
  0x0000, 0x0000, 0x0000, 0x0000, 0x0000, 0x0000, 0x0000, 0x0000, 0x0000, 0x0000, 0x0000, 0x0000, 0x0000, 0x0000, 0x0000, 0x0000,
  0x0000, 0x0000, 0x0000, 0x0000, 0x0000, 0x0000, 0x0000, 0x0000, 0x0000, 0x0000, 0x0000, 0x0000, 0x0000, 0x0000, 0x0000, 0x0000,
  0x0000, 0x0000, 0x0000, 0x0000, 0x0000, 0x0000, 0x0000, 0x0000, 0x0000, 0x0000, 0x0000, 0x0000, 0x0000, 0x0000, 0x0000, 0x0000,
  0x0000, 0x0000, 0x0000, 0x0000, 0x0000, 0x0000, 0x0000, 0x0000, 0x0000, 0x0000, 0x0000, 0x0000, 0x0000, 0x0000, 0x0000, 0x0000,
  0x0000, 0x0000, 0x0000, 0x0000, 0x0000, 0x0000, 0x0000, 0x0000, 0x0000, 0x0000, 0x0000, 0x0000, 0x0000, 0x0000, 0x0000, 0x0000,
  0x0000, 0x0000, 0x0000, 0x0000, 0x0000, 0x0000, 0x0000, 0x0000, 0x0000, 0x0000, 0x0000, 0x0000, 0x0000, 0x0000, 0x0000, 0x0020,
  0x0000, 0x10C4, 0x18E4, 0x0000, 0x0000, 0x0000, 0x0000, 0x0000, 0x0000, 0x0000, 0x0000, 0x0000, 0x0000, 0x0000, 0x0000, 0x0000,
  0x0000, 0x0000, 0x0000, 0x0000, 0x0000, 0x0000, 0x0000, 0x0000, 0x0000, 0x0000, 0x0000, 0x0000, 0x0000, 0x0000, 0x0000, 0x0000,
  0x0000, 0x0000, 0x0000, 0x0000, 0x0000, 0x0000, 0x0000, 0x0000, 0x0000, 0x0000, 0x0000, 0x0000, 0x0000, 0x0000, 0x0000, 0x0000,
  0x0000, 0x0000, 0x0000, 0x0000, 0x0000, 0x0000, 0x0000, 0x0000, 0x0000, 0x0000, 0x0000, 0x0000, 0x0000, 0x0000, 0x0000, 0x0000,
  0x0000, 0x0000, 0x0000, 0x0000, 0x0000, 0x0000, 0x0000, 0x0000, 0x0000, 0x0000, 0x0000, 0x0000, 0x0000, 0x0000, 0x0000, 0x0000,
  0x0000, 0x0000, 0x0000, 0x0000, 0x0000, 0x0000, 0x0000, 0x0000, 0x0000, 0x0861, 0x0000, 0x0000, 0x0000, 0x0000, 0x0000, 0x0000,
  0x0000, 0x0000, 0x0000, 0x0000, 0x0000, 0x0000, 0x0000, 0x0000, 0x0000, 0x0000, 0x0000, 0x0000, 0x0000, 0x0000, 0x0000, 0x0000,
  0x0000, 0x0000, 0x0000, 0x0000, 0x0041, 0x0000, 0x0000, 0x0000, 0x0000, 0x0000, 0x0000, 0x0000, 0x0000, 0x0000, 0x0000, 0x0000,
  0x0000, 0x0000, 0x0000, 0x0000, 0x0000, 0x0000, 0x0000, 0x0000, 0x0000, 0x0000, 0x0000, 0x0000, 0x0000, 0x0000, 0x0000, 0x0000,
  0x0000, 0x0000, 0x0000, 0x0000, 0x0000, 0x0000, 0x0000, 0x0000, 0x0000, 0x0000, 0x0000, 0x0000, 0x0000, 0x0000, 0x0000, 0x0000,
  0x0000, 0x0000, 0x0000, 0x0000, 0x0000, 0x0000, 0x0000, 0x0000, 0x0000, 0x0000, 0x0000, 0x0000, 0x0000, 0x0000, 0x0000, 0x0000,
  0x0000, 0x0000, 0x0020, 0x0000, 0x0021, 0x2125, 0x18E4, 0x0000, 0x0020, 0x0020, 0x0020, 0x0020, 0x0020, 0x0000, 0x0000, 0x0000,
  0x0000, 0x0000, 0x0000, 0x0000, 0x0000, 0x0000, 0x0000, 0x0000, 0x0000, 0x0000, 0x0000, 0x0000, 0x0000, 0x0000, 0x0000, 0x0000,
  0x0000, 0x0000, 0x0000, 0x0000, 0x0000, 0x0000, 0x0000, 0x0000, 0x0000, 0x0000, 0x0000, 0x0000, 0x0000, 0x0000, 0x0000, 0x0000,
  0x0000, 0x0000, 0x0000, 0x0000, 0x0000, 0x0000, 0x0000, 0x0000, 0x0000, 0x0000, 0x0000, 0x0000, 0x0000, 0x0000, 0x0000, 0x0000,
  0x0000, 0x0000, 0x0000, 0x0000, 0x0000, 0x0000, 0x0000, 0x0000, 0x0000, 0x0000, 0x0000, 0x0000, 0x0000, 0x0000, 0x0000, 0x0000,
  0x0000, 0x0000, 0x0000, 0x0000, 0x0000, 0x0000, 0x0000, 0x0000, 0x0000, 0x0000, 0x0000, 0x0000, 0x0000, 0x0000, 0x0000, 0x0000,
  0x0000, 0x0000, 0x0000, 0x0000, 0x0000, 0x0000, 0x0000, 0x0000, 0x0000, 0x0000, 0x0000, 0x0000, 0x0000, 0x0000, 0x0000, 0x0000,
  0x0000, 0x0000, 0x0000, 0x0000, 0x0000, 0x0000, 0x0000, 0x0000, 0x0000, 0x0000, 0x0000, 0x0000, 0x0000, 0x0000, 0x0000, 0x0000,
  0x0000, 0x0000, 0x0000, 0x0000, 0x0000, 0x0000, 0x0000, 0x0000, 0x0000, 0x0000, 0x0000, 0x0000, 0x0000, 0x0000, 0x0000, 0x0000,
  0x0021, 0x1905, 0x10C4, 0x0000, 0x0000, 0x0000, 0x0000, 0x0000, 0x0000, 0x0000, 0x0000, 0x0000, 0x0000, 0x0000, 0x0000, 0x0000,
  0x0000, 0x0000, 0x0000, 0x0000, 0x0000, 0x0000, 0x0000, 0x0000, 0x0000, 0x0000, 0x0000, 0x0000, 0x0000, 0x0000, 0x0000, 0x0000,
  0x0000, 0x0000, 0x0000, 0x0000, 0x0000, 0x0000, 0x0000, 0x0000, 0x0000, 0x0000, 0x0000, 0x0000, 0x0000, 0x0000, 0x0000, 0x0000,
  0x0000, 0x0000, 0x0000, 0x0000, 0x0000, 0x0000, 0x0000, 0x0000, 0x0000, 0x0000, 0x0000, 0x0000, 0x0000, 0x0000, 0x0000, 0x0000,
  0x0000, 0x0000, 0x0000, 0x0000, 0x0000, 0x0000, 0x0000, 0x0000, 0x0000, 0x0000, 0x0000, 0x0000, 0x0000, 0x0000, 0x0000, 0x0000,
  0x0000, 0x0000, 0x0000, 0x0000, 0x0000, 0x0000, 0x0000, 0x0000, 0x0862, 0x0000, 0x5AEC, 0x8431, 0x8452, 0x8452, 0x8C72, 0x8452,
  0x8452, 0x8452, 0x8432, 0x7C11, 0x7BF1, 0x73D0, 0x73D0, 0x73D0, 0x73D0, 0x7BF1, 0x7BF1, 0x73D0, 0x6B8F, 0x6B6F, 0x6B6F, 0x636F,
  0x632E, 0x634E, 0x6B8F, 0x4229, 0x0000, 0x0841, 0x0020, 0x0000, 0x0000, 0x0000, 0x0000, 0x0000, 0x0000, 0x0000, 0x0000, 0x0000,
  0x0000, 0x0000, 0x0000, 0x0000, 0x0000, 0x0000, 0x0000, 0x0000, 0x0000, 0x0000, 0x0000, 0x0000, 0x0000, 0x0000, 0x0000, 0x0000,
  0x0000, 0x0000, 0x0000, 0x0000, 0x0000, 0x0000, 0x0000, 0x0000, 0x0000, 0x0000, 0x0000, 0x0000, 0x0000, 0x0000, 0x0000, 0x0000,
  0x0000, 0x0000, 0x0000, 0x0000, 0x0000, 0x0000, 0x0000, 0x0000, 0x0000, 0x0000, 0x0000, 0x0000, 0x0000, 0x0000, 0x0000, 0x0000,
  0x0000, 0x0020, 0x0020, 0x0020, 0x0000, 0x1905, 0x2125, 0x0000, 0x0020, 0x0020, 0x0020, 0x0020, 0x0020, 0x0000, 0x0000, 0x0000,
  0x0000, 0x0000, 0x0000, 0x0000, 0x0000, 0x0000, 0x0000, 0x0000, 0x0000, 0x0000, 0x0000, 0x0000, 0x0000, 0x0000, 0x0000, 0x0000,
  0x0000, 0x0000, 0x0000, 0x0000, 0x0000, 0x0000, 0x0000, 0x0000, 0x0000, 0x0000, 0x0000, 0x0000, 0x0000, 0x0000, 0x0000, 0x0000,
  0x0000, 0x0000, 0x0000, 0x0000, 0x0000, 0x0000, 0x0000, 0x0000, 0x0000, 0x0000, 0x0000, 0x0000, 0x0000, 0x0000, 0x0000, 0x0000,
  0x0000, 0x0000, 0x0000, 0x0000, 0x0000, 0x0000, 0x0000, 0x0000, 0x0000, 0x0000, 0x0000, 0x0000, 0x0000, 0x0000, 0x0000, 0x0000,
  0x0000, 0x0000, 0x0000, 0x0000, 0x0000, 0x0000, 0x0000, 0x0000, 0x0000, 0x0000, 0x0000, 0x0000, 0x0000, 0x0000, 0x0000, 0x0000,
  0x0000, 0x0000, 0x0000, 0x0000, 0x0000, 0x0000, 0x0000, 0x0000, 0x0000, 0x0000, 0x0000, 0x0000, 0x0000, 0x0000, 0x0000, 0x0000,
  0x0000, 0x0000, 0x0000, 0x0000, 0x0000, 0x0000, 0x0000, 0x0000, 0x0000, 0x0000, 0x0000, 0x0000, 0x0000, 0x0000, 0x0000, 0x0000,
  0x0000, 0x0000, 0x0000, 0x0000, 0x0000, 0x0000, 0x0000, 0x0000, 0x0000, 0x0000, 0x0000, 0x0000, 0x0000, 0x0000, 0x0020, 0x0000,
  0x0862, 0x2125, 0x0883, 0x0000, 0x0000, 0x0000, 0x0000, 0x0000, 0x0000, 0x0020, 0x0020, 0x0020, 0x0020, 0x0000, 0x0000, 0x0000,
  0x0000, 0x0000, 0x0000, 0x0000, 0x0000, 0x0000, 0x0000, 0x0000, 0x0000, 0x0000, 0x0000, 0x0000, 0x0000, 0x0000, 0x0000, 0x0000,
  0x0000, 0x0000, 0x0000, 0x0000, 0x0000, 0x0000, 0x0000, 0x0000, 0x0000, 0x0000, 0x0000, 0x0000, 0x0000, 0x0000, 0x0000, 0x0000,
  0x0000, 0x0000, 0x0000, 0x0000, 0x0000, 0x0000, 0x0000, 0x0000, 0x0000, 0x0000, 0x0000, 0x0000, 0x0000, 0x0000, 0x0000, 0x0000,
  0x0000, 0x0000, 0x0000, 0x0000, 0x0000, 0x0000, 0x0000, 0x0000, 0x0000, 0x0000, 0x0000, 0x0000, 0x0000, 0x0000, 0x0000, 0x0000,
  0x0000, 0x0000, 0x0000, 0x0000, 0x0000, 0x0000, 0x0000, 0x0000, 0x18E4, 0x0000, 0x9D15, 0xD6FD, 0xADB8, 0xADB8, 0xAD98, 0xAD98,
  0xAD78, 0xA577, 0xA557, 0x9D16, 0x8CB4, 0x8CB4, 0x8CB4, 0x8CB4, 0x94B4, 0x94D4, 0x8CB4, 0x8C73, 0x7C12, 0x73D1, 0x73D0, 0x6B90,
  0x6B6F, 0x6B6F, 0x8453, 0x5B0E, 0x0000, 0x0882, 0x0020, 0x0000, 0x0000, 0x0000, 0x0000, 0x0000, 0x0000, 0x0000, 0x0000, 0x0000,
  0x0000, 0x0000, 0x0000, 0x0000, 0x0000, 0x0000, 0x0000, 0x0000, 0x0000, 0x0000, 0x0000, 0x0000, 0x0000, 0x0000, 0x0000, 0x0000,
  0x0000, 0x0000, 0x0000, 0x0000, 0x0000, 0x0000, 0x0000, 0x0000, 0x0000, 0x0000, 0x0000, 0x0000, 0x0000, 0x0000, 0x0000, 0x0000,
  0x0000, 0x0000, 0x0000, 0x0000, 0x0000, 0x0000, 0x0000, 0x0000, 0x0000, 0x0000, 0x0000, 0x0000, 0x0000, 0x0000, 0x0000, 0x0000,
  0x0020, 0x0020, 0x0020, 0x0020, 0x0000, 0x10C4, 0x2125, 0x0862, 0x0000, 0x0020, 0x0020, 0x0000, 0x0020, 0x0000, 0x0000, 0x0000,
  0x0020, 0x0000, 0x0000, 0x0000, 0x0000, 0x0000, 0x0000, 0x0000, 0x0000, 0x0000, 0x0000, 0x0000, 0x0000, 0x0000, 0x0000, 0x0000,
  0x0000, 0x0000, 0x0000, 0x0000, 0x0000, 0x0000, 0x0000, 0x0000, 0x0000, 0x0000, 0x0000, 0x0000, 0x0000, 0x0000, 0x0000, 0x0000,
  0x0000, 0x0000, 0x0000, 0x0000, 0x0000, 0x0000, 0x0000, 0x0000, 0x0000, 0x0000, 0x0000, 0x0000, 0x0000, 0x0000, 0x0000, 0x0000,
  0x0000, 0x0000, 0x0000, 0x0000, 0x0000, 0x0000, 0x0000, 0x0000, 0x0000, 0x0000, 0x0000, 0x0000, 0x0000, 0x0000, 0x0000, 0x0000,
  0x0000, 0x0000, 0x0000, 0x0000, 0x0000, 0x0000, 0x0000, 0x0000, 0x0000, 0x0000, 0x0000, 0x0000, 0x0000, 0x0000, 0x0000, 0x0000,
  0x0000, 0x0000, 0x0000, 0x0000, 0x0000, 0x0000, 0x0000, 0x0000, 0x0000, 0x0000, 0x0000, 0x0000, 0x0000, 0x0000, 0x0000, 0x0000,
  0x0000, 0x0000, 0x0000, 0x0000, 0x0000, 0x0000, 0x0000, 0x0000, 0x0000, 0x0000, 0x0000, 0x0000, 0x0000, 0x0000, 0x0000, 0x0000,
  0x0000, 0x0000, 0x0000, 0x0000, 0x0000, 0x0000, 0x0000, 0x0000, 0x0000, 0x0000, 0x0000, 0x0000, 0x0020, 0x0000, 0x0021, 0x0000,
  0x10C3, 0x2125, 0x0041, 0x0000, 0x0000, 0x0000, 0x0000, 0x0000, 0x0020, 0x0020, 0x0020, 0x0020, 0x0000, 0x0000, 0x0000, 0x0000,
  0x0000, 0x0000, 0x0000, 0x0000, 0x0000, 0x0000, 0x0000, 0x0000, 0x0000, 0x0000, 0x0000, 0x0000, 0x0000, 0x0000, 0x0000, 0x0000,
  0x0000, 0x0000, 0x0000, 0x0000, 0x0000, 0x0000, 0x0000, 0x0000, 0x0000, 0x0000, 0x0000, 0x0000, 0x0000, 0x0000, 0x0000, 0x0000,
  0x0000, 0x0000, 0x0000, 0x0000, 0x0000, 0x0000, 0x0000, 0x0000, 0x0000, 0x0000, 0x0000, 0x0000, 0x0000, 0x0000, 0x0000, 0x0000,
  0x0000, 0x0000, 0x0000, 0x0000, 0x0000, 0x0000, 0x0000, 0x0000, 0x0000, 0x0000, 0x0000, 0x0000, 0x0000, 0x0000, 0x0000, 0x0000,
  0x0000, 0x0000, 0x0000, 0x0000, 0x0000, 0x0000, 0x0020, 0x0000, 0x18C3, 0x0000, 0x8C94, 0xADB8, 0x2968, 0x3A09, 0x3A09, 0x3A09,
  0x3A09, 0x3A0A, 0x424B, 0x31A8, 0x0000, 0x0000, 0x0000, 0x0000, 0x0000, 0x0000, 0x0000, 0x0000, 0x0000, 0x0000, 0x0000, 0x0000,
  0x0000, 0x0000, 0x3A09, 0x422A, 0x0000, 0x0841, 0x0020, 0x0020, 0x0000, 0x0000, 0x0000, 0x0000, 0x0000, 0x0000, 0x0000, 0x0000,
  0x0000, 0x0000, 0x0000, 0x0000, 0x0000, 0x0000, 0x0000, 0x0000, 0x0000, 0x0000, 0x0000, 0x0000, 0x0000, 0x0000, 0x0000, 0x0000,
  0x0000, 0x0000, 0x0000, 0x0000, 0x0000, 0x0000, 0x0000, 0x0000, 0x0000, 0x0000, 0x0000, 0x0000, 0x0000, 0x0000, 0x0000, 0x0000,
  0x0000, 0x0000, 0x0000, 0x0000, 0x0000, 0x0000, 0x0000, 0x0000, 0x0000, 0x0000, 0x0000, 0x0000, 0x0000, 0x0000, 0x0000, 0x0000,
  0x0000, 0x0000, 0x0000, 0x0020, 0x0000, 0x0862, 0x2125, 0x10A3, 0x0000, 0x0020, 0x0000, 0x0000, 0x0000, 0x0000, 0x0000, 0x0000,
  0x0020, 0x0000, 0x0000, 0x0000, 0x0000, 0x0000, 0x0000, 0x0000, 0x0000, 0x0000, 0x0000, 0x0000, 0x0000, 0x0000, 0x0000, 0x0000,
  0x0000, 0x0000, 0x0000, 0x0000, 0x0000, 0x0000, 0x0000, 0x0000, 0x0000, 0x0000, 0x0000, 0x0000, 0x0000, 0x0000, 0x0000, 0x0000,
  0x0000, 0x0000, 0x0000, 0x0000, 0x0000, 0x0000, 0x0000, 0x0000, 0x0000, 0x0000, 0x0000, 0x0000, 0x0000, 0x0000, 0x0000, 0x0000,
  0x0000, 0x0000, 0x0000, 0x0000, 0x0000, 0x0000, 0x0000, 0x0000, 0x0000, 0x0000, 0x0000, 0x0000, 0x0000, 0x0000, 0x0000, 0x0000,
  0x0000, 0x0000, 0x0000, 0x0000, 0x0000, 0x0000, 0x0000, 0x0000, 0x0000, 0x0000, 0x0000, 0x0000, 0x0000, 0x0000, 0x0000, 0x0000,
  0x0000, 0x0000, 0x0000, 0x0000, 0x0000, 0x0000, 0x0000, 0x0000, 0x0000, 0x0000, 0x0000, 0x0000, 0x0000, 0x0000, 0x0000, 0x0000,
  0x0000, 0x0000, 0x0000, 0x0000, 0x0000, 0x0000, 0x0000, 0x0000, 0x0000, 0x0000, 0x0000, 0x0000, 0x0000, 0x0000, 0x0000, 0x0000,
  0x0000, 0x0000, 0x0000, 0x0000, 0x0000, 0x0000, 0x0000, 0x0000, 0x0000, 0x0000, 0x0000, 0x0000, 0x0020, 0x0020, 0x0021, 0x0000,
  0x18E4, 0x2105, 0x0000, 0x0020, 0x0020, 0x0020, 0x0000, 0x0000, 0x0020, 0x0000, 0x0020, 0x0020, 0x0000, 0x0000, 0x0000, 0x0000,
  0x0000, 0x0000, 0x0000, 0x0000, 0x0000, 0x0000, 0x0000, 0x0000, 0x0000, 0x0000, 0x0000, 0x0000, 0x0000, 0x0000, 0x0000, 0x0000,
  0x0000, 0x0000, 0x0000, 0x0000, 0x0000, 0x0000, 0x0000, 0x0000, 0x0000, 0x0000, 0x0000, 0x0000, 0x0000, 0x0000, 0x0000, 0x0000,
  0x0000, 0x0000, 0x0000, 0x0000, 0x0000, 0x0000, 0x0000, 0x0000, 0x0000, 0x0000, 0x0000, 0x0000, 0x0000, 0x0000, 0x0000, 0x0000,
  0x0000, 0x0000, 0x0000, 0x0000, 0x0000, 0x0000, 0x0000, 0x0000, 0x0000, 0x0000, 0x0000, 0x0000, 0x0000, 0x0000, 0x0000, 0x0000,
  0x0000, 0x0000, 0x0000, 0x0000, 0x0000, 0x0000, 0x0020, 0x0000, 0x18C3, 0x0000, 0x8C93, 0xB5B8, 0x4A8C, 0x5AED, 0x5AED, 0x5AED,
  0x5AED, 0x5AED, 0x5B0D, 0x4A8B, 0x31A8, 0x39E8, 0x39C8, 0x31C8, 0x39E8, 0x39E8, 0x39E8, 0x31A7, 0x2145, 0x2146, 0x2145, 0x2145,
  0x2146, 0x1904, 0x4A6B, 0x424A, 0x0000, 0x0041, 0x0020, 0x0000, 0x0000, 0x0000, 0x0000, 0x0000, 0x0000, 0x0000, 0x0000, 0x0000,
  0x0000, 0x0000, 0x0000, 0x0000, 0x0000, 0x0000, 0x0000, 0x0000, 0x0000, 0x0000, 0x0000, 0x0000, 0x0000, 0x0000, 0x0000, 0x0000,
  0x0000, 0x0000, 0x0000, 0x0000, 0x0000, 0x0000, 0x0000, 0x0000, 0x0000, 0x0000, 0x0000, 0x0000, 0x0000, 0x0000, 0x0000, 0x0000,
  0x0000, 0x0000, 0x0000, 0x0000, 0x0000, 0x0000, 0x0000, 0x0000, 0x0000, 0x0000, 0x0000, 0x0000, 0x0000, 0x0000, 0x0000, 0x0000,
  0x0000, 0x0000, 0x0000, 0x0020, 0x0020, 0x0020, 0x1905, 0x18E4, 0x0000, 0x0000, 0x0000, 0x0000, 0x0000, 0x0000, 0x0000, 0x0000,
  0x0020, 0x0020, 0x0000, 0x0000, 0x0000, 0x0000, 0x0000, 0x0000, 0x0000, 0x0000, 0x0000, 0x0000, 0x0000, 0x0000, 0x0000, 0x0000,
  0x0000, 0x0000, 0x0000, 0x0000, 0x0000, 0x0000, 0x0000, 0x0000, 0x0000, 0x0000, 0x0000, 0x0000, 0x0000, 0x0000, 0x0000, 0x0000,
  0x0000, 0x0000, 0x0000, 0x0000, 0x0000, 0x0000, 0x0000, 0x0000, 0x0000, 0x0000, 0x0000, 0x0000, 0x0000, 0x0000, 0x0000, 0x0000,
  0x0000, 0x0000, 0x0000, 0x0000, 0x0000, 0x0000, 0x0000, 0x0000, 0x0000, 0x0000, 0x0000, 0x0000, 0x0000, 0x0000, 0x0000, 0x0000,
  0x0000, 0x0000, 0x0000, 0x0000, 0x0000, 0x0000, 0x0000, 0x0000, 0x0000, 0x0000, 0x0000, 0x0000, 0x0000, 0x0000, 0x0000, 0x0000,
  0x0000, 0x0000, 0x0000, 0x0000, 0x0000, 0x0000, 0x0000, 0x0000, 0x0000, 0x0000, 0x0000, 0x0000, 0x0000, 0x0000, 0x0000, 0x0000,
  0x0000, 0x0000, 0x0000, 0x0000, 0x0000, 0x0000, 0x0000, 0x0000, 0x0000, 0x0000, 0x0000, 0x0000, 0x0000, 0x0000, 0x0000, 0x0000,
  0x0000, 0x0000, 0x0000, 0x0000, 0x0000, 0x0000, 0x0000, 0x0000, 0x0000, 0x0000, 0x0000, 0x0000, 0x0000, 0x0001, 0x0000, 0x0021,
  0x2125, 0x18E4, 0x0000, 0x0020, 0x0020, 0x0000, 0x0000, 0x0020, 0x0020, 0x0020, 0x0020, 0x0000, 0x0000, 0x0000, 0x0000, 0x0000,
  0x0000, 0x0000, 0x0000, 0x0000, 0x0000, 0x0000, 0x0000, 0x0000, 0x0000, 0x0000, 0x0000, 0x0000, 0x0000, 0x0000, 0x0000, 0x0000,
  0x0000, 0x0000, 0x0000, 0x0000, 0x0000, 0x0000, 0x0000, 0x0000, 0x0000, 0x0000, 0x0000, 0x0000, 0x0000, 0x0000, 0x0000, 0x0000,
  0x0000, 0x0000, 0x0000, 0x0000, 0x0000, 0x0000, 0x0000, 0x0000, 0x0000, 0x0000, 0x0000, 0x0000, 0x0000, 0x0000, 0x0000, 0x0000,
  0x0000, 0x0000, 0x0000, 0x0000, 0x0000, 0x0000, 0x0000, 0x0000, 0x0000, 0x0000, 0x0000, 0x0000, 0x0000, 0x0000, 0x0000, 0x0000,
  0x0000, 0x0000, 0x0000, 0x0000, 0x0000, 0x0000, 0x0020, 0x0000, 0x18C3, 0x0000, 0x8452, 0xAD97, 0x424B, 0x52CC, 0x52CC, 0x52CC,
  0x52CC, 0x52CC, 0x52ED, 0x424A, 0x2987, 0x31A7, 0x31A7, 0x31A7, 0x31A7, 0x31A7, 0x31A7, 0x2966, 0x18E4, 0x1904, 0x1904, 0x1904,
  0x1905, 0x10A3, 0x424A, 0x422A, 0x0000, 0x0041, 0x0000, 0x0000, 0x0000, 0x0000, 0x0000, 0x0000, 0x0000, 0x0000, 0x0000, 0x0000,
  0x0000, 0x0000, 0x0000, 0x0000, 0x0000, 0x0000, 0x0000, 0x0000, 0x0000, 0x0000, 0x0000, 0x0000, 0x0000, 0x0000, 0x0000, 0x0000,
  0x0000, 0x0000, 0x0000, 0x0000, 0x0000, 0x0000, 0x0000, 0x0000, 0x0000, 0x0000, 0x0000, 0x0000, 0x0000, 0x0000, 0x0000, 0x0000,
  0x0000, 0x0000, 0x0000, 0x0000, 0x0000, 0x0000, 0x0000, 0x0000, 0x0000, 0x0000, 0x0000, 0x0000, 0x0000, 0x0000, 0x0000, 0x0000,
  0x0000, 0x0000, 0x0020, 0x0020, 0x0020, 0x0000, 0x10A3, 0x2125, 0x0041, 0x0000, 0x0020, 0x0000, 0x0000, 0x0000, 0x0000, 0x0020,
  0x0020, 0x0020, 0x0020, 0x0000, 0x0000, 0x0000, 0x0000, 0x0000, 0x0000, 0x0000, 0x0000, 0x0000, 0x0000, 0x0000, 0x0000, 0x0000,
  0x0000, 0x0000, 0x0000, 0x0000, 0x0000, 0x0000, 0x0000, 0x0000, 0x0000, 0x0000, 0x0000, 0x0000, 0x0000, 0x0000, 0x0000, 0x0000,
  0x0000, 0x0000, 0x0000, 0x0000, 0x0000, 0x0000, 0x0000, 0x0000, 0x0000, 0x0000, 0x0000, 0x0000, 0x0000, 0x0000, 0x0000, 0x0000,
  0x0000, 0x0000, 0x0000, 0x0000, 0x0000, 0x0000, 0x0000, 0x0000, 0x0000, 0x0000, 0x0000, 0x0000, 0x0000, 0x0000, 0x0000, 0x0000,
  0x0000, 0x0000, 0x0000, 0x0000, 0x0000, 0x0000, 0x0000, 0x0000, 0x0000, 0x0000, 0x0000, 0x0000, 0x0000, 0x0000, 0x0000, 0x0000,
  0x0000, 0x0000, 0x0000, 0x0000, 0x0000, 0x0000, 0x0000, 0x0000, 0x0000, 0x0000, 0x0000, 0x0000, 0x0000, 0x0000, 0x0000, 0x0000,
  0x0000, 0x0000, 0x0000, 0x0000, 0x0000, 0x0000, 0x0000, 0x0000, 0x0000, 0x0000, 0x0000, 0x0000, 0x0000, 0x0000, 0x0000, 0x0000,
  0x0000, 0x0000, 0x0000, 0x0000, 0x0000, 0x0000, 0x0000, 0x0000, 0x0000, 0x0000, 0x0000, 0x0000, 0x0000, 0x0001, 0x0000, 0x0862,
  0x2125, 0x1083, 0x0000, 0x0020, 0x0020, 0x0020, 0x0000, 0x0000, 0x0020, 0x0020, 0x0020, 0x0000, 0x0000, 0x0000, 0x0000, 0x0000,
  0x0000, 0x0000, 0x0000, 0x0000, 0x0000, 0x0000, 0x0000, 0x0000, 0x0000, 0x0000, 0x0000, 0x0000, 0x0000, 0x0000, 0x0000, 0x0000,
  0x0000, 0x0000, 0x0000, 0x0000, 0x0000, 0x0000, 0x0000, 0x0000, 0x0000, 0x0000, 0x0000, 0x0000, 0x0000, 0x0000, 0x0000, 0x0000,
  0x0000, 0x0000, 0x0000, 0x0000, 0x0000, 0x0000, 0x0000, 0x0000, 0x0000, 0x0000, 0x0000, 0x0000, 0x0000, 0x0000, 0x0000, 0x0000,
  0x0000, 0x0000, 0x0000, 0x0000, 0x0000, 0x0000, 0x0000, 0x0000, 0x0000, 0x0000, 0x0000, 0x0000, 0x0000, 0x0000, 0x0000, 0x0000,
  0x0000, 0x0000, 0x0000, 0x0000, 0x0000, 0x0000, 0x0000, 0x0020, 0x0041, 0x0000, 0x2986, 0x424A, 0x1905, 0x1904, 0x18C4, 0x18E4,
  0x18E4, 0x1904, 0x18E4, 0x0882, 0x0842, 0x10A3, 0x1082, 0x1082, 0x1082, 0x1083, 0x10A3, 0x0882, 0x0841, 0x0861, 0x0862, 0x0862,
  0x0862, 0x0021, 0x18E4, 0x18C3, 0x0000, 0x0020, 0x0000, 0x0000, 0x0000, 0x0000, 0x0000, 0x0000, 0x0000, 0x0000, 0x0000, 0x0000,
  0x0000, 0x0000, 0x0000, 0x0000, 0x0000, 0x0000, 0x0000, 0x0000, 0x0000, 0x0000, 0x0000, 0x0000, 0x0000, 0x0000, 0x0000, 0x0000,
  0x0000, 0x0000, 0x0000, 0x0000, 0x0000, 0x0000, 0x0000, 0x0000, 0x0000, 0x0000, 0x0000, 0x0000, 0x0000, 0x0000, 0x0000, 0x0000,
  0x0000, 0x0000, 0x0000, 0x0000, 0x0000, 0x0000, 0x0000, 0x0000, 0x0000, 0x0000, 0x0000, 0x0000, 0x0000, 0x0000, 0x0000, 0x0000,
  0x0000, 0x0020, 0x0020, 0x0020, 0x0020, 0x0000, 0x0000, 0x2105, 0x10A3, 0x0000, 0x0020, 0x0000, 0x0000, 0x0000, 0x0000, 0x0020,
  0x0020, 0x0020, 0x0020, 0x0000, 0x0020, 0x0000, 0x0000, 0x0000, 0x0000, 0x0000, 0x0000, 0x0000, 0x0000, 0x0000, 0x0000, 0x0000,
  0x0000, 0x0000, 0x0000, 0x0000, 0x0000, 0x0000, 0x0000, 0x0000, 0x0000, 0x0000, 0x0000, 0x0000, 0x0000, 0x0000, 0x0000, 0x0000,
  0x0000, 0x0000, 0x0000, 0x0000, 0x0000, 0x0000, 0x0000, 0x0000, 0x0000, 0x0000, 0x0000, 0x0000, 0x0000, 0x0000, 0x0000, 0x0000,
  0x0000, 0x0000, 0x0000, 0x0000, 0x0000, 0x0000, 0x0000, 0x0000, 0x0000, 0x0000, 0x0000, 0x0000, 0x0000, 0x0000, 0x0000, 0x0000,
  0x0000, 0x0000, 0x0000, 0x0000, 0x0000, 0x0000, 0x0000, 0x0000, 0x0000, 0x0000, 0x0000, 0x0000, 0x0000, 0x0000, 0x0000, 0x0000,
  0x0000, 0x0000, 0x0000, 0x0000, 0x0000, 0x0000, 0x0000, 0x0000, 0x0000, 0x0000, 0x0000, 0x0000, 0x0000, 0x0000, 0x0000, 0x0000,
  0x0000, 0x0000, 0x0000, 0x0000, 0x0000, 0x0000, 0x0000, 0x0000, 0x0000, 0x0000, 0x0000, 0x0000, 0x0000, 0x0000, 0x0000, 0x0000,
  0x0000, 0x0000, 0x0000, 0x0000, 0x0000, 0x0000, 0x0000, 0x0000, 0x0000, 0x0020, 0x0020, 0x0000, 0x0000, 0x0021, 0x0000, 0x10A3,
  0x2125, 0x0842, 0x0000, 0x0020, 0x0000, 0x0000, 0x0000, 0x0000, 0x0020, 0x0020, 0x0000, 0x0000, 0x0000, 0x0000, 0x0000, 0x0000,
  0x0000, 0x0000, 0x0000, 0x0000, 0x0000, 0x0000, 0x0000, 0x0000, 0x0000, 0x0000, 0x0000, 0x0000, 0x0000, 0x0000, 0x0000, 0x0000,
  0x0000, 0x0000, 0x0000, 0x0000, 0x0000, 0x0000, 0x0000, 0x0000, 0x0000, 0x0000, 0x0000, 0x0000, 0x0000, 0x0000, 0x0000, 0x0000,
  0x0000, 0x0000, 0x0000, 0x0000, 0x0000, 0x0000, 0x0000, 0x0000, 0x0000, 0x0000, 0x0000, 0x0000, 0x0000, 0x0000, 0x0000, 0x0000,
  0x0000, 0x0000, 0x0000, 0x0000, 0x0000, 0x0000, 0x0000, 0x0000, 0x0000, 0x0000, 0x0000, 0x0000, 0x0000, 0x0000, 0x0000, 0x0000,
  0x0000, 0x0000, 0x0000, 0x0000, 0x0000, 0x0000, 0x0000, 0x0020, 0x0000, 0x0021, 0x0000, 0x0000, 0x0000, 0x1082, 0x2966, 0x2965,
  0x2945, 0x2124, 0x2125, 0x2945, 0x18E3, 0x0000, 0x0020, 0x0020, 0x0020, 0x0000, 0x0000, 0x0000, 0x0000, 0x0000, 0x0000, 0x0000,
  0x10C3, 0x0862, 0x0000, 0x0000, 0x0020, 0x0000, 0x0000, 0x0000, 0x0000, 0x0000, 0x0000, 0x0000, 0x0000, 0x0000, 0x0000, 0x0000,
  0x0000, 0x0000, 0x0000, 0x0000, 0x0000, 0x0000, 0x0000, 0x0000, 0x0000, 0x0000, 0x0000, 0x0000, 0x0000, 0x0000, 0x0000, 0x0000,
  0x0000, 0x0000, 0x0000, 0x0000, 0x0000, 0x0000, 0x0000, 0x0000, 0x0000, 0x0000, 0x0000, 0x0000, 0x0000, 0x0000, 0x0000, 0x0000,
  0x0000, 0x0000, 0x0000, 0x0000, 0x0000, 0x0000, 0x0000, 0x0000, 0x0000, 0x0000, 0x0000, 0x0000, 0x0000, 0x0000, 0x0000, 0x0000,
  0x0000, 0x0020, 0x0020, 0x0020, 0x0000, 0x0020, 0x0000, 0x18E4, 0x18E4, 0x0000, 0x0020, 0x0000, 0x0000, 0x0000, 0x0000, 0x0000,
  0x0000, 0x0000, 0x0020, 0x0000, 0x0000, 0x0000, 0x0000, 0x0000, 0x0000, 0x0000, 0x0000, 0x0000, 0x0000, 0x0000, 0x0000, 0x0000,
  0x0000, 0x0000, 0x0000, 0x0000, 0x0000, 0x0000, 0x0000, 0x0000, 0x0000, 0x0000, 0x0000, 0x0000, 0x0000, 0x0000, 0x0000, 0x0000,
  0x0000, 0x0000, 0x0000, 0x0000, 0x0000, 0x0000, 0x0000, 0x0000, 0x0000, 0x0000, 0x0000, 0x0000, 0x0000, 0x0000, 0x0000, 0x0000,
  0x0000, 0x0000, 0x0000, 0x0000, 0x0000, 0x0000, 0x0000, 0x0000, 0x0000, 0x0000, 0x0000, 0x0000, 0x0000, 0x0000, 0x0000, 0x0000,
  0x0000, 0x0000, 0x0000, 0x0000, 0x0000, 0x0000, 0x0000, 0x0000, 0x0000, 0x0000, 0x0000, 0x0000, 0x0000, 0x0000, 0x0000, 0x0000,
  0x0000, 0x0000, 0x0000, 0x0000, 0x0000, 0x0000, 0x0000, 0x0000, 0x0000, 0x0000, 0x0000, 0x0000, 0x0000, 0x0000, 0x0000, 0x0000,
  0x0000, 0x0000, 0x0000, 0x0000, 0x0000, 0x0000, 0x0000, 0x0000, 0x0000, 0x0000, 0x0000, 0x0000, 0x0000, 0x0000, 0x0000, 0x0000,
  0x0000, 0x0000, 0x0000, 0x0000, 0x0000, 0x0000, 0x0000, 0x0000, 0x0000, 0x0000, 0x0020, 0x0020, 0x0000, 0x0021, 0x0000, 0x18E4,
  0x1904, 0x0000, 0x0000, 0x0000, 0x0000, 0x0000, 0x0000, 0x0000, 0x0000, 0x0000, 0x0000, 0x0000, 0x0000, 0x0020, 0x0020, 0x0020,
  0x0020, 0x0000, 0x0000, 0x0000, 0x0000, 0x0000, 0x0000, 0x0000, 0x0000, 0x0000, 0x0000, 0x0000, 0x0000, 0x0000, 0x0000, 0x0000,
  0x0000, 0x0000, 0x0000, 0x0000, 0x0000, 0x0000, 0x0000, 0x0000, 0x0000, 0x0000, 0x0000, 0x0000, 0x0000, 0x0000, 0x0000, 0x0000,
  0x0000, 0x0000, 0x0000, 0x0000, 0x0000, 0x0000, 0x0000, 0x0000, 0x0000, 0x0000, 0x0000, 0x0000, 0x0000, 0x0000, 0x0000, 0x0000,
  0x0000, 0x0000, 0x0000, 0x0000, 0x0000, 0x0000, 0x0000, 0x0000, 0x0000, 0x0000, 0x0000, 0x0000, 0x0000, 0x0000, 0x0000, 0x0000,
  0x0000, 0x0000, 0x0000, 0x0000, 0x0000, 0x0000, 0x0000, 0x0000, 0x0020, 0x0000, 0x0041, 0x10A3, 0x0000, 0x4229, 0x73D0, 0x738F,
  0x6B8F, 0x6B8F, 0x6B6F, 0x73B0, 0x4A8B, 0x18E4, 0x2146, 0x2146, 0x2126, 0x2125, 0x2105, 0x10A3, 0x10A3, 0x10A3, 0x10A3, 0x0882,
  0x2146, 0x10C3, 0x0000, 0x0020, 0x0000, 0x0000, 0x0000, 0x0000, 0x0000, 0x0000, 0x0000, 0x0000, 0x0000, 0x0000, 0x0000, 0x0000,
  0x0000, 0x0000, 0x0000, 0x0000, 0x0000, 0x0000, 0x0000, 0x0000, 0x0000, 0x0000, 0x0000, 0x0000, 0x0000, 0x0000, 0x0000, 0x0000,
  0x0000, 0x0000, 0x0000, 0x0000, 0x0000, 0x0000, 0x0000, 0x0000, 0x0000, 0x0000, 0x0000, 0x0000, 0x0000, 0x0000, 0x0000, 0x0000,
  0x0000, 0x0000, 0x0000, 0x0000, 0x0000, 0x0000, 0x0000, 0x0000, 0x0000, 0x0000, 0x0000, 0x0000, 0x0000, 0x0000, 0x0000, 0x0000,
  0x0000, 0x0020, 0x0020, 0x0000, 0x0000, 0x0000, 0x0000, 0x1083, 0x1905, 0x0000, 0x0021, 0x0000, 0x0000, 0x0000, 0x0000, 0x0000,
  0x0000, 0x0000, 0x0000, 0x0000, 0x0000, 0x0000, 0x0000, 0x0000, 0x0000, 0x0000, 0x0000, 0x0000, 0x0000, 0x0000, 0x0000, 0x0000,
  0x0000, 0x0000, 0x0000, 0x0000, 0x0000, 0x0000, 0x0000, 0x0000, 0x0000, 0x0000, 0x0000, 0x0000, 0x0000, 0x0000, 0x0000, 0x0000,
  0x0000, 0x0000, 0x0000, 0x0000, 0x0000, 0x0000, 0x0000, 0x0000, 0x0000, 0x0000, 0x0000, 0x0000, 0x0000, 0x0000, 0x0000, 0x0000,
  0x0000, 0x0000, 0x0000, 0x0000, 0x0000, 0x0000, 0x0000, 0x0000, 0x0000, 0x0000, 0x0000, 0x0000, 0x0000, 0x0000, 0x0000, 0x0000,
  0x0000, 0x0000, 0x0000, 0x0000, 0x0000, 0x0000, 0x0000, 0x0000, 0x0000, 0x0000, 0x0000, 0x0000, 0x0000, 0x0000, 0x0000, 0x0000,
  0x0000, 0x0000, 0x0000, 0x0000, 0x0000, 0x0000, 0x0000, 0x0000, 0x0000, 0x0000, 0x0000, 0x0000, 0x0000, 0x0000, 0x0000, 0x0000,
  0x0000, 0x0000, 0x0000, 0x0000, 0x0000, 0x0000, 0x0000, 0x0000, 0x0000, 0x0000, 0x0000, 0x0000, 0x0000, 0x0000, 0x0000, 0x0000,
  0x0000, 0x0000, 0x0000, 0x0000, 0x0000, 0x0000, 0x0000, 0x0000, 0x0020, 0x0020, 0x0000, 0x0000, 0x0020, 0x0000, 0x0041, 0x2105,
  0x10A3, 0x0000, 0x0020, 0x0000, 0x0000, 0x0000, 0x0000, 0x0000, 0x0000, 0x0000, 0x0000, 0x0000, 0x0000, 0x0000, 0x0000, 0x0000,
  0x0000, 0x0000, 0x0000, 0x0000, 0x0000, 0x0000, 0x0000, 0x0000, 0x0000, 0x0000, 0x0000, 0x0000, 0x0000, 0x0000, 0x0000, 0x0000,
  0x0000, 0x0000, 0x0000, 0x0000, 0x0000, 0x0000, 0x0000, 0x0000, 0x0000, 0x0000, 0x0000, 0x0000, 0x0000, 0x0000, 0x0000, 0x0000,
  0x0000, 0x0000, 0x0000, 0x0000, 0x0000, 0x0000, 0x0000, 0x0000, 0x0000, 0x0000, 0x0000, 0x0000, 0x0000, 0x0000, 0x0000, 0x0000,
  0x0000, 0x0000, 0x0000, 0x0000, 0x0000, 0x0000, 0x0000, 0x0000, 0x0000, 0x0000, 0x0000, 0x0000, 0x0000, 0x0000, 0x0000, 0x0000,
  0x0000, 0x0000, 0x0000, 0x0000, 0x0000, 0x0000, 0x0000, 0x0000, 0x0000, 0x0000, 0x0000, 0x0861, 0x0000, 0x4229, 0x73D0, 0x6B8F,
  0x6B8F, 0x6B8F, 0x6B8F, 0x6B90, 0x4A6A, 0x1905, 0x2966, 0x2146, 0x2146, 0x2146, 0x2125, 0x10C3, 0x18C3, 0x18C3, 0x18C3, 0x10A3,
  0x2966, 0x18C3, 0x0000, 0x0020, 0x0000, 0x0000, 0x0000, 0x0000, 0x0000, 0x0000, 0x0000, 0x0000, 0x0000, 0x0000, 0x0000, 0x0000,
  0x0000, 0x0000, 0x0000, 0x0000, 0x0000, 0x0000, 0x0000, 0x0000, 0x0000, 0x0000, 0x0000, 0x0000, 0x0000, 0x0000, 0x0000, 0x0000,
  0x0000, 0x0000, 0x0000, 0x0000, 0x0000, 0x0000, 0x0000, 0x0000, 0x0000, 0x0000, 0x0000, 0x0000, 0x0000, 0x0000, 0x0000, 0x0000,
  0x0000, 0x0000, 0x0000, 0x0000, 0x0000, 0x0000, 0x0000, 0x0000, 0x0000, 0x0000, 0x0000, 0x0000, 0x0000, 0x0000, 0x0000, 0x0000,
  0x0020, 0x0020, 0x0020, 0x0000, 0x0000, 0x0000, 0x0000, 0x0841, 0x2126, 0x0862, 0x0000, 0x0021, 0x0001, 0x0000, 0x0020, 0x0020,
  0x0000, 0x0000, 0x0000, 0x0000, 0x0000, 0x0000, 0x0000, 0x0000, 0x0000, 0x0000, 0x0000, 0x0000, 0x0000, 0x0000, 0x0000, 0x0000,
  0x0000, 0x0000, 0x0000, 0x0000, 0x0000, 0x0000, 0x0000, 0x0000, 0x0000, 0x0000, 0x0000, 0x0000, 0x0000, 0x0000, 0x0000, 0x0000,
  0x0000, 0x0000, 0x0000, 0x0000, 0x0000, 0x0000, 0x0000, 0x0000, 0x0000, 0x0000, 0x0000, 0x0000, 0x0000, 0x0000, 0x0000, 0x0000,
  0x0000, 0x0000, 0x0000, 0x0000, 0x0000, 0x0000, 0x0000, 0x0000, 0x0000, 0x0000, 0x0000, 0x0000, 0x0000, 0x0000, 0x0000, 0x0000,
  0x0000, 0x0000, 0x0000, 0x0000, 0x0000, 0x0000, 0x0000, 0x0000, 0x0000, 0x0000, 0x0000, 0x0000, 0x0000, 0x0000, 0x0000, 0x0000,
  0x0000, 0x0000, 0x0000, 0x0000, 0x0000, 0x0000, 0x0000, 0x0000, 0x0000, 0x0000, 0x0000, 0x0000, 0x0000, 0x0000, 0x0000, 0x0000,
  0x0000, 0x0000, 0x0000, 0x0000, 0x0000, 0x0000, 0x0000, 0x0000, 0x0000, 0x0000, 0x0000, 0x0000, 0x0000, 0x0000, 0x0000, 0x0000,
  0x0000, 0x0000, 0x0000, 0x0000, 0x0000, 0x0000, 0x0000, 0x0000, 0x0020, 0x0020, 0x0020, 0x0000, 0x0021, 0x0000, 0x1905, 0x2125,
  0x0000, 0x0000, 0x0000, 0x0000, 0x0000, 0x0000, 0x0000, 0x0000, 0x0000, 0x0000, 0x0000, 0x0000, 0x0000, 0x0000, 0x0000, 0x0000,
  0x0000, 0x0000, 0x0000, 0x0000, 0x0000, 0x0000, 0x0000, 0x0000, 0x0000, 0x0000, 0x0000, 0x0000, 0x0000, 0x0000, 0x0000, 0x0000,
  0x0000, 0x0000, 0x0000, 0x0000, 0x0000, 0x0000, 0x0000, 0x0000, 0x0000, 0x0000, 0x0000, 0x0000, 0x0000, 0x0000, 0x0000, 0x0000,
  0x0000, 0x0000, 0x0000, 0x0000, 0x0000, 0x0000, 0x0000, 0x0000, 0x0000, 0x0000, 0x0000, 0x0000, 0x0000, 0x0000, 0x0000, 0x0000,
  0x0000, 0x0000, 0x0000, 0x0000, 0x0000, 0x0000, 0x0000, 0x0000, 0x0000, 0x0000, 0x0000, 0x0000, 0x0000, 0x0000, 0x0000, 0x0000,
  0x0000, 0x0000, 0x0000, 0x0000, 0x0000, 0x0000, 0x0000, 0x0000, 0x0000, 0x0000, 0x0020, 0x0861, 0x0000, 0x39E8, 0x73B0, 0x6B8F,
  0x6B8F, 0x6B6F, 0x6B6F, 0x6B8F, 0x426A, 0x1904, 0x2146, 0x2146, 0x2146, 0x2146, 0x2125, 0x10C3, 0x10C3, 0x18C3, 0x18C3, 0x10A3,
  0x31A7, 0x18E4, 0x0000, 0x0021, 0x0000, 0x0000, 0x0000, 0x0000, 0x0000, 0x0000, 0x0000, 0x0000, 0x0000, 0x0000, 0x0000, 0x0000,
  0x0000, 0x0000, 0x0000, 0x0000, 0x0000, 0x0000, 0x0000, 0x0000, 0x0000, 0x0000, 0x0000, 0x0000, 0x0000, 0x0000, 0x0000, 0x0000,
  0x0000, 0x0000, 0x0000, 0x0000, 0x0000, 0x0000, 0x0000, 0x0000, 0x0000, 0x0000, 0x0000, 0x0000, 0x0000, 0x0000, 0x0000, 0x0000,
  0x0000, 0x0000, 0x0000, 0x0000, 0x0000, 0x0000, 0x0000, 0x0000, 0x0000, 0x0000, 0x0000, 0x0000, 0x0000, 0x0000, 0x0000, 0x0000,
  0x0000, 0x0000, 0x0000, 0x0000, 0x0000, 0x0000, 0x0000, 0x0000, 0x2125, 0x2145, 0x0000, 0x0021, 0x0001, 0x0001, 0x0020, 0x0020,
  0x0000, 0x0000, 0x0000, 0x0000, 0x0000, 0x0000, 0x0000, 0x0000, 0x0000, 0x0000, 0x0000, 0x0000, 0x0000, 0x0000, 0x0000, 0x0000,
  0x0000, 0x0000, 0x0000, 0x0000, 0x0000, 0x0000, 0x0000, 0x0000, 0x0000, 0x0000, 0x0000, 0x0000, 0x0000, 0x0000, 0x0000, 0x0000,
  0x0000, 0x0000, 0x0000, 0x0000, 0x0000, 0x0000, 0x0000, 0x0000, 0x0000, 0x0000, 0x0000, 0x0000, 0x0000, 0x0000, 0x0000, 0x0000,
  0x0000, 0x0000, 0x0000, 0x0000, 0x0000, 0x0000, 0x0000, 0x0000, 0x0000, 0x0000, 0x0000, 0x0000, 0x0000, 0x0000, 0x0000, 0x0000,
  0x0000, 0x0000, 0x0000, 0x0000, 0x0000, 0x0000, 0x0000, 0x0000, 0x0000, 0x0000, 0x0000, 0x0000, 0x0000, 0x0000, 0x0000, 0x0000,
  0x0000, 0x0000, 0x0000, 0x0000, 0x0000, 0x0000, 0x0000, 0x0000, 0x0000, 0x0000, 0x0000, 0x0000, 0x0000, 0x0000, 0x0000, 0x0000,
  0x0000, 0x0000, 0x0000, 0x0000, 0x0000, 0x0000, 0x0000, 0x0000, 0x0000, 0x0000, 0x0000, 0x0000, 0x0000, 0x0000, 0x0000, 0x0000,
  0x0000, 0x0000, 0x0000, 0x0000, 0x0000, 0x0000, 0x0000, 0x0000, 0x0020, 0x0020, 0x0020, 0x0021, 0x0000, 0x10C3, 0x2946, 0x1083,
  0x0000, 0x0020, 0x0000, 0x0000, 0x0000, 0x0000, 0x0000, 0x0000, 0x0000, 0x0000, 0x0000, 0x0000, 0x0000, 0x0000, 0x0000, 0x0000,
  0x0000, 0x0000, 0x0000, 0x0000, 0x0000, 0x0000, 0x0000, 0x0000, 0x0000, 0x0000, 0x0000, 0x0000, 0x0000, 0x0000, 0x0000, 0x0000,
  0x0000, 0x0000, 0x0000, 0x0000, 0x0000, 0x0000, 0x0000, 0x0000, 0x0000, 0x0000, 0x0000, 0x0000, 0x0000, 0x0000, 0x0000, 0x0000,
  0x0000, 0x0000, 0x0000, 0x0000, 0x0000, 0x0000, 0x0000, 0x0000, 0x0000, 0x0000, 0x0000, 0x0000, 0x0000, 0x0000, 0x0000, 0x0000,
  0x0000, 0x0000, 0x0000, 0x0000, 0x0000, 0x0000, 0x0000, 0x0000, 0x0000, 0x0000, 0x0000, 0x0000, 0x0000, 0x0000, 0x0000, 0x0000,
  0x0000, 0x0000, 0x0000, 0x0000, 0x0000, 0x0000, 0x0000, 0x0020, 0x0020, 0x0020, 0x0020, 0x0862, 0x0000, 0x4229, 0x6BB0, 0x6B6F,
  0x6B6F, 0x6B6F, 0x6B6F, 0x6B8F, 0x4A6B, 0x1904, 0x2166, 0x2146, 0x2146, 0x2146, 0x2125, 0x10C3, 0x18C3, 0x18C3, 0x18E4, 0x1082,
  0x39E9, 0x2966, 0x0000, 0x0041, 0x0020, 0x0000, 0x0000, 0x0000, 0x0000, 0x0000, 0x0000, 0x0000, 0x0000, 0x0000, 0x0000, 0x0000,
  0x0000, 0x0000, 0x0000, 0x0000, 0x0000, 0x0000, 0x0000, 0x0000, 0x0000, 0x0000, 0x0000, 0x0000, 0x0000, 0x0000, 0x0000, 0x0000,
  0x0000, 0x0000, 0x0000, 0x0000, 0x0000, 0x0000, 0x0000, 0x0000, 0x0000, 0x0000, 0x0000, 0x0000, 0x0000, 0x0000, 0x0000, 0x0000,
  0x0000, 0x0000, 0x0000, 0x0000, 0x0000, 0x0000, 0x0000, 0x0000, 0x0000, 0x0000, 0x0000, 0x0000, 0x0000, 0x0000, 0x0000, 0x0000,
  0x0000, 0x0000, 0x0000, 0x0000, 0x0000, 0x0000, 0x0000, 0x0000, 0x0041, 0x2966, 0x18E4, 0x0000, 0x0021, 0x0021, 0x0021, 0x0020,
  0x0000, 0x0000, 0x0020, 0x0020, 0x0000, 0x0000, 0x0000, 0x0000, 0x0000, 0x0000, 0x0000, 0x0000, 0x0000, 0x0000, 0x0000, 0x0000,
  0x0000, 0x0000, 0x0000, 0x0000, 0x0000, 0x0000, 0x0000, 0x0000, 0x0000, 0x0000, 0x0000, 0x0000, 0x0000, 0x0000, 0x0000, 0x0000,
  0x0000, 0x0000, 0x0000, 0x0000, 0x0000, 0x0000, 0x0000, 0x0000, 0x0000, 0x0000, 0x0000, 0x0000, 0x0000, 0x0000, 0x0000, 0x0000,
  0x0000, 0x0000, 0x0000, 0x0000, 0x0000, 0x0000, 0x0000, 0x0000, 0x0000, 0x0000, 0x0000, 0x0000, 0x0000, 0x0000, 0x0000, 0x0000,
  0x0000, 0x0000, 0x0000, 0x0000, 0x0000, 0x0000, 0x0000, 0x0000, 0x0000, 0x0000, 0x0000, 0x0000, 0x0000, 0x0000, 0x0000, 0x0000,
  0x0000, 0x0000, 0x0000, 0x0000, 0x0000, 0x0000, 0x0000, 0x0000, 0x0000, 0x0000, 0x0000, 0x0000, 0x0000, 0x0000, 0x0000, 0x0000,
  0x0000, 0x0000, 0x0000, 0x0000, 0x0000, 0x0000, 0x0000, 0x0000, 0x0000, 0x0000, 0x0000, 0x0000, 0x0000, 0x0000, 0x0000, 0x0000,
  0x0000, 0x0000, 0x0000, 0x0000, 0x0000, 0x0000, 0x0020, 0x0020, 0x0020, 0x0020, 0x0021, 0x0000, 0x1082, 0x2946, 0x18E4, 0x0000,
  0x0020, 0x0000, 0x0000, 0x0000, 0x0000, 0x0000, 0x0000, 0x0000, 0x0000, 0x0000, 0x0000, 0x0000, 0x0000, 0x0000, 0x0000, 0x0000,
  0x0000, 0x0000, 0x0000, 0x0000, 0x0000, 0x0000, 0x0000, 0x0000, 0x0000, 0x0000, 0x0000, 0x0000, 0x0000, 0x0000, 0x0000, 0x0000,
  0x0000, 0x0000, 0x0000, 0x0000, 0x0000, 0x0000, 0x0000, 0x0000, 0x0000, 0x0000, 0x0000, 0x0000, 0x0000, 0x0000, 0x0000, 0x0000,
  0x0000, 0x0000, 0x0000, 0x0000, 0x0000, 0x0000, 0x0000, 0x0000, 0x0000, 0x0000, 0x0000, 0x0000, 0x0000, 0x0000, 0x0000, 0x0000,
  0x0000, 0x0000, 0x0000, 0x0000, 0x0000, 0x0000, 0x0000, 0x0000, 0x0000, 0x0000, 0x0000, 0x0000, 0x0000, 0x0000, 0x0000, 0x0000,
  0x0000, 0x0000, 0x0000, 0x0000, 0x0000, 0x0000, 0x0000, 0x0000, 0x0000, 0x0000, 0x0000, 0x0020, 0x0000, 0x31A7, 0x6B6F, 0x6B6F,
  0x6B6F, 0x6B6F, 0x6B6F, 0x6B8F, 0x4A8B, 0x1904, 0x2966, 0x2146, 0x2146, 0x2146, 0x2125, 0x10C3, 0x18C3, 0x18C3, 0x18E4, 0x0862,
  0x4229, 0x422A, 0x0000, 0x0021, 0x0000, 0x0000, 0x0000, 0x0000, 0x0000, 0x0000, 0x0000, 0x0000, 0x0000, 0x0000, 0x0000, 0x0000,
  0x0000, 0x0000, 0x0000, 0x0000, 0x0000, 0x0000, 0x0000, 0x0000, 0x0000, 0x0000, 0x0000, 0x0000, 0x0000, 0x0000, 0x0000, 0x0000,
  0x0000, 0x0000, 0x0000, 0x0000, 0x0000, 0x0000, 0x0000, 0x0000, 0x0000, 0x0000, 0x0000, 0x0000, 0x0000, 0x0000, 0x0000, 0x0000,
  0x0000, 0x0000, 0x0000, 0x0000, 0x0000, 0x0000, 0x0000, 0x0000, 0x0000, 0x0000, 0x0000, 0x0000, 0x0000, 0x0000, 0x0000, 0x0000,
  0x0000, 0x0000, 0x0000, 0x0000, 0x0000, 0x0000, 0x0000, 0x0000, 0x0000, 0x10A3, 0x2966, 0x0882, 0x0000, 0x0021, 0x0021, 0x0020,
  0x0020, 0x0000, 0x0020, 0x0020, 0x0020, 0x0000, 0x0000, 0x0000, 0x0000, 0x0000, 0x0000, 0x0000, 0x0000, 0x0000, 0x0000, 0x0000,
  0x0000, 0x0000, 0x0000, 0x0000, 0x0000, 0x0000, 0x0000, 0x0000, 0x0000, 0x0000, 0x0000, 0x0000, 0x0000, 0x0000, 0x0000, 0x0000,
  0x0000, 0x0000, 0x0000, 0x0000, 0x0000, 0x0000, 0x0000, 0x0000, 0x0000, 0x0000, 0x0000, 0x0000, 0x0000, 0x0000, 0x0000, 0x0000,
  0x0000, 0x0000, 0x0000, 0x0000, 0x0000, 0x0000, 0x0000, 0x0000, 0x0000, 0x0000, 0x0000, 0x0000, 0x0000, 0x0000, 0x0000, 0x0000,
  0x0000, 0x0000, 0x0000, 0x0000, 0x0000, 0x0000, 0x0000, 0x0000, 0x0000, 0x0000, 0x0000, 0x0000, 0x0000, 0x0000, 0x0000, 0x0000,
  0x0000, 0x0000, 0x0000, 0x0000, 0x0000, 0x0000, 0x0000, 0x0000, 0x0000, 0x0000, 0x0000, 0x0000, 0x0000, 0x0000, 0x0000, 0x0000,
  0x0000, 0x0000, 0x0000, 0x0000, 0x0000, 0x0000, 0x0000, 0x0000, 0x0000, 0x0000, 0x0000, 0x0000, 0x0000, 0x0000, 0x0000, 0x0000,
  0x0000, 0x0000, 0x0000, 0x0000, 0x0000, 0x0000, 0x0020, 0x0020, 0x0020, 0x0020, 0x0000, 0x1082, 0x2946, 0x1905, 0x0000, 0x0020,
  0x0020, 0x0000, 0x0000, 0x0000, 0x0000, 0x0000, 0x0000, 0x0000, 0x0000, 0x0000, 0x0000, 0x0000, 0x0000, 0x0000, 0x0000, 0x0000,
  0x0000, 0x0000, 0x0000, 0x0000, 0x0000, 0x0000, 0x0000, 0x0020, 0x0000, 0x0000, 0x0000, 0x0000, 0x0000, 0x0000, 0x0000, 0x0000,
  0x0000, 0x0000, 0x0000, 0x0000, 0x0000, 0x0000, 0x0000, 0x0000, 0x0000, 0x0000, 0x0000, 0x0000, 0x0000, 0x0000, 0x0000, 0x0000,
  0x0000, 0x0000, 0x0000, 0x0000, 0x0000, 0x0000, 0x0000, 0x0000, 0x0000, 0x0000, 0x0000, 0x0000, 0x0000, 0x0000, 0x0000, 0x0000,
  0x0000, 0x0000, 0x0000, 0x0000, 0x0000, 0x0000, 0x0000, 0x0000, 0x0000, 0x0000, 0x0000, 0x0000, 0x0000, 0x0000, 0x0000, 0x0000,
  0x0000, 0x0000, 0x0000, 0x0000, 0x0020, 0x0000, 0x18E4, 0x2966, 0x2946, 0x2946, 0x2946, 0x2946, 0x2946, 0x0000, 0x3A08, 0x636E,
  0x636F, 0x636F, 0x636F, 0x6B8F, 0x4AAB, 0x1905, 0x2966, 0x2146, 0x2146, 0x2146, 0x2125, 0x10C3, 0x18C3, 0x18C3, 0x18E4, 0x10A3,
  0x2105, 0x3A09, 0x2125, 0x2946, 0x2946, 0x2966, 0x2966, 0x2966, 0x2125, 0x0000, 0x0000, 0x0000, 0x0000, 0x0000, 0x0000, 0x0000,
  0x0000, 0x0000, 0x0000, 0x0000, 0x0000, 0x0000, 0x0000, 0x0000, 0x0000, 0x0000, 0x0000, 0x0000, 0x0000, 0x0000, 0x0000, 0x0000,
  0x0000, 0x0000, 0x0000, 0x0000, 0x0000, 0x0000, 0x0000, 0x0000, 0x0000, 0x0000, 0x0000, 0x0000, 0x0000, 0x0000, 0x0000, 0x0000,
  0x0000, 0x0000, 0x0000, 0x0000, 0x0000, 0x0000, 0x0000, 0x0000, 0x0000, 0x0000, 0x0000, 0x0000, 0x0000, 0x0000, 0x0000, 0x0000,
  0x0000, 0x0000, 0x0000, 0x0000, 0x0000, 0x0000, 0x0000, 0x0000, 0x0000, 0x0000, 0x2105, 0x2966, 0x0862, 0x0000, 0x0021, 0x0021,
  0x0000, 0x0000, 0x0000, 0x0000, 0x0000, 0x0000, 0x0020, 0x0020, 0x0020, 0x0020, 0x0000, 0x0000, 0x0000, 0x0000, 0x0000, 0x0000,
  0x0000, 0x0000, 0x0000, 0x0000, 0x0000, 0x0000, 0x0000, 0x0000, 0x0000, 0x0000, 0x0000, 0x0000, 0x0000, 0x0000, 0x0000, 0x0020,
  0x0020, 0x0000, 0x0000, 0x0000, 0x0000, 0x0000, 0x0000, 0x0000, 0x0000, 0x0000, 0x0000, 0x0000, 0x0000, 0x0000, 0x0000, 0x0000,
  0x0000, 0x0000, 0x0000, 0x0000, 0x0000, 0x0000, 0x0000, 0x0000, 0x0000, 0x0000, 0x0000, 0x0000, 0x0000, 0x0000, 0x0000, 0x0000,
  0x0000, 0x0000, 0x0020, 0x0020, 0x0000, 0x0000, 0x0000, 0x0000, 0x0000, 0x0000, 0x0000, 0x0000, 0x0000, 0x0000, 0x0000, 0x0000,
  0x0000, 0x0000, 0x0000, 0x0000, 0x0000, 0x0000, 0x0000, 0x0000, 0x0000, 0x0000, 0x0000, 0x0000, 0x0000, 0x0000, 0x0000, 0x0000,
  0x0000, 0x0000, 0x0000, 0x0000, 0x0000, 0x0000, 0x0000, 0x0000, 0x0000, 0x0000, 0x0000, 0x0020, 0x0000, 0x0000, 0x0000, 0x0000,
  0x0000, 0x0000, 0x0000, 0x0020, 0x0020, 0x0020, 0x0020, 0x0020, 0x0020, 0x0000, 0x10A3, 0x2946, 0x2105, 0x0000, 0x0000, 0x0000,
  0x0000, 0x0000, 0x0000, 0x0000, 0x0000, 0x0000, 0x0000, 0x0000, 0x0000, 0x0000, 0x0000, 0x0000, 0x0000, 0x0000, 0x0000, 0x0000,
  0x0000, 0x0000, 0x0000, 0x0000, 0x0000, 0x0020, 0x0020, 0x0000, 0x0020, 0x0000, 0x0000, 0x0000, 0x0000, 0x0000, 0x0000, 0x0000,
  0x0000, 0x0000, 0x0000, 0x0000, 0x0000, 0x0000, 0x0000, 0x0020, 0x0020, 0x0020, 0x0020, 0x0020, 0x0020, 0x0000, 0x0000, 0x0000,
  0x0000, 0x0000, 0x0000, 0x0000, 0x0020, 0x0020, 0x0020, 0x0020, 0x0020, 0x0020, 0x0020, 0x0000, 0x0000, 0x0000, 0x0000, 0x0000,
  0x0000, 0x0000, 0x0000, 0x0000, 0x0000, 0x0000, 0x0000, 0x0000, 0x0000, 0x0000, 0x0000, 0x0000, 0x0000, 0x0000, 0x0000, 0x0000,
  0x0000, 0x0000, 0x0000, 0x0000, 0x0020, 0x0000, 0x2105, 0x31A8, 0x3187, 0x3187, 0x3187, 0x3187, 0x31A7, 0x2966, 0x0000, 0x52AC,
  0x634F, 0x634E, 0x634E, 0x6B6F, 0x4A8B, 0x18E4, 0x2946, 0x2146, 0x2146, 0x2146, 0x2125, 0x10C3, 0x18C3, 0x18C3, 0x18E4, 0x0020,
  0x18C3, 0x2967, 0x2987, 0x3187, 0x3187, 0x3187, 0x3187, 0x31A7, 0x2966, 0x0000, 0x0020, 0x0000, 0x0000, 0x0000, 0x0000, 0x0000,
  0x0000, 0x0000, 0x0000, 0x0000, 0x0000, 0x0000, 0x0000, 0x0000, 0x0000, 0x0000, 0x0000, 0x0000, 0x0000, 0x0000, 0x0000, 0x0000,
  0x0000, 0x0000, 0x0000, 0x0000, 0x0000, 0x0000, 0x0000, 0x0000, 0x0000, 0x0000, 0x0000, 0x0000, 0x0000, 0x0000, 0x0000, 0x0000,
  0x0000, 0x0000, 0x0000, 0x0020, 0x0000, 0x0000, 0x0000, 0x0000, 0x0000, 0x0000, 0x0000, 0x0000, 0x0000, 0x0000, 0x0000, 0x0000,
  0x0000, 0x0020, 0x0000, 0x0000, 0x0000, 0x0000, 0x0000, 0x0000, 0x0000, 0x0000, 0x0000, 0x2125, 0x2966, 0x10A3, 0x0000, 0x0021,
  0x0021, 0x0020, 0x0020, 0x0000, 0x0000, 0x0000, 0x0000, 0x0000, 0x0020, 0x0020, 0x0020, 0x0000, 0x0000, 0x0000, 0x0000, 0x0000,
  0x0000, 0x0000, 0x0000, 0x0000, 0x0000, 0x0020, 0x0000, 0x0000, 0x0020, 0x0020, 0x0000, 0x0000, 0x0000, 0x0000, 0x0000, 0x0000,
  0x0000, 0x0000, 0x0000, 0x0000, 0x0000, 0x0000, 0x0000, 0x0000, 0x0000, 0x0000, 0x0000, 0x0000, 0x0000, 0x0000, 0x0000, 0x0000,
  0x0000, 0x0000, 0x0000, 0x0000, 0x0000, 0x0000, 0x0000, 0x0000, 0x0000, 0x0000, 0x0000, 0x0000, 0x0000, 0x0000, 0x0000, 0x0000,
  0x0000, 0x0000, 0x0020, 0x0020, 0x0000, 0x0000, 0x0000, 0x0000, 0x0000, 0x0000, 0x0000, 0x0000, 0x0000, 0x0000, 0x0000, 0x0000,
  0x0000, 0x0000, 0x0000, 0x0000, 0x0000, 0x0000, 0x0000, 0x0000, 0x0000, 0x0000, 0x0000, 0x0000, 0x0000, 0x0000, 0x0000, 0x0000,
  0x0000, 0x0000, 0x0000, 0x0000, 0x0000, 0x0000, 0x0020, 0x0020, 0x0020, 0x0020, 0x0020, 0x0020, 0x0020, 0x0000, 0x0000, 0x0000,
  0x0000, 0x0000, 0x0000, 0x0020, 0x0020, 0x0020, 0x0020, 0x0000, 0x0000, 0x18C4, 0x2146, 0x18E4, 0x0000, 0x0000, 0x0020, 0x0000,
  0x0000, 0x0000, 0x0000, 0x0000, 0x0000, 0x0000, 0x0000, 0x0000, 0x0000, 0x0000, 0x0000, 0x0000, 0x0000, 0x0000, 0x0000, 0x0000,
  0x0000, 0x0020, 0x0020, 0x0862, 0x10A3, 0x10A3, 0x10A3, 0x10A3, 0x10C3, 0x10A3, 0x10A3, 0x10A3, 0x10A3, 0x10A2, 0x0020, 0x0841,
  0x0841, 0x0861, 0x0861, 0x0861, 0x0862, 0x0862, 0x1062, 0x0862, 0x0862, 0x0862, 0x0862, 0x0862, 0x0862, 0x0862, 0x0862, 0x0862,
  0x0882, 0x0862, 0x1062, 0x1082, 0x1082, 0x1082, 0x1082, 0x1082, 0x1082, 0x1082, 0x1082, 0x1082, 0x1082, 0x1082, 0x0862, 0x0862,
  0x0862, 0x0882, 0x0862, 0x0882, 0x0882, 0x0882, 0x0882, 0x0882, 0x0882, 0x0882, 0x0882, 0x0882, 0x0882, 0x0882, 0x0862, 0x0862,
  0x0862, 0x0862, 0x0862, 0x0862, 0x0862, 0x0020, 0x2125, 0x39C8, 0x31A8, 0x31A8, 0x31A7, 0x31A7, 0x31A7, 0x31A7, 0x0000, 0x424A,
  0x636F, 0x634F, 0x636F, 0x6B8F, 0x52AC, 0x2125, 0x2986, 0x2966, 0x2966, 0x2966, 0x2146, 0x18E4, 0x1904, 0x1904, 0x1904, 0x0021,
  0x2125, 0x31A7, 0x3187, 0x31A7, 0x31A7, 0x31A7, 0x31A7, 0x31A8, 0x2987, 0x0841, 0x0862, 0x0862, 0x0862, 0x0862, 0x0862, 0x0862,
  0x0862, 0x0862, 0x0862, 0x0862, 0x0862, 0x0862, 0x0862, 0x0862, 0x0862, 0x0862, 0x0862, 0x0862, 0x0862, 0x0862, 0x0862, 0x0862,
  0x0862, 0x0862, 0x0862, 0x0862, 0x0862, 0x0862, 0x0862, 0x0862, 0x0862, 0x0862, 0x0842, 0x0842, 0x0841, 0x0841, 0x0841, 0x0841,
  0x0041, 0x0000, 0x0020, 0x0021, 0x0021, 0x0021, 0x0021, 0x0021, 0x0021, 0x0021, 0x0021, 0x0021, 0x0000, 0x0000, 0x0000, 0x0000,
  0x0000, 0x0020, 0x0000, 0x0000, 0x0000, 0x0000, 0x0000, 0x0000, 0x0000, 0x0000, 0x0000, 0x0000, 0x2125, 0x2987, 0x18E4, 0x0000,
  0x0000, 0x0021, 0x0000, 0x0000, 0x0000, 0x0000, 0x0000, 0x0000, 0x0020, 0x0020, 0x0020, 0x0000, 0x0000, 0x0000, 0x0000, 0x0020,
  0x0000, 0x0000, 0x0000, 0x0000, 0x0000, 0x0000, 0x0000, 0x0000, 0x0000, 0x0000, 0x0000, 0x0020, 0x0020, 0x0000, 0x0000, 0x0000,
  0x0000, 0x0000, 0x0000, 0x0000, 0x0000, 0x0000, 0x0000, 0x0000, 0x0000, 0x0000, 0x0000, 0x0000, 0x0000, 0x0000, 0x0000, 0x0000,
  0x0000, 0x0000, 0x0000, 0x0000, 0x0000, 0x0000, 0x0000, 0x0000, 0x0000, 0x0000, 0x0000, 0x0000, 0x0000, 0x0000, 0x0000, 0x0000,
  0x0000, 0x0000, 0x0000, 0x0000, 0x0000, 0x0000, 0x0000, 0x0000, 0x0000, 0x0000, 0x0000, 0x0000, 0x0000, 0x0000, 0x0000, 0x0000,
  0x0000, 0x0000, 0x0000, 0x0000, 0x0000, 0x0000, 0x0000, 0x0000, 0x0000, 0x0000, 0x0000, 0x0020, 0x0020, 0x0020, 0x0020, 0x0020,
  0x0020, 0x0000, 0x0020, 0x0020, 0x0000, 0x0000, 0x0000, 0x0000, 0x0020, 0x0020, 0x0020, 0x0020, 0x0000, 0x0000, 0x0000, 0x0020,
  0x0020, 0x0020, 0x0020, 0x0020, 0x0020, 0x0000, 0x0000, 0x0862, 0x2125, 0x2146, 0x10C3, 0x0000, 0x0000, 0x0020, 0x0000, 0x0000,
  0x0000, 0x0000, 0x0000, 0x0000, 0x0000, 0x0000, 0x0000, 0x0000, 0x0000, 0x0000, 0x0000, 0x0000, 0x0000, 0x0000, 0x0000, 0x0000,
  0x0000, 0x0862, 0x18C3, 0x0000, 0x0000, 0x0000, 0x0000, 0x0000, 0x0000, 0x0000, 0x0000, 0x0000, 0x0000, 0x0000, 0x0020, 0x0000,
  0x0000, 0x0000, 0x0000, 0x0000, 0x0000, 0x0000, 0x0000, 0x0000, 0x0000, 0x0000, 0x0000, 0x0000, 0x0000, 0x0000, 0x0000, 0x0000,
  0x0000, 0x0000, 0x0000, 0x0000, 0x0000, 0x0000, 0x0000, 0x0000, 0x0000, 0x0000, 0x0000, 0x0000, 0x0000, 0x0000, 0x0000, 0x0000,
  0x0000, 0x0000, 0x0000, 0x0000, 0x0000, 0x0000, 0x0000, 0x0000, 0x0000, 0x0000, 0x0000, 0x0000, 0x0000, 0x0000, 0x0000, 0x0000,
  0x0000, 0x0000, 0x0000, 0x0000, 0x0000, 0x0000, 0x0000, 0x0021, 0x0000, 0x0000, 0x0000, 0x0000, 0x0000, 0x0020, 0x0000, 0x0861,
  0x31A7, 0x31A7, 0x31A7, 0x31C7, 0x2125, 0x0000, 0x0000, 0x0000, 0x0000, 0x0000, 0x0000, 0x0000, 0x0000, 0x0000, 0x0000, 0x0000,
  0x0000, 0x0021, 0x0021, 0x0021, 0x0001, 0x0001, 0x0021, 0x0862, 0x0020, 0x0000, 0x0000, 0x0000, 0x0000, 0x0000, 0x0000, 0x0000,
  0x0000, 0x0000, 0x0000, 0x0000, 0x0000, 0x0000, 0x0000, 0x0000, 0x0000, 0x0000, 0x0000, 0x0000, 0x0000, 0x0000, 0x0000, 0x0000,
  0x0000, 0x0000, 0x0000, 0x0000, 0x0000, 0x0000, 0x0000, 0x0000, 0x0000, 0x0000, 0x0000, 0x0000, 0x0000, 0x0000, 0x0000, 0x0000,
  0x0000, 0x0021, 0x0000, 0x0841, 0x0862, 0x0842, 0x0862, 0x0862, 0x0862, 0x0862, 0x0862, 0x0841, 0x10A3, 0x10C3, 0x0021, 0x0000,
  0x0000, 0x0000, 0x0000, 0x0000, 0x0000, 0x0000, 0x0000, 0x0000, 0x0000, 0x0000, 0x0000, 0x0000, 0x0000, 0x18E4, 0x2966, 0x2125,
  0x0861, 0x0000, 0x0000, 0x0020, 0x0000, 0x0000, 0x0020, 0x0020, 0x0020, 0x0000, 0x0020, 0x0020, 0x0000, 0x0000, 0x0000, 0x0000,
  0x0000, 0x0000, 0x0000, 0x0000, 0x0000, 0x0000, 0x0000, 0x0000, 0x0000, 0x0000, 0x0000, 0x0000, 0x0000, 0x0000, 0x0000, 0x0000,
  0x0000, 0x0000, 0x0000, 0x0000, 0x0000, 0x0000, 0x0000, 0x0000, 0x0000, 0x0000, 0x0000, 0x0000, 0x0000, 0x0000, 0x0000, 0x0000,
  0x0000, 0x0000, 0x0000, 0x0000, 0x0000, 0x0000, 0x0000, 0x0000, 0x0000, 0x0000, 0x0000, 0x0000, 0x0000, 0x0000, 0x0000, 0x0020,
  0x0020, 0x0020, 0x0020, 0x0020, 0x0020, 0x0020, 0x0020, 0x0020, 0x0020, 0x0020, 0x0020, 0x0000, 0x0000, 0x0000, 0x0000, 0x0000,
  0x0020, 0x0000, 0x0000, 0x0000, 0x0000, 0x0000, 0x0000, 0x0020, 0x0020, 0x0020, 0x0020, 0x0020, 0x0020, 0x0021, 0x0021, 0x0021,
  0x0020, 0x0020, 0x0020, 0x0020, 0x0020, 0x0020, 0x0020, 0x0021, 0x0021, 0x0021, 0x0021, 0x0021, 0x0000, 0x0020, 0x0020, 0x0020,
  0x0020, 0x0020, 0x0020, 0x0000, 0x0000, 0x0020, 0x18E4, 0x2166, 0x2146, 0x0862, 0x0000, 0x0000, 0x0000, 0x0000, 0x0000, 0x0000,
  0x0000, 0x0000, 0x0000, 0x0000, 0x0000, 0x0000, 0x0000, 0x0000, 0x0000, 0x0000, 0x0000, 0x0000, 0x0000, 0x0000, 0x0000, 0x0000,
  0x1082, 0x0000, 0x0000, 0x2966, 0x5AEC, 0x632D, 0x632D, 0x634E, 0x634E, 0x634E, 0x634E, 0x632D, 0x632D, 0x632D, 0x0861, 0x2946,
  0x39E8, 0x39E8, 0x39E8, 0x3A09, 0x3A09, 0x3A09, 0x4229, 0x4229, 0x424A, 0x424A, 0x424A, 0x4229, 0x4229, 0x422A, 0x424A, 0x424A,
  0x424A, 0x424A, 0x424A, 0x424A, 0x424A, 0x4249, 0x424A, 0x424A, 0x4A6A, 0x4A6A, 0x4A6A, 0x4A6A, 0x4A6A, 0x4A6A, 0x4A4A, 0x424A,
  0x4A6A, 0x4A6A, 0x4A6A, 0x4A6A, 0x4A6A, 0x4A6A, 0x4A6B, 0x4A6B, 0x4A6B, 0x4A6B, 0x4A6B, 0x4A6A, 0x4A6B, 0x4A8B, 0x4A8B, 0x4A6A,
  0x4A6A, 0x4A6A, 0x424A, 0x424A, 0x4229, 0x424A, 0x424A, 0x424A, 0x4A6A, 0x4A6A, 0x4A6A, 0x4A4A, 0x424A, 0x4229, 0x424A, 0x4229,
  0x4229, 0x4229, 0x4229, 0x4229, 0x4229, 0x424A, 0x4249, 0x424A, 0x424A, 0x4229, 0x4229, 0x4229, 0x4229, 0x4229, 0x4209, 0x4209,
  0x4209, 0x4229, 0x4229, 0x4229, 0x4229, 0x4229, 0x4229, 0x4229, 0x4229, 0x4229, 0x4229, 0x4229, 0x4229, 0x4229, 0x4229, 0x4229,
  0x4249, 0x424A, 0x4A6A, 0x4A6A, 0x4A6A, 0x4A4A, 0x4249, 0x4229, 0x4229, 0x4229, 0x4229, 0x4229, 0x4229, 0x4229, 0x4229, 0x4209,
  0x4229, 0x4229, 0x4229, 0x4229, 0x4229, 0x424A, 0x424A, 0x424A, 0x424A, 0x4229, 0x3A08, 0x3A08, 0x39E8, 0x3187, 0x31A7, 0x31A7,
  0x2945, 0x0000, 0x0861, 0x0000, 0x0000, 0x0000, 0x0000, 0x0000, 0x0000, 0x0000, 0x0000, 0x0000, 0x0000, 0x0000, 0x0841, 0x0862,
  0x0000, 0x0000, 0x0000, 0x0000, 0x0000, 0x0000, 0x0000, 0x0000, 0x0000, 0x0000, 0x0000, 0x0000, 0x0000, 0x0000, 0x0862, 0x2145,
  0x2146, 0x10A3, 0x0000, 0x0000, 0x0020, 0x0020, 0x0021, 0x0021, 0x0021, 0x0021, 0x0020, 0x0020, 0x0020, 0x0020, 0x0020, 0x0020,
  0x0020, 0x0020, 0x0020, 0x0020, 0x0021, 0x0021, 0x0021, 0x0020, 0x0020, 0x0020, 0x0021, 0x0020, 0x0020, 0x0020, 0x0020, 0x0020,
  0x0020, 0x0020, 0x0020, 0x0020, 0x0020, 0x0020, 0x0020, 0x0020, 0x0020, 0x0020, 0x0020, 0x0020, 0x0020, 0x0020, 0x0020, 0x0020,
  0x0000, 0x0020, 0x0020, 0x0020, 0x0020, 0x0020, 0x0020, 0x0020, 0x0020, 0x0020, 0x0020, 0x0021, 0x0021, 0x0021, 0x0020, 0x0020,
  0x0000, 0x0000, 0x0000, 0x0000, 0x0000, 0x0000, 0x0000, 0x0000, 0x0000, 0x0000, 0x0000, 0x0000, 0x0000, 0x0000, 0x0000, 0x0000,
  0x0000, 0x0000, 0x0000, 0x0000, 0x0000, 0x0000, 0x0000, 0x0000, 0x0000, 0x0000, 0x0000, 0x0000, 0x0000, 0x0000, 0x0000, 0x0000,
  0x0000, 0x0000, 0x0000, 0x0000, 0x0000, 0x0000, 0x0000, 0x0000, 0x0000, 0x0000, 0x0000, 0x0000, 0x0000, 0x0000, 0x0000, 0x0000,
  0x0000, 0x0000, 0x0020, 0x0862, 0x18E4, 0x2125, 0x2146, 0x18E4, 0x0020, 0x0000, 0x0020, 0x0000, 0x0000, 0x0000, 0x0000, 0x0000,
  0x0000, 0x0000, 0x0000, 0x0000, 0x0000, 0x0000, 0x0000, 0x0000, 0x0000, 0x0000, 0x0000, 0x0000, 0x0000, 0x0000, 0x0000, 0x10A3,
  0x0000, 0x39C7, 0x94D4, 0xBDF9, 0xC65A, 0xC65B, 0xC65B, 0xC65B, 0xC65B, 0xC65A, 0xC63A, 0xC63A, 0xC65A, 0x9D15, 0x0000, 0x6B90,
  0x73D0, 0x73D1, 0x73F1, 0x7BF1, 0x7C12, 0x7C12, 0x8432, 0x8453, 0x8453, 0x8473, 0x8473, 0x8473, 0x8473, 0x8473, 0x8473, 0x8C73,
  0x8C94, 0x8C74, 0x8C73, 0x8C73, 0x8473, 0x8473, 0x8C73, 0x8C94, 0x8C94, 0x8C94, 0x8CB4, 0x8CB4, 0x8CB4, 0x8C94, 0x8C94, 0x8C94,
  0x8C94, 0x8CB4, 0x8CB4, 0x8CB4, 0x8CB4, 0x8CB4, 0x8CB4, 0x94B5, 0x94D5, 0x94D5, 0x94D5, 0x94D5, 0x94D5, 0x94D5, 0x94D5, 0x8CB4,
  0x8C94, 0x8C94, 0x8C74, 0x8473, 0x8473, 0x8C73, 0x8C94, 0x8C94, 0x8C94, 0x8C94, 0x8CB4, 0x8C94, 0x8C94, 0x8C73, 0x8473, 0x8473,
  0x8473, 0x8C73, 0x8C93, 0x8C93, 0x8C73, 0x8C73, 0x8473, 0x8473, 0x8473, 0x8473, 0x8473, 0x8473, 0x8453, 0x8453, 0x8453, 0x8452,
  0x8432, 0x8432, 0x8452, 0x8452, 0x8432, 0x8432, 0x8432, 0x8432, 0x8432, 0x8432, 0x8453, 0x8453, 0x8473, 0x8473, 0x8C73, 0x8C73,
  0x8C94, 0x8CB4, 0x94B4, 0x94B4, 0x94D5, 0x94D4, 0x94B4, 0x94B4, 0x94B4, 0x8C94, 0x8C94, 0x8C93, 0x8C94, 0x8C94, 0x8C94, 0x8C94,
  0x8CB4, 0x94B4, 0x94B4, 0x94B4, 0x8CB4, 0x8CB4, 0x8C94, 0x8CB4, 0x8CB4, 0x8C94, 0x8C93, 0x8C94, 0x8C93, 0x8C73, 0x8473, 0x8C73,
  0x8C73, 0x2945, 0x4249, 0x94D4, 0x94D4, 0x9CF5, 0x9D15, 0xA536, 0xA536, 0xA556, 0xA556, 0xA556, 0x9CF5, 0x73AF, 0x0000, 0x0000,
  0x1082, 0x0000, 0x0000, 0x0000, 0x0000, 0x0000, 0x0000, 0x0000, 0x0000, 0x0000, 0x0000, 0x0000, 0x0000, 0x0000, 0x0000, 0x0000,
  0x18E4, 0x2146, 0x2105, 0x0862, 0x0000, 0x0000, 0x0000, 0x0000, 0x0000, 0x0000, 0x0000, 0x0000, 0x0000, 0x0000, 0x0000, 0x0000,
  0x0000, 0x0000, 0x0000, 0x0000, 0x0000, 0x0000, 0x0000, 0x0000, 0x0000, 0x0000, 0x0000, 0x0000, 0x0000, 0x0000, 0x0000, 0x0000,
  0x0000, 0x0000, 0x0000, 0x0000, 0x0000, 0x0000, 0x0000, 0x0000, 0x0000, 0x0000, 0x0000, 0x0000, 0x0000, 0x0000, 0x0000, 0x0000,
  0x0000, 0x0000, 0x0000, 0x0000, 0x0000, 0x0000, 0x0000, 0x0000, 0x0000, 0x0000, 0x0000, 0x0000, 0x0000, 0x0000, 0x0000, 0x0000,
  0x2125, 0x2125, 0x2125, 0x2125, 0x2125, 0x2125, 0x2146, 0x2146, 0x2125, 0x2125, 0x2125, 0x2125, 0x2125, 0x2125, 0x2125, 0x2125,
  0x2125, 0x2125, 0x2125, 0x2125, 0x2125, 0x2105, 0x2125, 0x2125, 0x2125, 0x2125, 0x2125, 0x2125, 0x2125, 0x2125, 0x2145, 0x2146,
  0x2146, 0x2146, 0x2145, 0x2125, 0x2125, 0x2125, 0x2145, 0x2125, 0x2125, 0x2145, 0x2145, 0x2145, 0x2125, 0x2125, 0x2125, 0x2125,
  0x2105, 0x1905, 0x2125, 0x2146, 0x2125, 0x10C4, 0x0021, 0x0000, 0x0000, 0x0000, 0x0000, 0x0000, 0x0000, 0x0000, 0x0000, 0x0000,
  0x0000, 0x0000, 0x0000, 0x0000, 0x0000, 0x0000, 0x0000, 0x0000, 0x0000, 0x0000, 0x0000, 0x0000, 0x0000, 0x0000, 0x10C3, 0x0000,
  0x4229, 0xB5D8, 0xCE7B, 0xC65A, 0xB5D8, 0xB5B8, 0xB5B8, 0xB5B8, 0xB5B8, 0xB5B8, 0xAD98, 0xAD97, 0xAD97, 0x4A6A, 0x31A7, 0x6B6F,
  0x634E, 0x6B6F, 0x6B6F, 0x6B8F, 0x6B8F, 0x6BB0, 0x73B0, 0x73D1, 0x7BF1, 0x7BF1, 0x7C11, 0x7C11, 0x7C11, 0x7BF1, 0x7BF1, 0x7C11,
  0x7C12, 0x7C12, 0x7C11, 0x7C11, 0x7C11, 0x7C11, 0x7C11, 0x7C12, 0x7C32, 0x8432, 0x8432, 0x8432, 0x7C32, 0x7C12, 0x7C12, 0x7C12,
  0x7C32, 0x8432, 0x8432, 0x7C32, 0x7C32, 0x7C32, 0x8432, 0x8432, 0x8453, 0x8453, 0x8473, 0x8C73, 0x8C73, 0x8C73, 0x8453, 0x8432,
  0x7C12, 0x7C12, 0x7C12, 0x7C12, 0x7C12, 0x8432, 0x8432, 0x8432, 0x8432, 0x8432, 0x8452, 0x8452, 0x8432, 0x7C32, 0x7C12, 0x7C11,
  0x7C12, 0x7C12, 0x7C32, 0x8432, 0x8432, 0x7C32, 0x7C12, 0x7C12, 0x7C32, 0x7C32, 0x7C32, 0x7C12, 0x7C12, 0x7C12, 0x7C12, 0x7C11,
  0x7BF1, 0x7BF1, 0x7BF1, 0x7BF1, 0x7BF1, 0x7BF1, 0x73F1, 0x73F1, 0x7BF1, 0x7BF1, 0x7C11, 0x7C12, 0x7C12, 0x7C12, 0x8412, 0x8432,
  0x8452, 0x8453, 0x8C53, 0x8C73, 0x8C73, 0x8C73, 0x8C73, 0x8C73, 0x8C73, 0x8C73, 0x8C53, 0x8453, 0x8C73, 0x8C73, 0x8C73, 0x8C73,
  0x8C73, 0x8C93, 0x8C93, 0x8C73, 0x8C53, 0x8452, 0x8432, 0x8432, 0x8452, 0x8452, 0x8453, 0x8453, 0x8C73, 0x8C73, 0x8473, 0x8452,
  0x8C73, 0x6B4E, 0x0000, 0x9CF5, 0xB5B8, 0xADB8, 0xB5D9, 0xBDF9, 0xBDF9, 0xBE19, 0xBE1A, 0xBE3A, 0xC65A, 0xC63A, 0x9D15, 0x3186,
  0x0000, 0x10A3, 0x0000, 0x0000, 0x0000, 0x0000, 0x0000, 0x0000, 0x0000, 0x0000, 0x0000, 0x0000, 0x0000, 0x0000, 0x0000, 0x0000,
  0x0000, 0x0862, 0x2105, 0x2125, 0x10A3, 0x18C4, 0x18E4, 0x18E4, 0x18E4, 0x18E4, 0x18E4, 0x18E4, 0x18E4, 0x18C4, 0x18E4, 0x18E4,
  0x18E4, 0x18E4, 0x18E4, 0x18E4, 0x18E4, 0x18E4, 0x18C4, 0x18E4, 0x18E4, 0x18E4, 0x18E4, 0x18E4, 0x18E4, 0x18E4, 0x18E4, 0x18E4,
  0x18E4, 0x18E4, 0x18E4, 0x18C4, 0x18E4, 0x18E4, 0x18C4, 0x10C4, 0x10C4, 0x18C4, 0x18C4, 0x18E4, 0x18E4, 0x18E4, 0x18E4, 0x10C4,
  0x18C4, 0x18C4, 0x18E4, 0x18E4, 0x18E4, 0x18E4, 0x18E4, 0x18E4, 0x18E4, 0x18C4, 0x18C4, 0x18C4, 0x18E4, 0x18E4, 0x18E4, 0x18E4,
  0x1905, 0x2105, 0x2125, 0x2105, 0x2105, 0x2105, 0x2125, 0x2125, 0x2105, 0x2105, 0x1905, 0x1905, 0x1905, 0x1905, 0x2105, 0x1905,
  0x1905, 0x1905, 0x1905, 0x1905, 0x1905, 0x1905, 0x1905, 0x2105, 0x2125, 0x2105, 0x1905, 0x1905, 0x2105, 0x2105, 0x2125, 0x2125,
  0x2125, 0x2125, 0x2125, 0x1905, 0x2105, 0x2125, 0x2125, 0x2105, 0x2125, 0x2125, 0x2125, 0x2125, 0x1905, 0x1905, 0x1905, 0x1905,
  0x18E4, 0x18E4, 0x18E4, 0x1083, 0x0000, 0x0000, 0x0000, 0x0020, 0x0000, 0x0000, 0x0000, 0x0000, 0x0000, 0x0000, 0x0000, 0x0000,
  0x0000, 0x0000, 0x0000, 0x0000, 0x0000, 0x0000, 0x0000, 0x0000, 0x0000, 0x0000, 0x0000, 0x0000, 0x0000, 0x10A2, 0x0000, 0x18E3,
  0xAD97, 0xC65B, 0xADB8, 0x73D0, 0x3A0A, 0x422A, 0x424A, 0x424B, 0x426B, 0x4A6B, 0x4A6B, 0x4A8B, 0x4209, 0x0000, 0x2966, 0x2967,
  0x2967, 0x2987, 0x2987, 0x3187, 0x31A7, 0x31A7, 0x31A8, 0x31A8, 0x31C8, 0x31C8, 0x31C8, 0x31C8, 0x31C8, 0x31C8, 0x31C8, 0x31C8,
  0x39E8, 0x39E8, 0x39E8, 0x39E8, 0x39E9, 0x39E9, 0x39E8, 0x39E8, 0x39E9, 0x39E9, 0x39E9, 0x39E9, 0x39E9, 0x39E9, 0x39E9, 0x39E9,
  0x3A09, 0x3A09, 0x3A09, 0x3A09, 0x3A09, 0x3A09, 0x3A09, 0x3A09, 0x3A09, 0x3A09, 0x3A09, 0x4209, 0x4209, 0x3A09, 0x3A09, 0x3A09,
  0x39E9, 0x39E9, 0x39E9, 0x39E9, 0x39E9, 0x3A09, 0x3A09, 0x3A09, 0x4209, 0x4229, 0x4229, 0x422A, 0x422A, 0x4229, 0x3A09, 0x3A09,
  0x3A09, 0x3A09, 0x3A09, 0x3A09, 0x4209, 0x3A09, 0x3A09, 0x3A09, 0x4209, 0x3A09, 0x3A09, 0x3A09, 0x4209, 0x4209, 0x4209, 0x3A09,
  0x3A09, 0x3A09, 0x3A09, 0x3A09, 0x3A09, 0x39E9, 0x39E8, 0x39E8, 0x39C8, 0x39C8, 0x39E8, 0x39E8, 0x39C8, 0x31C8, 0x31C8, 0x39E8,
  0x39E8, 0x39E8, 0x39E9, 0x39E9, 0x3A09, 0x4209, 0x4209, 0x422A, 0x424A, 0x424A, 0x422A, 0x422A, 0x424A, 0x4A4A, 0x424A, 0x424A,
  0x424A, 0x4A4A, 0x4A4A, 0x424A, 0x422A, 0x422A, 0x422A, 0x422A, 0x422A, 0x424A, 0x424A, 0x4A4A, 0x4A4A, 0x4A6A, 0x4A4A, 0x424A,
  0x422A, 0x422A, 0x0000, 0x4A6A, 0x6B6F, 0x6B4E, 0x6B8F, 0x6B90, 0x6B90, 0x6B90, 0x73B0, 0x73D0, 0x8452, 0xA536, 0xBDF9, 0x9D15,
  0x2946, 0x0000, 0x18C3, 0x0000, 0x0020, 0x0000, 0x0000, 0x0000, 0x0000, 0x0000, 0x0000, 0x0000, 0x0000, 0x0000, 0x0000, 0x0000,
  0x0000, 0x0000, 0x0000, 0x18E4, 0x2125, 0x2125, 0x2126, 0x2146, 0x2146, 0x2146, 0x2146, 0x2146, 0x2146, 0x2125, 0x2125, 0x2146,
  0x2146, 0x2125, 0x2125, 0x2145, 0x2145, 0x2125, 0x2125, 0x2146, 0x2146, 0x2146, 0x2125, 0x2146, 0x2146, 0x2146, 0x2146, 0x2125,
  0x2146, 0x2146, 0x2145, 0x2125, 0x2125, 0x2146, 0x2145, 0x2125, 0x2125, 0x2125, 0x2125, 0x2125, 0x2145, 0x2145, 0x2125, 0x2125,
  0x2125, 0x2125, 0x2146, 0x2146, 0x2146, 0x2146, 0x2146, 0x2146, 0x2125, 0x2125, 0x2125, 0x2125, 0x2125, 0x2125, 0x2125, 0x2125,
  0x0000, 0x0000, 0x0000, 0x0000, 0x0000, 0x0000, 0x0000, 0x0000, 0x0000, 0x0000, 0x0000, 0x0000, 0x0000, 0x0000, 0x0000, 0x0000,
  0x0000, 0x0000, 0x0000, 0x0000, 0x0000, 0x0000, 0x0000, 0x0000, 0x0000, 0x0000, 0x0000, 0x0000, 0x0000, 0x0000, 0x0000, 0x0000,
  0x0000, 0x0000, 0x0000, 0x0000, 0x0000, 0x0000, 0x0000, 0x0000, 0x0000, 0x0000, 0x0000, 0x0000, 0x0000, 0x0000, 0x0000, 0x0000,
  0x0000, 0x0000, 0x0000, 0x0000, 0x0000, 0x0000, 0x0000, 0x0000, 0x0000, 0x0000, 0x0000, 0x0000, 0x0000, 0x0000, 0x0000, 0x0000,
  0x0000, 0x0000, 0x0000, 0x0000, 0x0000, 0x0000, 0x0000, 0x0000, 0x0000, 0x0000, 0x0000, 0x0000, 0x1082, 0x0000, 0x0000, 0xA556,
  0xC67B, 0x9D36, 0x422A, 0x2167, 0x3A09, 0x3A29, 0x4229, 0x422A, 0x422A, 0x422A, 0x3A29, 0x424A, 0x2946, 0x0862, 0x2966, 0x2946,
  0x2946, 0x2946, 0x2966, 0x2967, 0x2987, 0x2967, 0x2987, 0x2987, 0x2987, 0x2987, 0x2987, 0x2987, 0x2987, 0x2987, 0x3187, 0x31A7,
  0x31A7, 0x31A7, 0x31A7, 0x31A7, 0x31A7, 0x31A7, 0x31A7, 0x31A7, 0x31A7, 0x31A7, 0x31A7, 0x31A7, 0x31A7, 0x31A7, 0x31A7, 0x31A8,
  0x31A8, 0x31A8, 0x31A8, 0x31A8, 0x31A8, 0x31C8, 0x31C8, 0x31C8, 0x31C8, 0x31C8, 0x31A8, 0x31A7, 0x31A7, 0x31A7, 0x31A7, 0x31A7,
  0x31A7, 0x3187, 0x3187, 0x3187, 0x31A7, 0x31A7, 0x31A7, 0x31A7, 0x31A8, 0x31C8, 0x31A8, 0x31A8, 0x31A8, 0x31A8, 0x31A8, 0x31A8,
  0x31A7, 0x31A7, 0x31A7, 0x2987, 0x2987, 0x2987, 0x2987, 0x2987, 0x2987, 0x2987, 0x2987, 0x2987, 0x2987, 0x2987, 0x2987, 0x2987,
  0x2987, 0x2987, 0x2987, 0x2987, 0x2967, 0x2966, 0x2146, 0x2126, 0x2125, 0x2125, 0x2125, 0x2105, 0x2105, 0x2105, 0x2105, 0x2105,
  0x2105, 0x2125, 0x2125, 0x2125, 0x2146, 0x2146, 0x2946, 0x2966, 0x2987, 0x2987, 0x2987, 0x2987, 0x2987, 0x2987, 0x2987, 0x2967,
  0x2967, 0x2966, 0x2967, 0x2987, 0x2987, 0x2987, 0x2987, 0x2987, 0x2987, 0x2987, 0x2987, 0x2987, 0x2987, 0x2987, 0x2987, 0x3187,
  0x2987, 0x2987, 0x18E4, 0x0000, 0x2146, 0x2166, 0x2166, 0x2146, 0x2146, 0x2146, 0x2146, 0x2126, 0x1905, 0x31A8, 0x73D0, 0xADB8,
  0xA536, 0x31A7, 0x0000, 0x18C3, 0x0000, 0x0000, 0x0000, 0x0000, 0x0000, 0x0000, 0x0000, 0x0000, 0x0000, 0x0000, 0x0000, 0x0000,
  0x0000, 0x0000, 0x0000, 0x0000, 0x0000, 0x0000, 0x0000, 0x0000, 0x0000, 0x0000, 0x0000, 0x0000, 0x0000, 0x0000, 0x0000, 0x0000,
  0x0000, 0x0000, 0x0000, 0x0000, 0x0000, 0x0000, 0x0000, 0x0000, 0x0000, 0x0000, 0x0000, 0x0000, 0x0000, 0x0000, 0x0000, 0x0000,
  0x0000, 0x0000, 0x0000, 0x0000, 0x0000, 0x0000, 0x0000, 0x0000, 0x0000, 0x0000, 0x0000, 0x0000, 0x0000, 0x0000, 0x0000, 0x0000,
  0x0000, 0x0000, 0x0000, 0x0000, 0x0000, 0x0000, 0x0000, 0x0000, 0x0000, 0x0000, 0x0000, 0x0000, 0x0000, 0x0000, 0x0000, 0x0000,
  0x0000, 0x0020, 0x0020, 0x0000, 0x0020, 0x0020, 0x0021, 0x0021, 0x0021, 0x0021, 0x0021, 0x0020, 0x0020, 0x0020, 0x0021, 0x0020,
  0x0020, 0x0020, 0x0020, 0x0020, 0x0020, 0x0020, 0x0020, 0x0020, 0x0020, 0x0021, 0x0020, 0x0020, 0x0021, 0x0020, 0x0020, 0x0020,
  0x0020, 0x0020, 0x0020, 0x0020, 0x0020, 0x0020, 0x0020, 0x0020, 0x0020, 0x0020, 0x0020, 0x0020, 0x0021, 0x0020, 0x0020, 0x0020,
  0x0020, 0x0020, 0x0020, 0x0000, 0x0000, 0x0000, 0x0000, 0x0000, 0x0000, 0x0000, 0x0000, 0x0000, 0x0000, 0x0000, 0x0000, 0x0000,
  0x0000, 0x0000, 0x0000, 0x0000, 0x0000, 0x0000, 0x0000, 0x0000, 0x0000, 0x0000, 0x0000, 0x0861, 0x0000, 0x0000, 0x9D15, 0xC67A,
  0xAD97, 0x422A, 0x31C8, 0x424A, 0x3A09, 0x3A29, 0x4229, 0x422A, 0x422A, 0x422A, 0x422A, 0x3A29, 0x0862, 0x1904, 0x2966, 0x2946,
  0x2946, 0x2966, 0x2946, 0x2105, 0x1905, 0x1905, 0x1904, 0x1905, 0x1905, 0x1905, 0x1905, 0x1905, 0x1905, 0x1905, 0x1905, 0x2105,
  0x2125, 0x2125, 0x2125, 0x2105, 0x2105, 0x2105, 0x2105, 0x1905, 0x1905, 0x2105, 0x2105, 0x1905, 0x1905, 0x2125, 0x2125, 0x2125,
  0x2125, 0x2125, 0x2125, 0x2125, 0x2125, 0x2125, 0x2125, 0x2125, 0x2125, 0x2125, 0x2125, 0x2125, 0x2125, 0x2125, 0x2125, 0x2105,
  0x2105, 0x2105, 0x2105, 0x2105, 0x2125, 0x2125, 0x2125, 0x2125, 0x2125, 0x2125, 0x2125, 0x2125, 0x2125, 0x2125, 0x18E4, 0x0883,
  0x1905, 0x2125, 0x2125, 0x2125, 0x2105, 0x2105, 0x2105, 0x2125, 0x1905, 0x18E4, 0x2105, 0x2105, 0x2105, 0x2125, 0x2125, 0x2125,
  0x2125, 0x2125, 0x2125, 0x2125, 0x2105, 0x1905, 0x1904, 0x18E4, 0x18E4, 0x18E4, 0x18E4, 0x18E4, 0x18E4, 0x18E4, 0x18E4, 0x18E4,
  0x18E4, 0x1904, 0x1904, 0x2105, 0x2125, 0x2125, 0x2125, 0x2125, 0x2946, 0x2966, 0x2966, 0x2966, 0x2966, 0x2966, 0x2966, 0x2966,
  0x2966, 0x2966, 0x2966, 0x2966, 0x2966, 0x2966, 0x2966, 0x2966, 0x2966, 0x2966, 0x2967, 0x2967, 0x2966, 0x2967, 0x2987, 0x2987,
  0x2966, 0x2987, 0x2125, 0x0020, 0x31C8, 0x39E9, 0x39E8, 0x39E9, 0x39E9, 0x39E9, 0x39E9, 0x39E9, 0x3A09, 0x39E8, 0x2146, 0x73B0,
  0xB5F9, 0xAD97, 0x4208, 0x0000, 0x10C3, 0x0000, 0x0000, 0x0000, 0x0000, 0x0000, 0x0000, 0x0000, 0x0000, 0x0000, 0x0000, 0x0000,
  0x0000, 0x0000, 0x0000, 0x0000, 0x0000, 0x0000, 0x0000, 0x0000, 0x0000, 0x0000, 0x0000, 0x0000, 0x0000, 0x0000, 0x0000, 0x0000,
  0x0000, 0x0000, 0x0000, 0x0000, 0x0000, 0x0001, 0x0000, 0x0000, 0x0000, 0x0000, 0x0000, 0x0000, 0x0000, 0x0000, 0x0000, 0x0000,
  0x0000, 0x0000, 0x0000, 0x0021, 0x0021, 0x0021, 0x0021, 0x0021, 0x0000, 0x0000, 0x0000, 0x0000, 0x0000, 0x0000, 0x0000, 0x0000,
  0x0000, 0x0000, 0x0000, 0x0001, 0x0000, 0x0000, 0x0000, 0x0000, 0x0000, 0x0020, 0x0000, 0x0020, 0x0020, 0x0020, 0x0020, 0x0020,
  0x0000, 0x0000, 0x0000, 0x0000, 0x0000, 0x0000, 0x0000, 0x0000, 0x0000, 0x0000, 0x0000, 0x0000, 0x0000, 0x0000, 0x0000, 0x0000,
  0x0000, 0x0000, 0x0000, 0x0000, 0x0000, 0x0000, 0x0000, 0x0000, 0x0000, 0x0000, 0x0000, 0x0000, 0x0000, 0x0000, 0x0000, 0x0000,
  0x0000, 0x0000, 0x0020, 0x0000, 0x0000, 0x0000, 0x0000, 0x0000, 0x0020, 0x0020, 0x0020, 0x0020, 0x0020, 0x0020, 0x0020, 0x0020,
  0x0000, 0x0000, 0x0000, 0x0000, 0x0000, 0x0000, 0x0000, 0x0000, 0x0000, 0x0000, 0x0000, 0x0000, 0x0000, 0x0020, 0x0020, 0x0000,
  0x0000, 0x0000, 0x0000, 0x0000, 0x0000, 0x0000, 0x0000, 0x0000, 0x0000, 0x0000, 0x0841, 0x1061, 0x0000, 0x94D4, 0xC65A, 0xB5D8,
  0x5B0D, 0x31C8, 0x424A, 0x3A09, 0x3A29, 0x3A29, 0x4229, 0x4229, 0x422A, 0x4229, 0x422A, 0x31A7, 0x0000, 0x2146, 0x2946, 0x2946,
  0x2966, 0x2125, 0x0021, 0x0000, 0x0000, 0x0000, 0x0000, 0x0000, 0x0000, 0x0000, 0x0000, 0x0000, 0x0000, 0x0000, 0x0000, 0x0000,
  0x0000, 0x0000, 0x0000, 0x0000, 0x0800, 0x0800, 0x0800, 0x0800, 0x0000, 0x0000, 0x0000, 0x0800, 0x0800, 0x0800, 0x0000, 0x0000,
  0x0000, 0x0000, 0x0000, 0x0000, 0x0000, 0x0000, 0x0000, 0x0000, 0x0000, 0x0000, 0x0000, 0x0000, 0x0000, 0x0000, 0x0000, 0x0000,
  0x0000, 0x0000, 0x0000, 0x0000, 0x0000, 0x0000, 0x0000, 0x0000, 0x0000, 0x0000, 0x0000, 0x0000, 0x0000, 0x0000, 0x2966, 0x4229,
  0x2104, 0x0000, 0x0020, 0x0000, 0x0000, 0x0000, 0x0000, 0x0000, 0x10A3, 0x18E4, 0x0000, 0x0000, 0x0000, 0x0000, 0x0000, 0x0000,
  0x0000, 0x0000, 0x0000, 0x0000, 0x0000, 0x0000, 0x0000, 0x0000, 0x0000, 0x0000, 0x0000, 0x0000, 0x0000, 0x0000, 0x0000, 0x0000,
  0x0000, 0x0000, 0x0000, 0x0000, 0x0000, 0x0000, 0x0000, 0x0000, 0x0000, 0x0000, 0x0000, 0x0000, 0x0000, 0x0000, 0x0000, 0x0000,
  0x0000, 0x0000, 0x0000, 0x0000, 0x0000, 0x0000, 0x0020, 0x0020, 0x0020, 0x0020, 0x0020, 0x0020, 0x0020, 0x0000, 0x0020, 0x0020,
  0x0020, 0x0021, 0x0841, 0x0000, 0x2146, 0x31C8, 0x31C8, 0x31C8, 0x31C8, 0x31C8, 0x31C8, 0x31C8, 0x31C8, 0x31C8, 0x39E8, 0x2146,
  0x6B6E, 0xB5B8, 0xB5D8, 0x5AEC, 0x0000, 0x18C3, 0x0000, 0x0000, 0x0000, 0x0000, 0x0000, 0x0000, 0x0000, 0x0000, 0x0000, 0x0000,
  0x0000, 0x0000, 0x0000, 0x0000, 0x0000, 0x0000, 0x0000, 0x0000, 0x0000, 0x0000, 0x0000, 0x0000, 0x0000, 0x0000, 0x0000, 0x0000,
  0x0000, 0x0001, 0x0001, 0x0021, 0x0021, 0x0001, 0x0001, 0x0021, 0x0021, 0x0021, 0x0001, 0x0001, 0x0001, 0x0021, 0x0021, 0x0021,
  0x0021, 0x0001, 0x0021, 0x0021, 0x0021, 0x0021, 0x0021, 0x0021, 0x0021, 0x0021, 0x0021, 0x0021, 0x0001, 0x0001, 0x0001, 0x0001,
  0x0001, 0x0021, 0x0021, 0x0021, 0x0021, 0x0021, 0x0000, 0x0000, 0x0000, 0x0000, 0x0000, 0x0000, 0x0020, 0x0020, 0x0020, 0x0021,
};

const uint16_t backgroundBitmap2[10880] __attribute__((section(".text.bitmap_zz"))) = {
  0x0000, 0x0000, 0x0000, 0x0000, 0x0000, 0x0000, 0x0000, 0x0000, 0x0000, 0x0000, 0x0000, 0x0000, 0x0000, 0x0000, 0x0000, 0x0000,
  0x0000, 0x0000, 0x0000, 0x0000, 0x0000, 0x0000, 0x0000, 0x0000, 0x0000, 0x0000, 0x0000, 0x0000, 0x0000, 0x0000, 0x0000, 0x0020,
  0x0020, 0x0020, 0x0000, 0x0000, 0x0000, 0x0020, 0x0020, 0x0000, 0x0000, 0x0020, 0x0020, 0x0020, 0x0020, 0x0020, 0x0020, 0x0020,
  0x0020, 0x0020, 0x0000, 0x0000, 0x0000, 0x0000, 0x0000, 0x0000, 0x0000, 0x0000, 0x0000, 0x0020, 0x0020, 0x0020, 0x0020, 0x0000,
  0x0000, 0x0000, 0x0000, 0x0000, 0x0000, 0x0020, 0x0020, 0x0000, 0x0000, 0x0020, 0x10A2, 0x0000, 0x94B3, 0xCE7B, 0xBDF9, 0x6B6F,
  0x31C8, 0x424A, 0x422A, 0x4229, 0x4229, 0x4229, 0x422A, 0x422A, 0x3A2A, 0x3A2A, 0x424A, 0x1904, 0x1082, 0x2946, 0x2146, 0x2946,
  0x2125, 0x0000, 0x1020, 0x20A2, 0x20A2, 0x2082, 0x2082, 0x2082, 0x2881, 0x2881, 0x2881, 0x28A2, 0x28A2, 0x30A2, 0x30A2, 0x30A2,
  0x30A2, 0x30C2, 0x30C2, 0x38C2, 0x38C2, 0x38C2, 0x38C2, 0x38C2, 0x38C2, 0x38C2, 0x38C2, 0x38C2, 0x38C2, 0x38C2, 0x38C2, 0x30C2,
  0x30C2, 0x30C2, 0x30C2, 0x30C2, 0x30C2, 0x30C2, 0x30C2, 0x30C2, 0x30C2, 0x30C2, 0x30C2, 0x28C2, 0x28C2, 0x28C2, 0x28C2, 0x28C2,
  0x28C2, 0x20C2, 0x20C2, 0x20C3, 0x20C3, 0x20C3, 0x20C3, 0x20C3, 0x20C3, 0x18C3, 0x18C3, 0x18C3, 0x2104, 0x0000, 0x6B6F, 0x94D4,
  0x528B, 0x18C4, 0x2966, 0x2946, 0x2946, 0x2946, 0x2946, 0x1904, 0x52CC, 0x5B2E, 0x2125, 0x18E4, 0x1082, 0x0021, 0x0041, 0x0041,
  0x0041, 0x0041, 0x0041, 0x0041, 0x0041, 0x0041, 0x0041, 0x0841, 0x0841, 0x0020, 0x0000, 0x0000, 0x0000, 0x0000, 0x0020, 0x0020,
  0x0020, 0x0020, 0x0020, 0x0020, 0x0020, 0x0020, 0x0841, 0x10A2, 0x10A2, 0x10A2, 0x1082, 0x1082, 0x1082, 0x0861, 0x0020, 0x0020,
  0x0020, 0x0020, 0x0020, 0x0020, 0x0020, 0x0020, 0x0020, 0x0020, 0x0020, 0x0020, 0x0021, 0x0020, 0x0020, 0x0020, 0x0020, 0x0020,
  0x0020, 0x0020, 0x0020, 0x0000, 0x18C4, 0x31C8, 0x31C8, 0x31C8, 0x31C8, 0x39C8, 0x31C8, 0x31C8, 0x31C8, 0x31C8, 0x31C8, 0x39E9,
  0x2146, 0x632E, 0xADB8, 0xB5B8, 0x52CB, 0x0000, 0x10A3, 0x0000, 0x0020, 0x0020, 0x0020, 0x0000, 0x0000, 0x0000, 0x0000, 0x0000,
  0x0000, 0x0000, 0x0000, 0x0000, 0x0000, 0x0000, 0x0000, 0x0000, 0x0000, 0x0000, 0x0000, 0x0000, 0x0000, 0x0000, 0x0001, 0x0001,
  0x0021, 0x0021, 0x0001, 0x0021, 0x0021, 0x0021, 0x0021, 0x0001, 0x0001, 0x0001, 0x0001, 0x0001, 0x0001, 0x0021, 0x0021, 0x0021,
  0x0021, 0x0021, 0x0021, 0x0021, 0x0021, 0x0021, 0x0021, 0x0021, 0x0021, 0x0021, 0x0021, 0x0021, 0x0021, 0x0021, 0x0021, 0x0021,
  0x0001, 0x0021, 0x0021, 0x0021, 0x0021, 0x0021, 0x0021, 0x0001, 0x0000, 0x0000, 0x0000, 0x0020, 0x0000, 0x0000, 0x0020, 0x0000,
  0x0000, 0x0000, 0x0000, 0x0000, 0x0000, 0x0000, 0x0000, 0x0000, 0x0000, 0x0000, 0x0000, 0x0000, 0x0000, 0x0000, 0x0000, 0x0000,
  0x0000, 0x0000, 0x0000, 0x0000, 0x0000, 0x0000, 0x0000, 0x0000, 0x0000, 0x0000, 0x0000, 0x0000, 0x0000, 0x0020, 0x0020, 0x0020,
  0x0020, 0x0020, 0x0000, 0x0000, 0x0020, 0x0020, 0x0020, 0x0020, 0x0020, 0x0020, 0x0020, 0x0020, 0x0020, 0x0020, 0x0000, 0x0000,
  0x0000, 0x0000, 0x0000, 0x0000, 0x0000, 0x0000, 0x0000, 0x0000, 0x0000, 0x0000, 0x0000, 0x0020, 0x0020, 0x0020, 0x0020, 0x0020,
  0x0020, 0x0020, 0x0020, 0x0020, 0x0020, 0x0020, 0x0020, 0x0020, 0x0000, 0x18C3, 0x0000, 0x8C52, 0xCE5A, 0xBDF9, 0x73B0, 0x31C8,
  0x4A6B, 0x424A, 0x424A, 0x424A, 0x424A, 0x424A, 0x422A, 0x422A, 0x422A, 0x424A, 0x3A09, 0x0000, 0x2125, 0x2146, 0x2146, 0x2146,
  0x0862, 0x0800, 0x28A2, 0x2882, 0x2881, 0x2881, 0x2881, 0x2881, 0x2881, 0x2881, 0x2881, 0x2881, 0x3081, 0x3081, 0x3081, 0x30A1,
  0x38A1, 0x38A1, 0x38A1, 0x38A1, 0x38A1, 0x38A1, 0x38A1, 0x38A1, 0x38A1, 0x38A1, 0x38A1, 0x38A1, 0x38A1, 0x38A1, 0x38A1, 0x38A1,
  0x38A1, 0x38A1, 0x38A1, 0x38A1, 0x38A1, 0x38A1, 0x38A1, 0x30A1, 0x30A1, 0x30A2, 0x30A2, 0x30A2, 0x30A2, 0x30A2, 0x30C2, 0x30C2,
  0x28C2, 0x28C2, 0x28C2, 0x28C3, 0x20C3, 0x20C3, 0x20C3, 0x20C3, 0x20C3, 0x20C3, 0x20C3, 0x18C3, 0x20E4, 0x0000, 0x5ACC, 0x7BF1,
  0x4A4A, 0x2105, 0x2966, 0x2946, 0x2946, 0x2946, 0x2966, 0x1905, 0x52CC, 0x5B2E, 0x2145, 0x18E4, 0x0841, 0x0021, 0x0021, 0x0021,
  0x0021, 0x0021, 0x0021, 0x0021, 0x0021, 0x0021, 0x0021, 0x0841, 0x0041, 0x18C3, 0x18E4, 0x18E4, 0x18E3, 0x18C3, 0x18C3, 0x18C3,
  0x18C3, 0x0862, 0x0000, 0x0020, 0x0000, 0x0041, 0x0000, 0x0000, 0x0000, 0x0000, 0x0000, 0x0000, 0x0000, 0x0000, 0x0021, 0x0000,
  0x0000, 0x0000, 0x0000, 0x0020, 0x0020, 0x0020, 0x0020, 0x0841, 0x0041, 0x0000, 0x0000, 0x0000, 0x0020, 0x0020, 0x0020, 0x0020,
  0x0020, 0x0020, 0x0020, 0x0000, 0x0021, 0x31A7, 0x31C8, 0x31C8, 0x31C8, 0x31C8, 0x31C8, 0x31C8, 0x31C8, 0x31C8, 0x31C8, 0x31C8,
  0x3A09, 0x2967, 0x5ACC, 0x9D15, 0xA576, 0x5ACB, 0x0000, 0x10C3, 0x0000, 0x0020, 0x0020, 0x0000, 0x0000, 0x0000, 0x0000, 0x0020,
  0x0020, 0x0000, 0x0000, 0x0000, 0x0000, 0x0000, 0x0000, 0x0000, 0x0000, 0x0000, 0x0021, 0x0021, 0x0021, 0x0021, 0x0021, 0x0021,
  0x0021, 0x0021, 0x0021, 0x0021, 0x0021, 0x0021, 0x0021, 0x0021, 0x0021, 0x0021, 0x0021, 0x0021, 0x0021, 0x0021, 0x0021, 0x0021,
  0x0021, 0x0021, 0x0021, 0x0021, 0x0021, 0x0021, 0x0021, 0x0021, 0x0021, 0x0021, 0x0021, 0x0021, 0x0021, 0x0021, 0x0021, 0x0021,
  0x0021, 0x0021, 0x0021, 0x0021, 0x0021, 0x0021, 0x0021, 0x0021, 0x0021, 0x0021, 0x0021, 0x0021, 0x0021, 0x0021, 0x0020, 0x0020,
  0x0000, 0x0000, 0x0000, 0x0000, 0x0000, 0x0000, 0x0000, 0x0000, 0x0000, 0x0000, 0x0000, 0x0000, 0x0000, 0x0000, 0x0000, 0x0000,
  0x0000, 0x0000, 0x0000, 0x0000, 0x0000, 0x0000, 0x0000, 0x0000, 0x0000, 0x0000, 0x0000, 0x0000, 0x0000, 0x0000, 0x0020, 0x0020,
  0x0020, 0x0020, 0x0020, 0x0020, 0x0020, 0x0020, 0x0020, 0x0020, 0x0020, 0x0020, 0x0020, 0x0020, 0x0020, 0x0020, 0x0020, 0x0000,
  0x0000, 0x0000, 0x0000, 0x0000, 0x0000, 0x0000, 0x0000, 0x0000, 0x0000, 0x0000, 0x0000, 0x0020, 0x0020, 0x0020, 0x0020, 0x0020,
  0x0020, 0x0020, 0x0020, 0x0020, 0x0020, 0x0020, 0x0020, 0x0000, 0x18C3, 0x0000, 0x83CF, 0xCE39, 0xC5F9, 0x7C11, 0x31C8, 0x4A8B,
  0x424A, 0x424A, 0x424A, 0x424A, 0x424A, 0x424A, 0x424A, 0x422A, 0x422A, 0x422A, 0x2125, 0x0000, 0x2146, 0x2146, 0x2946, 0x18E4,
  0x0000, 0x2081, 0x2882, 0x2881, 0x2881, 0x2881, 0x2881, 0x2881, 0x2881, 0x2881, 0x2881, 0x3081, 0x2881, 0x2881, 0x2881, 0x2881,
  0x3081, 0x3081, 0x3081, 0x30A1, 0x30A1, 0x38A1, 0x38A1, 0x38A1, 0x38A1, 0x38A1, 0x38A1, 0x38A1, 0x38A1, 0x38A1, 0x38A1, 0x38A1,
  0x38A1, 0x38A1, 0x38A1, 0x38A1, 0x30A1, 0x30A1, 0x3081, 0x3081, 0x3081, 0x3081, 0x3081, 0x3081, 0x3081, 0x3081, 0x30A1, 0x2881,
  0x2881, 0x2881, 0x2081, 0x2081, 0x2082, 0x2082, 0x2082, 0x18A2, 0x18A2, 0x20C3, 0x20C3, 0x20C3, 0x20E4, 0x1000, 0x528B, 0x7BAF,
  0x4A4A, 0x2105, 0x3166, 0x2946, 0x2946, 0x2966, 0x2966, 0x2125, 0x52CC, 0x5B0D, 0x2966, 0x18E4, 0x0021, 0x0041, 0x0021, 0x0021,
  0x0021, 0x0021, 0x0021, 0x0021, 0x0021, 0x0021, 0x0021, 0x0041, 0x0861, 0x0000, 0x0000, 0x0000, 0x0000, 0x0000, 0x0000, 0x0000,
  0x0000, 0x0000, 0x0862, 0x0000, 0x0841, 0x0000, 0x31A7, 0x5AEC, 0x5AEC, 0x5AEC, 0x52CC, 0x52CB, 0x52AB, 0x39E8, 0x0000, 0x0021,
  0x0020, 0x0020, 0x0020, 0x0020, 0x0020, 0x0020, 0x0020, 0x0000, 0x0000, 0x0020, 0x2125, 0x1082, 0x0000, 0x0020, 0x0000, 0x0000,
  0x0000, 0x0000, 0x0020, 0x0020, 0x0000, 0x2946, 0x39C8, 0x31C8, 0x39C8, 0x31C8, 0x31C8, 0x31C8, 0x31C8, 0x31E8, 0x31E8, 0x31E8,
  0x31C8, 0x3A09, 0x2987, 0x52CC, 0x9D15, 0xA556, 0x4A8A, 0x0000, 0x10A3, 0x0020, 0x0000, 0x0000, 0x0000, 0x0000, 0x0000, 0x0020,
  0x0020, 0x0000, 0x0000, 0x0000, 0x0000, 0x0000, 0x0020, 0x0020, 0x0021, 0x0021, 0x0021, 0x0021, 0x0021, 0x0021, 0x0021, 0x0021,
  0x0021, 0x0021, 0x0021, 0x0021, 0x0021, 0x0021, 0x0021, 0x0021, 0x0021, 0x0021, 0x0021, 0x0021, 0x0021, 0x0021, 0x0021, 0x0021,
  0x0021, 0x0021, 0x0021, 0x0021, 0x0021, 0x0021, 0x0021, 0x0021, 0x0021, 0x0021, 0x0021, 0x0021, 0x0021, 0x0021, 0x0021, 0x0021,
  0x0021, 0x0021, 0x0021, 0x0021, 0x0021, 0x0021, 0x0021, 0x0021, 0x0021, 0x0021, 0x0021, 0x0021, 0x0021, 0x0021, 0x0021, 0x0021,
  0x0000, 0x0000, 0x0000, 0x0000, 0x0000, 0x0000, 0x0000, 0x0000, 0x0000, 0x0000, 0x0000, 0x0000, 0x0000, 0x0000, 0x0000, 0x0000,
  0x0000, 0x0000, 0x0000, 0x0000, 0x0000, 0x0000, 0x0000, 0x0000, 0x0000, 0x0020, 0x0020, 0x0020, 0x0000, 0x0020, 0x0020, 0x0020,
  0x0020, 0x0020, 0x0020, 0x0020, 0x0020, 0x0020, 0x0020, 0x0020, 0x0020, 0x0020, 0x0020, 0x0020, 0x0020, 0x0020, 0x0020, 0x0020,
  0x0020, 0x0020, 0x0020, 0x0020, 0x0020, 0x0020, 0x0020, 0x0000, 0x0000, 0x0020, 0x0020, 0x0020, 0x0020, 0x0020, 0x0020, 0x0020,
  0x0821, 0x0841, 0x0841, 0x0841, 0x0841, 0x0841, 0x0820, 0x1882, 0x0000, 0x62CB, 0xCDD8, 0xCDF8, 0x9472, 0x31C8, 0x4A6A, 0x4A4A,
  0x4A4A, 0x4A4A, 0x424A, 0x424A, 0x424A, 0x424A, 0x422A, 0x422A, 0x4229, 0x31C8, 0x0841, 0x18E4, 0x2946, 0x2146, 0x2146, 0x0041,
  0x1020, 0x2881, 0x2881, 0x2881, 0x2881, 0x2881, 0x2881, 0x2881, 0x2881, 0x2881, 0x3081, 0x2081, 0x7101, 0x9122, 0x9922, 0xA122,
  0xA922, 0xB142, 0xB142, 0xB142, 0xB142, 0xB962, 0xB142, 0xB142, 0xB162, 0xB162, 0xB162, 0xA962, 0xA962, 0xA963, 0xA963, 0xA963,
  0xA963, 0xA983, 0xA1A4, 0xA1A4, 0x99A4, 0x91A4, 0x91C5, 0x89C5, 0x81C5, 0x81E6, 0x79E6, 0x79E6, 0x71C6, 0x69C6, 0x69C6, 0x69E7,
  0x6A07, 0x6A07, 0x6A08, 0x6228, 0x6228, 0x59E8, 0x51C7, 0x51E8, 0x49C7, 0x28C3, 0x20C3, 0x20C3, 0x28E4, 0x1821, 0x5A6A, 0x7B6E,
  0x4A29, 0x2925, 0x3166, 0x3166, 0x3166, 0x2966, 0x2966, 0x2145, 0x52AC, 0x5B0D, 0x2966, 0x10C3, 0x0021, 0x0841, 0x0041, 0x0041,
  0x0041, 0x0041, 0x0041, 0x0041, 0x0021, 0x0021, 0x0041, 0x0862, 0x0000, 0x8452, 0x9CF5, 0x94B4, 0x9493, 0x8C73, 0x8C73, 0x8C73,
  0x8C73, 0x52AB, 0x0000, 0x1082, 0x0862, 0x0000, 0x73B0, 0x9CF5, 0x9CF5, 0x9D15, 0x9CF5, 0x9CF5, 0x94F5, 0x634E, 0x0000, 0x0861,
  0x0000, 0x0000, 0x0000, 0x0000, 0x0000, 0x0020, 0x0000, 0x3A09, 0x5AED, 0x632E, 0x4A8B, 0x2946, 0x0020, 0x0000, 0x0000, 0x0000,
  0x0000, 0x0000, 0x0000, 0x0020, 0x0000, 0x18C4, 0x31C8, 0x39C8, 0x39C8, 0x31C8, 0x31C8, 0x39C8, 0x31C8, 0x31C8, 0x31C8, 0x31C8,
  0x31C8, 0x31C8, 0x39E9, 0x31A7, 0x52AC, 0x94D4, 0x9D15, 0x52CB, 0x0000, 0x1082, 0x0020, 0x0000, 0x0000, 0x0020, 0x0020, 0x0020,
  0x0020, 0x0000, 0x0000, 0x0020, 0x0000, 0x0000, 0x0021, 0x0021, 0x0021, 0x0021, 0x0021, 0x0021, 0x0021, 0x0021, 0x0021, 0x0021,
  0x0041, 0x0041, 0x0041, 0x0041, 0x0021, 0x0021, 0x0021, 0x0021, 0x0021, 0x0021, 0x0021, 0x0000, 0x0021, 0x0062, 0x0062, 0x0041,
  0x0021, 0x0021, 0x0021, 0x0021, 0x0021, 0x0041, 0x0041, 0x0041, 0x0041, 0x0041, 0x0041, 0x0021, 0x0021, 0x0021, 0x0021, 0x0021,
  0x0021, 0x0021, 0x0021, 0x0021, 0x0021, 0x0021, 0x0021, 0x0021, 0x0021, 0x0021, 0x0021, 0x0021, 0x0021, 0x0021, 0x0021, 0x0021,
  0x0000, 0x0000, 0x0000, 0x0000, 0x0000, 0x0000, 0x0000, 0x0000, 0x0000, 0x0000, 0x0000, 0x0000, 0x0000, 0x0000, 0x0000, 0x0000,
  0x0000, 0x0020, 0x0020, 0x0020, 0x0020, 0x0000, 0x0000, 0x0020, 0x0020, 0x0020, 0x0020, 0x0020, 0x0020, 0x0020, 0x0020, 0x0020,
  0x0020, 0x0020, 0x0020, 0x0020, 0x0020, 0x0020, 0x0020, 0x0020, 0x0020, 0x0020, 0x0020, 0x0000, 0x0020, 0x0020, 0x0020, 0x0020,
  0x0020, 0x0020, 0x0020, 0x0020, 0x0020, 0x0020, 0x0020, 0x0020, 0x0020, 0x0020, 0x0020, 0x0020, 0x0020, 0x0020, 0x0000, 0x0841,
  0x1061, 0x0820, 0x0000, 0x0000, 0x0000, 0x0000, 0x0841, 0x0000, 0x0000, 0xBD35, 0xD5D8, 0xACB4, 0x4229, 0x4A4A, 0x4A4A, 0x4A4A,
  0x4A4A, 0x4A6A, 0x4A4A, 0x4A4A, 0x4A4A, 0x424A, 0x424A, 0x422A, 0x31C8, 0x2966, 0x0000, 0x2125, 0x2146, 0x2146, 0x2105, 0x0000,
  0x2081, 0x2881, 0x2881, 0x2881, 0x2881, 0x2881, 0x2881, 0x2881, 0x2881, 0x3081, 0x2061, 0x7102, 0x9962, 0x8902, 0x80E1, 0x88E1,
  0x9102, 0x9902, 0x9902, 0x9902, 0xA122, 0xA122, 0x9922, 0x9922, 0x9922, 0x9922, 0x9922, 0x9122, 0x9122, 0x9142, 0x9142, 0x9122,
  0x9142, 0x9143, 0x9163, 0x8963, 0x8163, 0x8163, 0x7984, 0x7984, 0x7184, 0x7185, 0x6985, 0x69A5, 0x6185, 0x6165, 0x5985, 0x59A6,
  0x59A6, 0x59A6, 0x59C6, 0x59C7, 0x59C7, 0x51A6, 0x4986, 0x4986, 0x4166, 0x28C3, 0x28C3, 0x28C3, 0x28E4, 0x2062, 0x5A49, 0x7B4D,
  0x5249, 0x3145, 0x3986, 0x3166, 0x3166, 0x3166, 0x3187, 0x2966, 0x528B, 0x5AEC, 0x2987, 0x10C4, 0x0021, 0x0842, 0x0041, 0x0862,
  0x18E4, 0x18E4, 0x18E4, 0x18E4, 0x18E4, 0x18E3, 0x18E4, 0x1904, 0x0000, 0xBDF9, 0xBE3A, 0xA557, 0xA557, 0xA536, 0xA536, 0xA536,
  0xA556, 0x6B4E, 0x0000, 0x10C3, 0x0000, 0x39E8, 0x6BB0, 0x6B6F, 0x73B0, 0x73B0, 0x73D1, 0x7BF1, 0x6B6F, 0x0000, 0x18E4, 0x2125,
  0x2105, 0x2105, 0x2105, 0x18E5, 0x2125, 0x0000, 0x31C8, 0x6B6F, 0x6B8F, 0x5AED, 0x0000, 0x2125, 0x2125, 0x0000, 0x0020, 0x0000,
  0x0000, 0x0000, 0x0000, 0x0020, 0x0000, 0x0021, 0x31A7, 0x39C8, 0x31C8, 0x31C8, 0x31C8, 0x31C8, 0x31E8, 0x31E8, 0x31C8, 0x31C8,
  0x31C8, 0x31C8, 0x39C8, 0x39E8, 0x2987, 0x422A, 0x8C94, 0x9D15, 0x52CC, 0x0000, 0x0882, 0x18C3, 0x18E4, 0x18E3, 0x18E3, 0x18E3,
  0x18E3, 0x10C3, 0x0021, 0x0020, 0x0000, 0x0001, 0x0021, 0x0021, 0x0021, 0x0021, 0x0021, 0x0021, 0x0041, 0x0041, 0x0041, 0x0041,
  0x0041, 0x0041, 0x0041, 0x0041, 0x0041, 0x0041, 0x0041, 0x0041, 0x0021, 0x0021, 0x0000, 0x0062, 0x00A4, 0x00A4, 0x0083, 0x0042,
  0x0041, 0x0041, 0x0041, 0x0041, 0x0041, 0x0041, 0x0041, 0x0041, 0x0062, 0x0042, 0x0041, 0x0041, 0x0041, 0x0041, 0x0041, 0x0041,
  0x0021, 0x0021, 0x0021, 0x0021, 0x0021, 0x0021, 0x0021, 0x0021, 0x0021, 0x0021, 0x0021, 0x0021, 0x0021, 0x0021, 0x0021, 0x0021,
  0x0000, 0x0000, 0x0000, 0x0000, 0x0000, 0x0000, 0x0000, 0x0000, 0x0000, 0x0000, 0x0000, 0x0000, 0x0000, 0x0000, 0x0000, 0x0020,
  0x0020, 0x0020, 0x0020, 0x0020, 0x0020, 0x0020, 0x0020, 0x0020, 0x0020, 0x0020, 0x0020, 0x0020, 0x0020, 0x0020, 0x0020, 0x0020,
  0x0020, 0x0020, 0x0020, 0x0020, 0x0020, 0x0020, 0x0020, 0x0020, 0x0020, 0x0020, 0x0000, 0x0000, 0x0020, 0x0020, 0x0020, 0x0020,
  0x0020, 0x0020, 0x0020, 0x0020, 0x0020, 0x0020, 0x0020, 0x0020, 0x0020, 0x0020, 0x0020, 0x0020, 0x0020, 0x0000, 0x0841, 0x0000,
  0x0000, 0x0000, 0x0000, 0x0000, 0x0000, 0x0000, 0x0800, 0x0000, 0x836E, 0xD596, 0xBCF4, 0x526B, 0x4A2A, 0x4A6A, 0x4A4A, 0x4A4A,
  0x4A6A, 0x4A6A, 0x4A6A, 0x4A6A, 0x424A, 0x424A, 0x422A, 0x31A8, 0x2987, 0x2966, 0x0000, 0x2125, 0x2146, 0x2946, 0x2125, 0x0000,
  0x2861, 0x2881, 0x2881, 0x2881, 0x2881, 0x2881, 0x2881, 0x3081, 0x3081, 0x1861, 0x6901, 0xA162, 0x7902, 0x0040, 0x0020, 0x0040,
  0x0020, 0x0020, 0x0020, 0x0020, 0x0020, 0x0020, 0x0020, 0x0020, 0x0020, 0x0040, 0x1841, 0x2061, 0x2861, 0x2861, 0x3061, 0x3061,
  0x3061, 0x3061, 0x3061, 0x3061, 0x3861, 0x3860, 0x3861, 0x3860, 0x3860, 0x3860, 0x3861, 0x3881, 0x3881, 0x3881, 0x3881, 0x3881,
  0x3881, 0x3881, 0x3081, 0x3081, 0x3081, 0x3082, 0x30A2, 0x30A2, 0x28A2, 0x30C3, 0x28E3, 0x28E3, 0x3104, 0x28A2, 0x5A49, 0x7B4D,
  0x5A49, 0x4166, 0x41A7, 0x4187, 0x3987, 0x39A7, 0x39A7, 0x3186, 0x52AB, 0x5AED, 0x3187, 0x1904, 0x0041, 0x0862, 0x0882, 0x0000,
  0x0000, 0x0000, 0x0000, 0x0000, 0x0000, 0x0000, 0x0000, 0x0000, 0x0000, 0x94D4, 0x73D1, 0x52CD, 0x5B0E, 0x5AED, 0x5AED, 0x52ED,
  0x5B0E, 0x3A09, 0x0000, 0x1082, 0x0000, 0x52CC, 0x6B90, 0x73B0, 0x7BD1, 0x7BF1, 0x7BF1, 0x8432, 0x5AED, 0x0000, 0x2967, 0x2966,
  0x2946, 0x2946, 0x2146, 0x2146, 0x2946, 0x0000, 0x5B0D, 0x6BB0, 0x6B8F, 0x31A7, 0x0000, 0x18E4, 0x3187, 0x0841, 0x0000, 0x0020,
  0x0000, 0x0000, 0x0000, 0x0000, 0x0021, 0x0000, 0x2966, 0x39C8, 0x31C8, 0x31C8, 0x31C8, 0x31E8, 0x31E8, 0x39E8, 0x31E8, 0x31C8,
  0x31C8, 0x31C8, 0x39E8, 0x39C8, 0x39E8, 0x2987, 0x424A, 0x8432, 0x8CB4, 0x4A8B, 0x0000, 0x0000, 0x0000, 0x0000, 0x0000, 0x0000,
  0x0000, 0x0000, 0x0000, 0x0021, 0x0001, 0x0021, 0x0021, 0x0021, 0x0021, 0x0021, 0x0041, 0x0041, 0x0042, 0x0042, 0x0042, 0x0042,
  0x0042, 0x0042, 0x0042, 0x0041, 0x0041, 0x0042, 0x0062, 0x0041, 0x0000, 0x0042, 0x00C5, 0x00E6, 0x00E5, 0x00C5, 0x0083, 0x0042,
  0x0041, 0x0041, 0x0041, 0x0042, 0x0042, 0x0062, 0x0042, 0x00A4, 0x00A3, 0x0000, 0x0042, 0x0042, 0x0041, 0x0041, 0x0041, 0x0041,
  0x0041, 0x0041, 0x0041, 0x0021, 0x0021, 0x0021, 0x0021, 0x0021, 0x0021, 0x0021, 0x0021, 0x0021, 0x0021, 0x0021, 0x0021, 0x0021,
  0x0000, 0x0000, 0x0000, 0x0000, 0x0000, 0x0000, 0x0000, 0x0000, 0x0000, 0x0000, 0x0000, 0x0000, 0x0000, 0x0020, 0x0020, 0x0020,
  0x0020, 0x0020, 0x0020, 0x0020, 0x0020, 0x0020, 0x0020, 0x0020, 0x0020, 0x0020, 0x0020, 0x0020, 0x0020, 0x0020, 0x0020, 0x0020,
  0x0020, 0x0020, 0x0020, 0x0020, 0x0020, 0x0020, 0x0020, 0x0020, 0x0020, 0x0020, 0x0020, 0x0020, 0x0020, 0x0820, 0x0820, 0x0020,
  0x0820, 0x0820, 0x0820, 0x0820, 0x0820, 0x0820, 0x0820, 0x0820, 0x0820, 0x0820, 0x0820, 0x0820, 0x0820, 0x1062, 0x0000, 0x39E8,
  0xB5B7, 0xC639, 0xCE7A, 0xCE7A, 0xCE9B, 0xD69B, 0xAD55, 0x0000, 0xAC71, 0xCD55, 0x6ACC, 0x4209, 0x526A, 0x4A4A, 0x4A4A, 0x4A4A,
  0x4A6A, 0x4A6A, 0x4A6A, 0x4A6A, 0x4A6A, 0x424A, 0x31A8, 0x2967, 0x2987, 0x2146, 0x0000, 0x2125, 0x2946, 0x2946, 0x2125, 0x0000,
  0x2861, 0x3081, 0x3081, 0x2881, 0x2881, 0x3081, 0x3081, 0x3081, 0x2061, 0x6102, 0x9962, 0x7102, 0x0041, 0x2841, 0x2861, 0x2861,
  0x2861, 0x2861, 0x3061, 0x3061, 0x3061, 0x3061, 0x3861, 0x3861, 0x3861, 0x4081, 0x4081, 0x48A1, 0x48A1, 0x48A1, 0x50A1, 0x50A1,
  0x50A1, 0x50A1, 0x50A1, 0x48C1, 0x48C1, 0x48C1, 0x48C2, 0x48C2, 0x48C2, 0x48C2, 0x48C2, 0x48C2, 0x48E2, 0x48E2, 0x48E2, 0x40E2,
  0x40E3, 0x40E3, 0x40E3, 0x40E3, 0x40E3, 0x40E3, 0x38E3, 0x38E3, 0x38E3, 0x30E3, 0x30E3, 0x30E3, 0x3904, 0x30C3, 0x6A89, 0x7B2C,
  0x6249, 0x49A7, 0x49C7, 0x49C7, 0x49C7, 0x41C8, 0x41E8, 0x39C7, 0x52AB, 0x5AED, 0x31A7, 0x2105, 0x0041, 0x10A3, 0x0000, 0x2146,
  0xAD76, 0xAD77, 0xA556, 0xA556, 0x9D15, 0x9CF5, 0x9D15, 0x8452, 0x0000, 0x8C94, 0x7BF1, 0x634F, 0x6B6F, 0x6B6F, 0x6B6F, 0x634F,
  0x6B6F, 0x424A, 0x0000, 0x0000, 0x4229, 0x9CF5, 0x9CF5, 0x9D15, 0x9D16, 0x9D36, 0x9D36, 0xA536, 0x4A6B, 0x0000, 0x2125, 0x2104,
  0x1904, 0x18E4, 0x18E4, 0x1904, 0x0000, 0x31A7, 0x8C73, 0x8CB4, 0x7BF1, 0x0000, 0x0861, 0x0041, 0x31A7, 0x1904, 0x0000, 0x0020,
  0x0000, 0x0000, 0x0000, 0x0000, 0x0020, 0x0000, 0x18E4, 0x39C8, 0x31C8, 0x31C8, 0x31C8, 0x31C8, 0x39E8, 0x39E8, 0x39E8, 0x39E8,
  0x31C8, 0x39E8, 0x39C8, 0x39C8, 0x31C8, 0x39E8, 0x31A7, 0x39E9, 0x8452, 0x6B6F, 0x0000, 0x94B3, 0x9CF4, 0x9CD4, 0x94D4, 0x94B3,
  0x9CF4, 0x8431, 0x0000, 0x0841, 0x0041, 0x0041, 0x0041, 0x0041, 0x0041, 0x0041, 0x0041, 0x0042, 0x0042, 0x0062, 0x0062, 0x0062,
  0x0062, 0x0062, 0x0062, 0x0062, 0x0062, 0x0062, 0x0000, 0x0042, 0x00E6, 0x0148, 0x0148, 0x0107, 0x00E5, 0x0083, 0x0062, 0x0062,
  0x0062, 0x0062, 0x0062, 0x0062, 0x0062, 0x0083, 0x00E5, 0x0000, 0x0000, 0x0926, 0x0021, 0x0063, 0x0062, 0x0042, 0x0042, 0x0042,
  0x0042, 0x0041, 0x0041, 0x0041, 0x0041, 0x0041, 0x0041, 0x0021, 0x0021, 0x0021, 0x0021, 0x0021, 0x0021, 0x0021, 0x0021, 0x0021,
  0x0000, 0x0000, 0x0000, 0x0000, 0x0000, 0x0000, 0x0000, 0x0000, 0x0000, 0x0000, 0x0000, 0x0000, 0x0000, 0x0020, 0x0020, 0x0020,
  0x0020, 0x0020, 0x0000, 0x0020, 0x0000, 0x0020, 0x0020, 0x0020, 0x0020, 0x0020, 0x0020, 0x0020, 0x0020, 0x0020, 0x0020, 0x0020,
  0x0020, 0x0020, 0x0020, 0x0020, 0x0820, 0x0820, 0x0820, 0x0820, 0x0820, 0x0820, 0x0820, 0x0820, 0x0820, 0x0820, 0x0820, 0x0820,
  0x0820, 0x0820, 0x0820, 0x0820, 0x0820, 0x0820, 0x0820, 0x0820, 0x0820, 0x0820, 0x0820, 0x0820, 0x0820, 0x18A2, 0x0000, 0x5ACB,
  0xAD76, 0x8411, 0x8431, 0x8431, 0x8431, 0x8431, 0x6B4E, 0x0000, 0xA451, 0x93CF, 0x31A8, 0x524A, 0x4A4A, 0x4A4A, 0x4A4A, 0x4A4A,
  0x4A4A, 0x4A4A, 0x4A4A, 0x4A4A, 0x4A6A, 0x3A09, 0x2966, 0x2987, 0x2987, 0x2146, 0x0000, 0x2125, 0x2946, 0x2946, 0x2125, 0x0000,
  0x2861, 0x2861, 0x2861, 0x2861, 0x2861, 0x2861, 0x3061, 0x2861, 0x6901, 0x9142, 0x60E2, 0x0021, 0x2061, 0x2061, 0x2041, 0x2041,
  0x2041, 0x2041, 0x2041, 0x2841, 0x2841, 0x2841, 0x3061, 0x3061, 0x3861, 0x4081, 0x4881, 0x48A1, 0x48A1, 0x50A1, 0x50A1, 0x50A1,
  0x50A1, 0x50A1, 0x50A1, 0x50C1, 0x50C1, 0x50C1, 0x50C1, 0x50C1, 0x50C1, 0x50C2, 0x48C2, 0x48C2, 0x48E2, 0x48E2, 0x48E2, 0x48E2,
  0x48E2, 0x48E2, 0x40E3, 0x40E3, 0x40E3, 0x40E3, 0x40E3, 0x40E3, 0x38E3, 0x38E3, 0x38E3, 0x3904, 0x38E3, 0x4965, 0x830B, 0x832C,
  0x6A49, 0x59E8, 0x59E8, 0x51E8, 0x51E8, 0x5208, 0x4A09, 0x4208, 0x52AB, 0x5AED, 0x31A7, 0x2105, 0x0862, 0x18E4, 0x0000, 0x52AB,
  0xE75E, 0xD6DC, 0xCE7B, 0xC67B, 0xC63A, 0xBE1A, 0xC63A, 0xA556, 0x0000, 0x8452, 0x73D0, 0x636F, 0x6B6F, 0x6B6F, 0x636F, 0x634F,
  0x6B6F, 0x424A, 0x0000, 0x0000, 0x6B6E, 0xB5D9, 0xADB8, 0xB5B8, 0xB5D9, 0xB5D9, 0xBDF9, 0xA577, 0x0883, 0x0000, 0x0000, 0x0000,
  0x0000, 0x0000, 0x0000, 0x0000, 0x0000, 0x5B0D, 0xA557, 0xA557, 0x73B0, 0x0000, 0x10A3, 0x0000, 0x2966, 0x2146, 0x0000, 0x0020,
  0x0000, 0x0000, 0x0000, 0x0000, 0x0000, 0x0000, 0x0841, 0x31A8, 0x31C8, 0x31A8, 0x31C8, 0x31C8, 0x31C8, 0x31C8, 0x31C8, 0x31C8,
  0x31C8, 0x39C8, 0x39C8, 0x31C8, 0x31C8, 0x31C8, 0x39E8, 0x2966, 0x5B0D, 0x632E, 0x2945, 0xCE9C, 0xD6DD, 0xD6BC, 0xD6BC, 0xD6BC,
  0xD6DC, 0xC65A, 0x39C8, 0x0000, 0x0020, 0x0000, 0x0000, 0x0000, 0x0021, 0x0042, 0x0042, 0x0062, 0x0062, 0x0062, 0x0062, 0x0062,
  0x0062, 0x0062, 0x0063, 0x0062, 0x0000, 0x0042, 0x0127, 0x01AA, 0x01AB, 0x0169, 0x0127, 0x00C5, 0x0063, 0x0062, 0x0062, 0x0062,
  0x0082, 0x0083, 0x0083, 0x0063, 0x00E5, 0x00E5, 0x0000, 0x09A9, 0x2CD8, 0x1310, 0x0000, 0x00C4, 0x0062, 0x0062, 0x0062, 0x0042,
  0x0042, 0x0042, 0x0042, 0x0042, 0x0041, 0x0041, 0x0041, 0x0041, 0x0041, 0x0041, 0x0021, 0x0021, 0x0021, 0x0021, 0x0021, 0x0021,
  0x0000, 0x0000, 0x0000, 0x0000, 0x0000, 0x0000, 0x0000, 0x0000, 0x0020, 0x0000, 0x0000, 0x0000, 0x0000, 0x0000, 0x0020, 0x0000,
  0x0020, 0x0000, 0x0000, 0x0000, 0x0000, 0x0020, 0x0020, 0x0020, 0x0020, 0x0020, 0x0020, 0x0020, 0x0020, 0x0020, 0x0020, 0x0020,
  0x0020, 0x0020, 0x0820, 0x0820, 0x0820, 0x0820, 0x0820, 0x0820, 0x0820, 0x0821, 0x0841, 0x0821, 0x0820, 0x0820, 0x0820, 0x0820,
  0x0820, 0x0820, 0x0820, 0x0820, 0x0820, 0x0820, 0x0820, 0x0820, 0x0821, 0x1061, 0x1041, 0x1041, 0x1041, 0x1082, 0x0000, 0x39C7,
  0x5AAB, 0x28E5, 0x3166, 0x3126, 0x2905, 0x2925, 0x2905, 0x0000, 0x7B2C, 0x524A, 0x4A29, 0x5229, 0x522A, 0x524A, 0x524A, 0x524A,
  0x524A, 0x524A, 0x524A, 0x4A4A, 0x4A4A, 0x39C8, 0x2966, 0x2987, 0x2987, 0x2946, 0x0000, 0x2125, 0x2946, 0x2946, 0x2125, 0x0000,
  0x1840, 0x2061, 0x2061, 0x2861, 0x2861, 0x2861, 0x2861, 0x2861, 0x7902, 0x60E2, 0x0041, 0x2861, 0x2061, 0x2041, 0x2041, 0x2041,
  0x2041, 0x2041, 0x2861, 0x2861, 0x2841, 0x3041, 0x3861, 0x3861, 0x4081, 0x4881, 0x48A1, 0x50A1, 0x50A1, 0x58A1, 0x58C1, 0x58C1,
  0x58C1, 0x50C1, 0x50C1, 0x50C1, 0x50C1, 0x50C1, 0x50C1, 0x50E2, 0x50E2, 0x50E2, 0x50E2, 0x5102, 0x5102, 0x5102, 0x5103, 0x5103,
  0x5103, 0x5103, 0x4903, 0x4903, 0x4903, 0x4924, 0x4924, 0x4924, 0x4924, 0x4924, 0x4124, 0x3903, 0x4104, 0x7AAA, 0x8B4C, 0x830B,
  0x6A29, 0x6A29, 0x6229, 0x6229, 0x5A49, 0x5A4A, 0x5A4A, 0x524A, 0x5ACC, 0x5B0D, 0x39E8, 0x2945, 0x10A3, 0x1904, 0x0000, 0x4A6A,
  0xC67B, 0x6B90, 0x4A6B, 0x4AAC, 0x4A8C, 0x4A8C, 0x4AAC, 0x424A, 0x0000, 0x7C11, 0x634E, 0x4A8B, 0x52CC, 0x52AC, 0x52AC, 0x4AAC,
  0x52AC, 0x31C8, 0x0020, 0x0000, 0x8C73, 0xB5D9, 0xADB8, 0xB5B8, 0xB5B8, 0xB5B8, 0xBDF9, 0x8C93, 0x0000, 0x4A4A, 0x5AEC, 0x5AEC,
  0x630D, 0x630D, 0x630D, 0x5ACC, 0x0000, 0x8432, 0xB5F9, 0xADB8, 0x5AED, 0x0000, 0x10A3, 0x0000, 0x18E4, 0x2966, 0x0000, 0x0000,
  0x0000, 0x0000, 0x0000, 0x0000, 0x0000, 0x0020, 0x0000, 0x2966, 0x31C8, 0x31A8, 0x31A8, 0x31A8, 0x31C8, 0x31C8, 0x31C8, 0x39C8,
  0x39C8, 0x31C8, 0x39C8, 0x39C8, 0x31C8, 0x31C8, 0x31C8, 0x31A8, 0x3A09, 0x4209, 0x2124, 0x9D15, 0xA536, 0x9D15, 0x9D15, 0x9D15,
  0xA515, 0x9CF5, 0x3187, 0x0841, 0x2105, 0x18E4, 0x1904, 0x1904, 0x0841, 0x0021, 0x0062, 0x0062, 0x0062, 0x0062, 0x0083, 0x0083,
  0x0083, 0x0083, 0x0000, 0x0041, 0x0148, 0x01EC, 0x022E, 0x01ED, 0x0169, 0x00C5, 0x0083, 0x0062, 0x0083, 0x0083, 0x0083, 0x0083,
  0x0083, 0x0083, 0x00A4, 0x0126, 0x0000, 0x0000, 0x1BD2, 0x3E3D, 0x3E7F, 0x024D, 0x0000, 0x00C4, 0x0083, 0x0063, 0x0062, 0x0062,
  0x0062, 0x0062, 0x0042, 0x0042, 0x0042, 0x0042, 0x0042, 0x0041, 0x0041, 0x0041, 0x0041, 0x0041, 0x0041, 0x0041, 0x0021, 0x0021,
  0x0000, 0x0000, 0x0020, 0x0020, 0x0020, 0x0020, 0x0020, 0x0020, 0x0020, 0x0020, 0x0020, 0x0020, 0x0020, 0x0020, 0x0820, 0x0820,
  0x0820, 0x0820, 0x0820, 0x0820, 0x0820, 0x0820, 0x0820, 0x0820, 0x0820, 0x0820, 0x0820, 0x0820, 0x0820, 0x0820, 0x0820, 0x0820,
  0x0820, 0x0820, 0x0820, 0x0820, 0x0820, 0x0820, 0x0820, 0x0820, 0x0820, 0x0821, 0x0821, 0x0821, 0x0820, 0x0820, 0x0820, 0x0820,
  0x0820, 0x0820, 0x0820, 0x0821, 0x0820, 0x0820, 0x0820, 0x0821, 0x0000, 0x0000, 0x0000, 0x0000, 0x0000, 0x0000, 0x0000, 0x2965,
  0x5AAB, 0x4A29, 0x4A4A, 0x4A4A, 0x4A49, 0x524A, 0x39E8, 0x0000, 0x41C7, 0x5A29, 0x5229, 0x5229, 0x5229, 0x5229, 0x5229, 0x5229,
  0x5249, 0x524A, 0x524A, 0x524A, 0x4A4A, 0x39A7, 0x3187, 0x3187, 0x3187, 0x2946, 0x0000, 0x2125, 0x2946, 0x2946, 0x2125, 0x0000,
  0x1020, 0x2041, 0x1841, 0x2041, 0x2041, 0x2841, 0x2841, 0x2041, 0x1841, 0x1041, 0x2061, 0x2041, 0x2041, 0x2041, 0x2041, 0x2041,
  0x2861, 0x2861, 0x3061, 0x30A1, 0x4103, 0x4103, 0x4923, 0x5123, 0x5123, 0x5123, 0x5923, 0x6123, 0x6123, 0x6123, 0x6123, 0x6123,
  0x6123, 0x6103, 0x5902, 0x5902, 0x5902, 0x58E2, 0x58E2, 0x58E2, 0x58E2, 0x58E2, 0x58C1, 0x58A1, 0x58A1, 0x5080, 0x5080, 0x5060,
  0x4840, 0x4840, 0x4800, 0x4800, 0x4000, 0x4800, 0x4000, 0x4000, 0x4000, 0x4000, 0x3000, 0x48E2, 0x82A9, 0x934B, 0x8B0B, 0x7A48,
  0x69E7, 0x6A08, 0x61E8, 0x6208, 0x6208, 0x5A09, 0x5A29, 0x5A29, 0x5AAB, 0x5ACC, 0x3187, 0x10A3, 0x0000, 0x0000, 0x0000, 0x4A6A,
  0xB61A, 0x636F, 0x5B0D, 0x5B0E, 0x5B0D, 0x5AED, 0x5AED, 0x4A8B, 0x0000, 0x7C11, 0x5AED, 0x39E9, 0x422A, 0x4229, 0x4229, 0x3A09,
  0x4229, 0x2966, 0x0000, 0x10A3, 0xA556, 0xB5F9, 0xB5D8, 0xB5D9, 0xB5D9, 0xB5D9, 0xBE19, 0x6B8F, 0x0000, 0xAD77, 0xBE3A, 0xBE1A,
  0xBE3A, 0xC63A, 0xC65B, 0xB5B8, 0x0000, 0xA556, 0xCE9C, 0xBE1A, 0x4229, 0x0000, 0x0882, 0x0000, 0x0882, 0x2966, 0x0021, 0x0000,
  0x0000, 0x0000, 0x0000, 0x0000, 0x0020, 0x0020, 0x0000, 0x1904, 0x31C8, 0x31A8, 0x31A8, 0x31A8, 0x39C8, 0x31C8, 0x31C8, 0x39C8,
  0x31C8, 0x39C8, 0x39C8, 0x39C8, 0x31C8, 0x31C8, 0x31C8, 0x31C8, 0x39E8, 0x2146, 0x0000, 0x0000, 0x0002, 0x0003, 0x0043, 0x0064,
  0x0084, 0x08A4, 0x0000, 0x3A09, 0x4A6B, 0x424A, 0x424A, 0x4A6B, 0x2966, 0x0000, 0x0083, 0x0063, 0x0083, 0x0083, 0x0083, 0x0083,
  0x0020, 0x0020, 0x0127, 0x020D, 0x026F, 0x022E, 0x01CB, 0x0107, 0x0083, 0x0083, 0x0083, 0x0083, 0x0083, 0x0083, 0x0083, 0x0083,
  0x00A3, 0x0105, 0x0022, 0x0000, 0x1A6C, 0x3559, 0x3E7F, 0x4EBF, 0x3DFD, 0x0149, 0x08E5, 0x00E5, 0x00C4, 0x00C4, 0x00C4, 0x00A4,
  0x00A4, 0x00A4, 0x00A4, 0x00A4, 0x00A4, 0x0084, 0x0083, 0x0083, 0x0083, 0x0063, 0x0062, 0x0062, 0x0062, 0x0042, 0x0042, 0x0042,
  0x0841, 0x0841, 0x0841, 0x0841, 0x0841, 0x0841, 0x1041, 0x1041, 0x1041, 0x1061, 0x1861, 0x1861, 0x1861, 0x1861, 0x1861, 0x2061,
  0x2061, 0x2061, 0x2061, 0x2061, 0x2061, 0x2061, 0x1861, 0x1861, 0x1841, 0x1841, 0x1841, 0x1841, 0x1841, 0x1841, 0x1841, 0x1841,
  0x1840, 0x1841, 0x1841, 0x1020, 0x0820, 0x0820, 0x0820, 0x0820, 0x0820, 0x0820, 0x0820, 0x0820, 0x0820, 0x0820, 0x0820, 0x0820,
  0x0820, 0x0820, 0x0820, 0x0820, 0x0820, 0x0820, 0x1041, 0x0000, 0x2966, 0x83F0, 0x8411, 0x8411, 0x8411, 0x8C52, 0x736E, 0x1882,
  0x5A8A, 0x4A09, 0x5229, 0x5229, 0x4A09, 0x5229, 0x41C7, 0x0000, 0x49C7, 0x5A29, 0x5209, 0x5209, 0x5229, 0x5229, 0x5229, 0x5229,
  0x5229, 0x5249, 0x5249, 0x5249, 0x4A29, 0x3987, 0x3187, 0x3166, 0x3187, 0x2946, 0x0000, 0x2125, 0x2946, 0x2946, 0x2105, 0x0000,
  0x1020, 0x2040, 0x2040, 0x2041, 0x2841, 0x2841, 0x2841, 0x2041, 0x2041, 0x2041, 0x2041, 0x2041, 0x2041, 0x2041, 0x2041, 0x2861,
  0x2861, 0x3040, 0x38C2, 0x3820, 0x1000, 0x2000, 0x2800, 0x3000, 0x3800, 0x4000, 0x4800, 0x4800, 0x5000, 0x5000, 0x5000, 0x5000,
  0x5000, 0x4800, 0x4800, 0x4800, 0x5000, 0x5000, 0x5820, 0x58A0, 0x58A0, 0x58E1, 0x6163, 0x69A4, 0x69A5, 0x69C5, 0x69E6, 0x7206,
  0x7227, 0x7227, 0x7268, 0x7A89, 0x7AA9, 0x7AA9, 0x7ACA, 0x82EB, 0x830B, 0x8B2B, 0x9BAD, 0xAC0F, 0xB450, 0xAC0F, 0x9B6D, 0x934D,
  0x938E, 0x938E, 0x8B8E, 0x8B8E, 0x838F, 0x8BAF, 0x83AF, 0x83AF, 0x7BD0, 0x7BF0, 0x6B4E, 0x6B4E, 0x5AEC, 0x5B0D, 0x39E8, 0x4229,
  0xB5D9, 0x6B6F, 0x5B0D, 0x5B0E, 0x5B0D, 0x5AED, 0x5AED, 0x4A8B, 0x0000, 0x7C11, 0x5B0E, 0x420A, 0x4A4A, 0x424A, 0x424A, 0x424A,
  0x4A4B, 0x31A7, 0x0000, 0x4A8B, 0xB5F9, 0xB5F9, 0xB5D9, 0xB5D9, 0xB5D9, 0xB5F9, 0xB5D9, 0x4229, 0x4249, 0xB5D9, 0xB5B8, 0xB5B8,
  0xB5B8, 0xB5D9, 0xBE1A, 0xA536, 0x0000, 0xC63A, 0xDEFD, 0xC63A, 0x0862, 0x0000, 0x0041, 0x0020, 0x0020, 0x2966, 0x0862, 0x0000,
  0x0000, 0x0000, 0x0000, 0x0000, 0x0000, 0x0020, 0x0000, 0x0882, 0x2987, 0x2987, 0x2987, 0x3187, 0x31A7, 0x31A7, 0x31A7, 0x31A7,
  0x31A7, 0x31A7, 0x31A7, 0x31A7, 0x31A7, 0x31A7, 0x31A7, 0x3187, 0x31A8, 0x2946, 0x0000, 0x31A7, 0x39E8, 0x39E8, 0x39E8, 0x39E8,
  0x39E8, 0x39E8, 0x0882, 0x18C3, 0x2105, 0x18E4, 0x1904, 0x2105, 0x1082, 0x0000, 0x0083, 0x0084, 0x00A4, 0x0062, 0x0000, 0x0041,
  0x0169, 0x022E, 0x0270, 0x022F, 0x01AB, 0x0107, 0x0083, 0x0083, 0x00A4, 0x00A4, 0x00A4, 0x0083, 0x0083, 0x0083, 0x00A4, 0x0105,
  0x00C4, 0x0000, 0x0968, 0x2CB6, 0x3E5E, 0x469F, 0x465F, 0x4E9F, 0x3519, 0x0000, 0x00A4, 0x0001, 0x0000, 0x0000, 0x0000, 0x0000,
  0x0000, 0x0000, 0x0000, 0x0000, 0x0000, 0x0000, 0x0000, 0x0000, 0x0000, 0x0000, 0x0000, 0x0000, 0x0000, 0x0000, 0x0000, 0x0000,
  0x0020, 0x0020, 0x0020, 0x0020, 0x0020, 0x0020, 0x0020, 0x0820, 0x0820, 0x0820, 0x0820, 0x0820, 0x0820, 0x0820, 0x0820, 0x1020,
  0x1040, 0x1020, 0x1020, 0x1020, 0x1020, 0x1020, 0x1020, 0x1020, 0x1020, 0x1020, 0x1040, 0x1840, 0x1840, 0x1840, 0x1840, 0x1840,
  0x1840, 0x1840, 0x1840, 0x1841, 0x1840, 0x1020, 0x1020, 0x0820, 0x0820, 0x0820, 0x0820, 0x0820, 0x0820, 0x0820, 0x0820, 0x0820,
  0x0820, 0x0820, 0x1020, 0x1020, 0x1020, 0x1020, 0x1041, 0x0000, 0x2945, 0x734E, 0x736E, 0x734E, 0x734E, 0x7B6E, 0x5AAB, 0x18A2,
  0x5A4A, 0x5208, 0x5209, 0x5209, 0x5209, 0x5A29, 0x41C7, 0x0000, 0x49C7, 0x6229, 0x5A08, 0x5A08, 0x5A09, 0x5A09, 0x5A29, 0x5A29,
  0x5A29, 0x5A29, 0x5A29, 0x5A49, 0x5209, 0x3986, 0x3187, 0x3166, 0x3187, 0x2945, 0x0000, 0x2125, 0x2946, 0x2946, 0x2105, 0x0000,
  0x0000, 0x0000, 0x0000, 0x0000, 0x0000, 0x0000, 0x0020, 0x2041, 0x2041, 0x2041, 0x2041, 0x2041, 0x2041, 0x2841, 0x2841, 0x2861,
  0x3041, 0x4102, 0x3000, 0x6123, 0xBCEF, 0xC531, 0xC531, 0xC531, 0xCD31, 0xCD30, 0xCD30, 0xCD30, 0xCD30, 0xCD50, 0xCD2F, 0xCD2F,
  0xCD30, 0xCD30, 0xCD0F, 0xCD0F, 0xCD30, 0xD571, 0xD571, 0xDD71, 0xD550, 0xD551, 0xDD71, 0xDD92, 0xDD92, 0xDD72, 0xDD72, 0xDD72,
  0xDD52, 0xDD52, 0xDD93, 0xDDB4, 0xDD94, 0xD573, 0xD574, 0xD594, 0xD574, 0xD554, 0xCD33, 0xCD34, 0xCD54, 0xC534, 0xBD14, 0xBD34,
  0xC555, 0xC576, 0xBD76, 0xBD76, 0xBD97, 0xC5B7, 0xBDB8, 0xBD98, 0xB598, 0xB5B8, 0xB5B8, 0xB5B8, 0xADB8, 0xB5D8, 0x8452, 0x31C7,
  0xADB8, 0x6B6F, 0x5B0E, 0x5B2E, 0x5B0D, 0x5AED, 0x5B0D, 0x4A8B, 0x0000, 0x7C12, 0x5B0E, 0x3A0A, 0x424B, 0x424A, 0x424A, 0x424A,
  0x4A6B, 0x31C8, 0x0000, 0x73D0, 0xC65B, 0xBE1A, 0xBE1A, 0xBE1A, 0xBE1A, 0xBE1A, 0xB5D8, 0x2987, 0x2125, 0x4A6A, 0x422A, 0x422A,
  0x424A, 0x424A, 0x528B, 0x2966, 0x4A8B, 0xD6DD, 0xE73E, 0xBDF9, 0x0000, 0x18C3, 0x0020, 0x0020, 0x0000, 0x2146, 0x10A3, 0x0000,
  0x0020, 0x0000, 0x0000, 0x0000, 0x0000, 0x0000, 0x0000, 0x0020, 0x1904, 0x2105, 0x2125, 0x2125, 0x2125, 0x2125, 0x2125, 0x2145,
  0x2145, 0x2125, 0x2125, 0x2125, 0x2145, 0x2145, 0x2145, 0x2125, 0x2146, 0x1904, 0x0000, 0x2967, 0x31A7, 0x31A7, 0x31A7, 0x31A8,
  0x31A8, 0x31A8, 0x0882, 0x10A3, 0x2125, 0x1905, 0x1904, 0x1905, 0x2105, 0x0841, 0x0041, 0x0000, 0x0000, 0x00A4, 0x018A, 0x024F,
  0x0270, 0x020E, 0x016A, 0x00E5, 0x0083, 0x00A4, 0x00C5, 0x00C5, 0x00C4, 0x00C5, 0x00C4, 0x00A4, 0x00C4, 0x0105, 0x00A4, 0x0000,
  0x0004, 0x23D2, 0x3DFC, 0x3E9F, 0x467F, 0x465F, 0x467F, 0x469F, 0x34B7, 0x1A2C, 0x1A8D, 0x1A6D, 0x126D, 0x126D, 0x126D, 0x126E,
  0x124E, 0x122E, 0x122E, 0x122E, 0x122E, 0x120D, 0x09ED, 0x11EC, 0x09CC, 0x09AB, 0x09AA, 0x0989, 0x0968, 0x0948, 0x0127, 0x0106,
  0x0020, 0x0020, 0x0020, 0x0020, 0x0020, 0x0020, 0x0020, 0x0020, 0x0020, 0x0020, 0x0020, 0x0020, 0x0020, 0x0020, 0x0020, 0x0820,
  0x0820, 0x0820, 0x0820, 0x0820, 0x0820, 0x0820, 0x0820, 0x0820, 0x1020, 0x1020, 0x1020, 0x1020, 0x1020, 0x1040, 0x1840, 0x1840,
  0x1840, 0x1840, 0x1840, 0x2041, 0x2041, 0x2041, 0x2041, 0x2040, 0x1840, 0x1020, 0x1020, 0x1020, 0x1020, 0x1020, 0x1020, 0x1020,
  0x1020, 0x1020, 0x1020, 0x1020, 0x1020, 0x1020, 0x1020, 0x0000, 0x1061, 0x51A7, 0x5186, 0x5186, 0x5166, 0x5186, 0x3925, 0x20C3,
  0x6229, 0x59E8, 0x5A08, 0x5A09, 0x5A08, 0x5A29, 0x49A7, 0x0000, 0x51C7, 0x6208, 0x6208, 0x6208, 0x6208, 0x6208, 0x6208, 0x6208,
  0x6229, 0x6229, 0x6229, 0x5A49, 0x5208, 0x3966, 0x3986, 0x3166, 0x3166, 0x2945, 0x0000, 0x2125, 0x2946, 0x2946, 0x2925, 0x0000,
  0x7841, 0x8881, 0x8081, 0x7861, 0x6060, 0x5840, 0x4020, 0x0000, 0x2041, 0x2041, 0x2041, 0x2041, 0x2841, 0x2841, 0x3041, 0x3881,
  0x4102, 0x2800, 0x7245, 0xE632, 0xFD91, 0xF48E, 0xF4AE, 0xF48E, 0xF46E, 0xF46D, 0xF42C, 0xF42C, 0xF42C, 0xEC2C, 0xEBEB, 0xEBCA,
  0xE3CA, 0xE3AA, 0xE389, 0xDB69, 0xDB49, 0xDB49, 0xD329, 0xD328, 0xD308, 0xCAE8, 0xCAC7, 0xCAC7, 0xC2C7, 0xC2A7, 0xBAA7, 0xBAA7,
  0xB287, 0xAA87, 0xAA67, 0xA267, 0xA246, 0x9A47, 0x9247, 0x9247, 0x9267, 0x8A48, 0x8A48, 0x8268, 0x8268, 0x8268, 0x7A69, 0x7A69,
  0x7269, 0x6A69, 0x6A69, 0x626A, 0x626A, 0x5A6A, 0x526A, 0x526A, 0x4A6B, 0x4A8B, 0x4A8B, 0x4A8B, 0x426B, 0x4AAC, 0x2167, 0x3A09,
  0xAD98, 0x6B6F, 0x5B2E, 0x5B2E, 0x5B2E, 0x5B0E, 0x5AED, 0x424A, 0x0000, 0x7C32, 0x5B2E, 0x420A, 0x4A6B, 0x424A, 0x424A, 0x424A,
  0x4A6B, 0x31A7, 0x0000, 0x52CC, 0x8432, 0x7C11, 0x7C12, 0x7C32, 0x8432, 0x8432, 0x73D0, 0x10A3, 0x10A3, 0x2125, 0x2125, 0x2146,
  0x2946, 0x2966, 0x2987, 0x0021, 0x39E8, 0x8C93, 0x94B4, 0x6B8F, 0x0000, 0x1082, 0x0020, 0x0020, 0x0000, 0x2125, 0x18E4, 0x0000,
  0x0020, 0x0000, 0x0000, 0x0000, 0x0000, 0x0000, 0x0020, 0x0000, 0x18C4, 0x2125, 0x2125, 0x2125, 0x2125, 0x2125, 0x2145, 0x2146,
  0x2146, 0x2146, 0x2125, 0x2125, 0x2125, 0x2146, 0x2146, 0x2145, 0x2146, 0x1904, 0x0000, 0x2966, 0x3187, 0x3187, 0x31A7, 0x31A7,
  0x31A8, 0x31A8, 0x0841, 0x2967, 0x3A09, 0x39E9, 0x31C8, 0x31C8, 0x31C8, 0x10A2, 0x00A5, 0x01CC, 0x022F, 0x0270, 0x0250, 0x01ED,
  0x0128, 0x00A4, 0x00A4, 0x00C5, 0x00E5, 0x00E5, 0x00E5, 0x00E5, 0x00E5, 0x00E5, 0x00C5, 0x00C5, 0x0001, 0x0000, 0x0105, 0x1392,
  0x2D9B, 0x3E7F, 0x3E7F, 0x465F, 0x465F, 0x467F, 0x467F, 0x467F, 0x463E, 0x3E1E, 0x3DFE, 0x3DDE, 0x35BE, 0x359E, 0x357E, 0x2D3E,
  0x2D1E, 0x2CDE, 0x2C9E, 0x2C7D, 0x243C, 0x241A, 0x23D9, 0x1BB8, 0x1B76, 0x1B34, 0x12F3, 0x12B1, 0x126F, 0x122D, 0x09EC, 0x09AB,
  0x0020, 0x0020, 0x0020, 0x0020, 0x0020, 0x0020, 0x0020, 0x0020, 0x0020, 0x0020, 0x0820, 0x0820, 0x0820, 0x0820, 0x0820, 0x0820,
  0x0820, 0x0820, 0x0821, 0x0820, 0x1021, 0x1020, 0x1020, 0x1021, 0x1020, 0x1020, 0x1040, 0x1040, 0x1040, 0x1040, 0x1840, 0x1840,
  0x1841, 0x2041, 0x2041, 0x2041, 0x2841, 0x2861, 0x3061, 0x3061, 0x3061, 0x2861, 0x2040, 0x1820, 0x1820, 0x2040, 0x2040, 0x2040,
  0x2040, 0x2040, 0x1840, 0x1820, 0x1820, 0x1820, 0x1840, 0x0800, 0x1882, 0x61E8, 0x61E8, 0x61E8, 0x61E8, 0x6A08, 0x4986, 0x20A2,
  0x6208, 0x61E8, 0x6208, 0x6208, 0x6208, 0x6209, 0x49A7, 0x0000, 0x51A6, 0x6A08, 0x61E7, 0x61E8, 0x61E8, 0x6208, 0x6208, 0x6208,
  0x6208, 0x6229, 0x6229, 0x6249, 0x51E8, 0x4166, 0x4186, 0x3966, 0x3166, 0x2945, 0x0000, 0x2925, 0x3166, 0x3146, 0x2925, 0x0000,
  0x8881, 0xA8A1, 0xA8C1, 0xA8C1, 0xA0E2, 0xA8E2, 0x90C2, 0x0000, 0x2040, 0x2841, 0x2841, 0x2861, 0x3061, 0x3041, 0x4081, 0x4041,
  0x2000, 0x9367, 0xEDEE, 0xF4CC, 0xE000, 0xE0C0, 0xE0A0, 0xE0C0, 0xE100, 0xE140, 0xE160, 0xE160, 0xD960, 0xD980, 0xD9A0, 0xD9C1,
  0xD9C1, 0xD1C1, 0xD1E2, 0xD1E2, 0xD1E2, 0xC9E3, 0xCA03, 0xCA04, 0xCA04, 0xC224, 0xC225, 0xC225, 0xC245, 0xBA46, 0xBA66, 0xB266,
  0xB266, 0xAA87, 0xAA87, 0xA287, 0xA287, 0x9A88, 0x9AA8, 0x9AA8, 0x92A9, 0x92A9, 0x8AA9, 0x8AA9, 0x8AAA, 0x82AA, 0x82AA, 0x7ACA,
  0x7ACB, 0x72CB, 0x72CB, 0x6ACB, 0x6ACB, 0x62CB, 0x62CC, 0x5ACC, 0x52CC, 0x52CC, 0x52CC, 0x52CC, 0x52CC, 0x52ED, 0x31A7, 0x3A08,
  0xAD98, 0x636F, 0x5B0E, 0x5B2E, 0x5B2E, 0x5B2E, 0x2966, 0x0021, 0x0000, 0x7C32, 0x632E, 0x422A, 0x4A6B, 0x426A, 0x4A6A, 0x4A4A,
  0x4A6B, 0x31A7, 0x0000, 0x31C8, 0x4A6B, 0x424A, 0x424A, 0x424A, 0x422A, 0x424A, 0x31C8, 0x0000, 0x0882, 0x10A3, 0x10A3, 0x10A3,
  0x10A3, 0x10A3, 0x18E4, 0x0020, 0x2946, 0x39E9, 0x31E9, 0x18E4, 0x0000, 0x0021, 0x0020, 0x0021, 0x0000, 0x2125, 0x1904, 0x0000,
  0x0020, 0x0000, 0x0000, 0x0000, 0x0000, 0x0000, 0x0000, 0x0000, 0x18C4, 0x2125, 0x2105, 0x2125, 0x2125, 0x2125, 0x2125, 0x2146,
  0x2146, 0x2145, 0x2125, 0x2125, 0x2125, 0x2126, 0x2146, 0x2125, 0x2146, 0x18E4, 0x0000, 0x2966, 0x3187, 0x3187, 0x3187, 0x31A7,
  0x31A7, 0x31A8, 0x0862, 0x2125, 0x31C8, 0x3187, 0x2987, 0x2987, 0x2987, 0x0800, 0x0250, 0x02D3, 0x020E, 0x018A, 0x0107, 0x00C5,
  0x00E5, 0x0106, 0x00E6, 0x00E6, 0x00E5, 0x00E5, 0x00E6, 0x0106, 0x0106, 0x0106, 0x00E5, 0x00E5, 0x0A0A, 0x13F3, 0x259B, 0x365F,
  0x3E7F, 0x3E5F, 0x465F, 0x467F, 0x467F, 0x467F, 0x467F, 0x467F, 0x467F, 0x465F, 0x3E3F, 0x3E1F, 0x35FF, 0x35BF, 0x357F, 0x355F,
  0x2D1F, 0x2CFF, 0x2CBF, 0x2C9E, 0x2C5C, 0x241B, 0x23FA, 0x1BB8, 0x1B56, 0x1B14, 0x12D3, 0x1291, 0x124F, 0x120D, 0x09EC, 0x09AA,
  0x0020, 0x0020, 0x0020, 0x0020, 0x0020, 0x0020, 0x0020, 0x0020, 0x0020, 0x0020, 0x0820, 0x0820, 0x0820, 0x0820, 0x0820, 0x0820,
  0x0820, 0x0820, 0x0821, 0x0820, 0x0820, 0x1020, 0x1020, 0x1020, 0x1020, 0x1020, 0x1040, 0x1040, 0x1041, 0x1040, 0x1841, 0x1840,
  0x1840, 0x1841, 0x2041, 0x2861, 0x2861, 0x2861, 0x3061, 0x3081, 0x3881, 0x4081, 0x4081, 0x3881, 0x3040, 0x2040, 0x2020, 0x2040,
  0x2040, 0x2840, 0x2040, 0x2040, 0x2040, 0x2040, 0x2041, 0x1000, 0x1861, 0x69A7, 0x71C7, 0x71C7, 0x69C7, 0x71E7, 0x5966, 0x2081,
  0x69E7, 0x69E7, 0x69E7, 0x69E8, 0x69E8, 0x6A08, 0x51A7, 0x0000, 0x5986, 0x71E7, 0x69C7, 0x69E7, 0x69E7, 0x69E7, 0x69E8, 0x6A08,
  0x6A08, 0x6A08, 0x6A08, 0x6A29, 0x59C7, 0x4166, 0x4186, 0x3966, 0x3966, 0x2945, 0x0000, 0x2925, 0x3166, 0x3166, 0x3125, 0x0000,
  0x7861, 0xA0A1, 0x98A1, 0x98A1, 0x98C1, 0xA0C1, 0x88A1, 0x0000, 0x1820, 0x2841, 0x2841, 0x2841, 0x3041, 0x3061, 0x2800, 0x4081,
  0xB408, 0xF50A, 0xF2E5, 0xE880, 0xEA45, 0xEA65, 0xEA45, 0xEA45, 0xEA45, 0xEA45, 0xE245, 0xE245, 0xE245, 0xE245, 0xE245, 0xE245,
  0xDA45, 0xDA45, 0xDA45, 0xDA45, 0xD245, 0xD245, 0xD245, 0xD245, 0xCA45, 0xCA45, 0xCA45, 0xCA66, 0xC266, 0xC266, 0xBA86, 0xBA87,
  0xB287, 0xAA87, 0xAA87, 0xA287, 0xA288, 0x9A88, 0x9A88, 0x9A88, 0x92A9, 0x92A9, 0x8AA9, 0x8AA9, 0x8AAA, 0x82AA, 0x82AA, 0x7AAA,
  0x7AAB, 0x72CB, 0x72CB, 0x6ACB, 0x62CB, 0x62CC, 0x5ACC, 0x5ACC, 0x52CC, 0x52ED, 0x52ED, 0x52ED, 0x52CD, 0x530D, 0x31A8, 0x3A08,
  0xB5F9, 0x6BB0, 0x5B2F, 0x634F, 0x634F, 0x632E, 0x10C3, 0x0000, 0x0000, 0x8452, 0x632F, 0x422A, 0x4A6B, 0x4A6B, 0x4A6B, 0x4A6B,
  0x4A8B, 0x31C8, 0x0000, 0x424A, 0x5AED, 0x52CC, 0x52CC, 0x52CC, 0x52CC, 0x52EC, 0x424A, 0x0000, 0x0861, 0x0020, 0x0020, 0x0020,
  0x0020, 0x0000, 0x0021, 0x0000, 0x31A7, 0x4A8B, 0x4A8B, 0x2966, 0x0000, 0x0041, 0x0020, 0x0020, 0x0000, 0x1904, 0x2125, 0x0000,
  0x0020, 0x0000, 0x0000, 0x0000, 0x0000, 0x0000, 0x0000, 0x0000, 0x10C3, 0x2105, 0x2105, 0x2125, 0x2125, 0x2125, 0x2125, 0x2146,
  0x2146, 0x2146, 0x2125, 0x2125, 0x2125, 0x2125, 0x2125, 0x2125, 0x2146, 0x18E4, 0x0000, 0x2966, 0x3187, 0x3187, 0x3187, 0x3187,
  0x31A7, 0x31A7, 0x10A3, 0x0000, 0x0000, 0x0000, 0x0000, 0x0000, 0x0000, 0x0000, 0x0149, 0x0128, 0x0106, 0x0127, 0x0128, 0x0127,
  0x0127, 0x0107, 0x0106, 0x0106, 0x0106, 0x0106, 0x00E6, 0x00E6, 0x0106, 0x0127, 0x00E6, 0x02D0, 0x1D7B, 0x2E9F, 0x369F, 0x3E5F,
  0x3E5F, 0x467F, 0x467F, 0x467F, 0x467F, 0x467F, 0x467F, 0x467F, 0x465F, 0x463F, 0x3E3F, 0x35FF, 0x35DF, 0x35BF, 0x2D7F, 0x2D3F,
  0x2D1F, 0x2CDF, 0x2CBF, 0x2C9E, 0x2C3C, 0x23FB, 0x23D9, 0x1B98, 0x1B55, 0x12F3, 0x12B1, 0x126F, 0x0A2D, 0x09CB, 0x09AA, 0x0969,
  0x0020, 0x0020, 0x0020, 0x0020, 0x0020, 0x0020, 0x0020, 0x0020, 0x0020, 0x0020, 0x0020, 0x0020, 0x0820, 0x0820, 0x0820, 0x0820,
  0x0820, 0x0820, 0x0821, 0x0820, 0x1020, 0x1020, 0x1020, 0x1040, 0x1020, 0x1040, 0x1041, 0x1040, 0x1040, 0x1040, 0x1841, 0x1841,
  0x1841, 0x1840, 0x1841, 0x2041, 0x2861, 0x3061, 0x3081, 0x3881, 0x3881, 0x4081, 0x48A1, 0x50A1, 0x58A1, 0x50A1, 0x4881, 0x3861,
  0x2841, 0x1820, 0x1820, 0x2020, 0x2840, 0x2840, 0x3041, 0x2020, 0x2861, 0x79A6, 0x81A6, 0x79A6, 0x79A6, 0x81C6, 0x6965, 0x2861,
  0x79C6, 0x79E7, 0x71E7, 0x71E7, 0x71E7, 0x71E7, 0x6186, 0x0000, 0x6985, 0x81C6, 0x79C6, 0x79C6, 0x79E7, 0x79E7, 0x79E7, 0x71E7,
  0x71E7, 0x7207, 0x7208, 0x7228, 0x59A6, 0x4966, 0x4986, 0x4166, 0x3966, 0x3145, 0x0000, 0x2925, 0x3166, 0x3166, 0x3145, 0x0000,
  0xA8E1, 0xD101, 0xC121, 0xC122, 0xC122, 0xC142, 0xB122, 0x1000, 0x2020, 0x2040, 0x2840, 0x3061, 0x4081, 0x50A1, 0x79C3, 0xCBE8,
  0xF408, 0xEA03, 0xE9A3, 0xEA65, 0xDAA4, 0xA9E2, 0x9122, 0x9122, 0x9122, 0x9122, 0x9122, 0x8922, 0x8922, 0x8922, 0x8922, 0x8922,
  0x8922, 0x8122, 0x8122, 0x8122, 0x7922, 0x7922, 0x7922, 0x7922, 0x7922, 0x7923, 0x7943, 0x7943, 0x7143, 0x7143, 0x7143, 0x7164,
  0x7164, 0x6964, 0x6164, 0x6164, 0x6164, 0x5944, 0x5964, 0x5965, 0x5165, 0x5165, 0x5165, 0x5185, 0x5185, 0x4985, 0x4165, 0x4166,
  0x4186, 0x4186, 0x3986, 0x3986, 0x3186, 0x3187, 0x3187, 0x31A7, 0x29A7, 0x29A7, 0x29A7, 0x29A7, 0x29A7, 0x29A8, 0x10C4, 0x2125,
  0x73F0, 0x426B, 0x3A09, 0x3A09, 0x3A09, 0x3A08, 0x0861, 0x0020, 0x0000, 0x8453, 0x634F, 0x424A, 0x4A8B, 0x4A8B, 0x4A8B, 0x4A6B,
  0x4AAC, 0x31C8, 0x0000, 0x4A8B, 0x52CC, 0x52CC, 0x52AC, 0x52AC, 0x52AC, 0x52CC, 0x3A09, 0x0000, 0x0041, 0x0000, 0x0000, 0x0000,
  0x0000, 0x0000, 0x0021, 0x0000, 0x31C8, 0x4A6B, 0x424A, 0x1904, 0x0000, 0x0021, 0x0841, 0x10A2, 0x0862, 0x2125, 0x2966, 0x1082,
  0x10A2, 0x0041, 0x0000, 0x0000, 0x0000, 0x0000, 0x0000, 0x0000, 0x10A3, 0x2105, 0x2125, 0x2125, 0x2125, 0x2125, 0x2125, 0x2145,
  0x2146, 0x2146, 0x2146, 0x2146, 0x2125, 0x2125, 0x2125, 0x2125, 0x2126, 0x18E4, 0x0000, 0x2966, 0x31A7, 0x3187, 0x31A7, 0x31A7,
  0x31A7, 0x31A7, 0x10A3, 0x0862, 0x10A3, 0x10A3, 0x10A3, 0x18C3, 0x1082, 0x0000, 0x0107, 0x0169, 0x0189, 0x0189, 0x0169, 0x0148,
  0x0127, 0x00E6, 0x00A5, 0x00A4, 0x00C4, 0x0106, 0x0127, 0x0189, 0x01AA, 0x01AA, 0x0189, 0x0189, 0x0A4D, 0x1C14, 0x359C, 0x3E7F,
  0x469F, 0x467F, 0x467F, 0x467F, 0x467F, 0x467F, 0x467F, 0x467F, 0x467F, 0x3E5F, 0x3E3F, 0x361F, 0x35FF, 0x35BF, 0x2D9F, 0x2D5F,
  0x2D1F, 0x2CFF, 0x2CDF, 0x2C9E, 0x243C, 0x23FA, 0x1BD9, 0x1B98, 0x1B55, 0x12F3, 0x1291, 0x0A4F, 0x09ED, 0x09AB, 0x0969, 0x0948,
  0x0020, 0x0020, 0x0020, 0x0020, 0x0020, 0x0020, 0x0020, 0x0020, 0x0020, 0x0020, 0x0020, 0x0020, 0x0020, 0x0820, 0x0820, 0x0820,
  0x0820, 0x0820, 0x0820, 0x0820, 0x0820, 0x1020, 0x1040, 0x1020, 0x1020, 0x1020, 0x1020, 0x1040, 0x1040, 0x1040, 0x1041, 0x1041,
  0x1841, 0x1841, 0x1840, 0x1840, 0x1840, 0x2041, 0x2861, 0x3081, 0x4081, 0x4881, 0x50A1, 0x50A1, 0x58C1, 0x68C1, 0x70C1, 0x70E1,
  0x70C1, 0x68C1, 0x58A1, 0x4861, 0x3841, 0x2020, 0x1801, 0x0000, 0x0021, 0x7985, 0x8185, 0x8185, 0x8185, 0x81A5, 0x6944, 0x1020,
  0x79A5, 0x81C6, 0x81C6, 0x81C6, 0x79C6, 0x79C6, 0x6985, 0x0000, 0x7164, 0x89A5, 0x81A5, 0x81A5, 0x81C6, 0x81C6, 0x79C6, 0x79E7,
  0x79E7, 0x79E7, 0x7A07, 0x7208, 0x5986, 0x5165, 0x4986, 0x4166, 0x4166, 0x3125, 0x0000, 0x2925, 0x3966, 0x3966, 0x3945, 0x0000,
  0xB902, 0xE122, 0xD942, 0xD962, 0xD962, 0xE183, 0xD9A3, 0x2020, 0xC123, 0xD984, 0xD1A4, 0xD9C4, 0xD9E4, 0xD9E3, 0xE264, 0xEA64,
  0xE9A3, 0xE9E3, 0xEB06, 0xD366, 0x81E3, 0x4820, 0x5061, 0x4840, 0x4840, 0x4020, 0x3820, 0x3820, 0x3000, 0x3020, 0x3020, 0x3020,
  0x3020, 0x2800, 0x2000, 0x2000, 0x2000, 0x2000, 0x2820, 0x2020, 0x2020, 0x2020, 0x1800, 0x1800, 0x1800, 0x1800, 0x1800, 0x2021,
  0x2021, 0x2021, 0x2021, 0x1000, 0x1000, 0x1000, 0x1000, 0x1021, 0x1022, 0x1022, 0x0821, 0x0001, 0x0000, 0x0001, 0x0001, 0x0002,
  0x0043, 0x0043, 0x0042, 0x0042, 0x0021, 0x0001, 0x0021, 0x0022, 0x0042, 0x0084, 0x0063, 0x0042, 0x0042, 0x0000, 0x0083, 0x0083,
  0x0000, 0x0002, 0x0084, 0x0063, 0x0064, 0x0064, 0x00C5, 0x00E5, 0x0000, 0x7C32, 0x634F, 0x4A6B, 0x52AC, 0x4A8B, 0x4A8B, 0x4A8B,
  0x52AC, 0x31C8, 0x0000, 0x4AAB, 0x52CC, 0x52CC, 0x52AC, 0x52AC, 0x4AAC, 0x52CC, 0x31C7, 0x0000, 0x10C3, 0x10A3, 0x10A3, 0x10A3,
  0x10A3, 0x10A3, 0x10A3, 0x0000, 0x39E8, 0x426B, 0x424A, 0x10C3, 0x0000, 0x0041, 0x0000, 0x0000, 0x0000, 0x0000, 0x0000, 0x0000,
  0x0000, 0x0000, 0x0041, 0x0000, 0x0000, 0x0000, 0x0020, 0x0000, 0x10A3, 0x2105, 0x2125, 0x2125, 0x2125, 0x2125, 0x2146, 0x2146,
  0x2146, 0x2146, 0x2146, 0x2146, 0x2125, 0x2125, 0x2125, 0x2125, 0x2126, 0x18E4, 0x0000, 0x2967, 0x31A7, 0x3187, 0x31A7, 0x31A7,
  0x31A7, 0x31A8, 0x10A3, 0x10A3, 0x18E4, 0x18E4, 0x18E4, 0x1904, 0x10C4, 0x0000, 0x00E6, 0x0149, 0x0107, 0x00E7, 0x00E6, 0x00E7,
  0x0148, 0x09AA, 0x0A0C, 0x024E, 0x026F, 0x0290, 0x0290, 0x028F, 0x0A4E, 0x020C, 0x01AA, 0x0168, 0x00C5, 0x0000, 0x00C6, 0x2392,
  0x359B, 0x469F, 0x46BF, 0x467F, 0x467F, 0x467F, 0x467F, 0x467F, 0x469F, 0x3E9F, 0x3E7F, 0x365F, 0x363F, 0x2DFF, 0x2DDF, 0x2D9F,
  0x2D5F, 0x2D3F, 0x2D1F, 0x2CFF, 0x249E, 0x243C, 0x1C1B, 0x1BD9, 0x1B77, 0x1314, 0x12D2, 0x0A90, 0x0A2E, 0x09EC, 0x09AB, 0x0969,
  0x0020, 0x0020, 0x0020, 0x0020, 0x0020, 0x0021, 0x0020, 0x0020, 0x0020, 0x0020, 0x0020, 0x0020, 0x0820, 0x0820, 0x0820, 0x0820,
  0x0820, 0x0820, 0x0820, 0x0820, 0x0821, 0x0820, 0x1020, 0x1020, 0x1021, 0x1021, 0x1020, 0x1021, 0x1021, 0x1021, 0x1041, 0x1041,
  0x1040, 0x1840, 0x1840, 0x1840, 0x1840, 0x1841, 0x1841, 0x2041, 0x2861, 0x3881, 0x48A1, 0x58A1, 0x60C1, 0x68C1, 0x70C1, 0x80E1,
  0x8901, 0x9901, 0x9921, 0xA141, 0xA141, 0x9941, 0x8921, 0x70E0, 0x7901, 0xB1E4, 0xA9E4, 0xA9E4, 0xA9C4, 0xA1C4, 0x9183, 0x70C0,
  0x99A4, 0xA1C5, 0x99C5, 0x99C6, 0x99C6, 0xA1E6, 0x91A5, 0x78A0, 0x9984, 0xA1C4, 0xA1C4, 0xA1C5, 0xA1E5, 0xA1E5, 0x9A06, 0x89E6,
  0x81E6, 0x81E7, 0x81E7, 0x7A07, 0x6165, 0x5165, 0x5166, 0x4965, 0x4166, 0x3125, 0x0000, 0x3125, 0x3966, 0x3946, 0x3145, 0x0000,
  0x2820, 0x3840, 0x4040, 0x5060, 0x5060, 0x6081, 0x60A1, 0x0000, 0xD163, 0xF1C4, 0xF1C4, 0xF1E4, 0xF1E4, 0xF1E4, 0xF1C3, 0xE9A3,
  0xE9E3, 0xEB66, 0xC3A7, 0x69A2, 0x5000, 0x58A1, 0x5081, 0x5081, 0x4861, 0x4061, 0x4061, 0x4060, 0x4061, 0x3840, 0x3000, 0x3820,
  0x3020, 0x3840, 0x4061, 0x3861, 0x3861, 0x3881, 0x2800, 0x3000, 0x2800, 0x2000, 0x3040, 0x4081, 0x3861, 0x3882, 0x3082, 0x1800,
  0x2800, 0x2020, 0x2000, 0x3082, 0x3082, 0x2882, 0x30C3, 0x2061, 0x1000, 0x1840, 0x1860, 0x1881, 0x20A3, 0x18A3, 0x18A4, 0x18C5,
  0x1040, 0x1040, 0x1082, 0x1061, 0x10C3, 0x08C4, 0x08C4, 0x0905, 0x0905, 0x0040, 0x08E5, 0x0906, 0x0906, 0x0969, 0x0927, 0x0927,
  0x1988, 0x0967, 0x08E6, 0x096A, 0x098B, 0x018B, 0x01EC, 0x0189, 0x0000, 0x8452, 0x634F, 0x4A6B, 0x52AC, 0x52AC, 0x52AC, 0x4AAB,
  0x52CC, 0x31C8, 0x0000, 0x52CC, 0x5AED, 0x52ED, 0x52CC, 0x52CC, 0x52CC, 0x52ED, 0x3187, 0x0000, 0x2125, 0x1905, 0x1905, 0x1905,
  0x1905, 0x2105, 0x1905, 0x0000, 0x39E9, 0x426B, 0x422A, 0x2105, 0x2946, 0x0000, 0x3186, 0x52AB, 0x5AEC, 0x5AEC, 0x5AEC, 0x5AEC,
  0x5AEC, 0x3186, 0x0000, 0x0020, 0x0020, 0x0000, 0x0020, 0x0000, 0x10A3, 0x2105, 0x2125, 0x2125, 0x2125, 0x2125, 0x2146, 0x2146,
  0x2146, 0x2146, 0x2146, 0x2146, 0x2125, 0x2125, 0x2125, 0x2125, 0x2126, 0x18E4, 0x0000, 0x2967, 0x31A8, 0x31A7, 0x31A7, 0x31A7,
  0x31A7, 0x31A8, 0x10A3, 0x0841, 0x10A3, 0x10A3, 0x10A3, 0x10A3, 0x10A3, 0x0000, 0x0148, 0x020C, 0x0A8F, 0x0AF2, 0x0B54, 0x0B95,
  0x0BB6, 0x0BB6, 0x0B96, 0x0355, 0x0314, 0x02D2, 0x0290, 0x024E, 0x01EB, 0x0189, 0x0148, 0x0127, 0x0147, 0x0168, 0x0967, 0x0002,
  0x00E7, 0x1BD3, 0x35DC, 0x46BF, 0x46BF, 0x467F, 0x467F, 0x469F, 0x359C, 0x2497, 0x2497, 0x1C56, 0x1C15, 0x1BF5, 0x1BD6, 0x1BB6,
  0x1B96, 0x1B96, 0x1B96, 0x1B56, 0x1314, 0x12D3, 0x12B2, 0x1270, 0x0A2E, 0x09ED, 0x09CC, 0x09AB, 0x0169, 0x0128, 0x0107, 0x0106,
  0x0020, 0x0020, 0x0020, 0x0020, 0x0020, 0x0021, 0x0020, 0x0020, 0x0020, 0x0020, 0x0020, 0x0820, 0x0820, 0x0820, 0x0820, 0x0820,
  0x0820, 0x0820, 0x0820, 0x0820, 0x0821, 0x1020, 0x1020, 0x1020, 0x1021, 0x1021, 0x1021, 0x1021, 0x1021, 0x1021, 0x1021, 0x1041,
  0x1840, 0x1840, 0x1840, 0x1840, 0x1841, 0x1841, 0x1841, 0x1841, 0x1841, 0x2041, 0x2861, 0x3861, 0x4081, 0x50A1, 0x60A1, 0x70C1,
  0x80E1, 0x9101, 0xA121, 0xB141, 0xC181, 0xC9C2, 0xD1E2, 0xDA02, 0xE242, 0xEAA4, 0xEAC4, 0xEAC4, 0xEAC4, 0xEAA4, 0xE244, 0xD1A2,
  0xC9E4, 0xC9E5, 0xC205, 0xCA05, 0xCA05, 0xCA26, 0xC1E5, 0xB921, 0xC1C3, 0xC9E4, 0xC1E4, 0xC205, 0xC205, 0xBA26, 0xBA46, 0xA206,
  0x89C6, 0x89E6, 0x81E6, 0x79E7, 0x6165, 0x5945, 0x5165, 0x4945, 0x4966, 0x3925, 0x0000, 0x3104, 0x4166, 0x4146, 0x3945, 0x0820,
  0x0000, 0x0000, 0x0000, 0x0000, 0x0000, 0x0000, 0x0000, 0x0000, 0xD163, 0xF1C4, 0xF1C4, 0xF1E4, 0xF1E4, 0xF204, 0xF1E3, 0xF284,
  0xEBC7, 0xAB46, 0x5040, 0x5000, 0x58C1, 0x5081, 0x4861, 0x4061, 0x3861, 0x3861, 0x3041, 0x3861, 0x1000, 0x70E2, 0xCA05, 0xC1E5,
  0xC1A5, 0xB964, 0x5881, 0x3040, 0x3881, 0x0000, 0x89A5, 0xBA68, 0xB228, 0xBA49, 0xA1C7, 0x4041, 0x3882, 0x3061, 0x2000, 0x924A,
  0xA28C, 0x9A6B, 0xA28C, 0x71A8, 0x2041, 0x30C4, 0x1800, 0x4168, 0x7AB0, 0x6A6F, 0x624F, 0x620E, 0x3107, 0x10C5, 0x1906, 0x1000,
  0x226F, 0x2375, 0x1B54, 0x1B54, 0x1AD0, 0x1105, 0x0927, 0x0905, 0x0885, 0x13D7, 0x0C5A, 0x0C19, 0x0C3A, 0x12F3, 0x08E5, 0x0968,
  0x0947, 0x00C7, 0x1437, 0x0CBB, 0x0C9A, 0x0C9A, 0x0B74, 0x0948, 0x0000, 0x8473, 0x6B90, 0x4A8C, 0x52CC, 0x52AC, 0x52AC, 0x4AAC,
  0x52CC, 0x39E8, 0x0000, 0x422A, 0x426A, 0x424A, 0x424A, 0x422A, 0x4229, 0x424A, 0x1904, 0x10A3, 0x2125, 0x1904, 0x1905, 0x1905,
  0x1905, 0x1905, 0x1904, 0x0000, 0x3A29, 0x4A6B, 0x3A09, 0x4209, 0x52AC, 0x0000, 0x8C93, 0xBE1A, 0xBDF9, 0xBE19, 0xBE19, 0xBE1A,
  0xB5D9, 0x4A6A, 0x18E4, 0x18E3, 0x0000, 0x0020, 0x0000, 0x0000, 0x10A3, 0x1905, 0x2125, 0x2125, 0x2125, 0x2125, 0x2126, 0x2125,
  0x2146, 0x2146, 0x2146, 0x2125, 0x2125, 0x2125, 0x2125, 0x2125, 0x2126, 0x1905, 0x0000, 0x2987, 0x31A8, 0x31A7, 0x31A8, 0x31A8,
  0x31A8, 0x31C8, 0x10A3, 0x2125, 0x31A8, 0x3187, 0x31A7, 0x31A7, 0x31C8, 0x0800, 0x0374, 0x0CDC, 0x14DC, 0x14BC, 0x149B, 0x0C7A,
  0x0BF8, 0x0B75, 0x0B12, 0x0290, 0x022D, 0x01CB, 0x0169, 0x0127, 0x0127, 0x0126, 0x0126, 0x0126, 0x0126, 0x0126, 0x0147, 0x0188,
  0x0168, 0x0002, 0x0128, 0x2414, 0x35FD, 0x46BF, 0x469F, 0x469F, 0x357B, 0x0004, 0x0000, 0x0000, 0x0000, 0x0000, 0x0000, 0x0000,
  0x0000, 0x0000, 0x0000, 0x0000, 0x0000, 0x0000, 0x0000, 0x0000, 0x0000, 0x0000, 0x0000, 0x0000, 0x0000, 0x0000, 0x0000, 0x0000,
  0x0020, 0x0020, 0x0020, 0x0020, 0x0021, 0x0021, 0x0020, 0x0020, 0x0020, 0x0020, 0x0020, 0x0820, 0x0820, 0x0820, 0x0820, 0x0820,
  0x0820, 0x0820, 0x0820, 0x0820, 0x0821, 0x1020, 0x1021, 0x1020, 0x1020, 0x1021, 0x1020, 0x1020, 0x1020, 0x1020, 0x1020, 0x1840,
  0x1841, 0x1841, 0x1841, 0x1841, 0x1841, 0x1841, 0x1841, 0x2041, 0x2041, 0x2041, 0x2841, 0x2040, 0x1020, 0x2040, 0x3061, 0x4061,
  0x5081, 0x60A1, 0x78C1, 0x8901, 0x9921, 0xA962, 0xC1A2, 0xD1E2, 0xE242, 0xEA83, 0xEAA4, 0xF2C4, 0xF2C4, 0xF2C4, 0xF263, 0xE1C2,
  0xD9E3, 0xD1E4, 0xD204, 0xD205, 0xD225, 0xD225, 0xC9E4, 0xC121, 0xC9A3, 0xC9E4, 0xC9E4, 0xC204, 0xC205, 0xC225, 0xBA26, 0xB226,
  0x99E5, 0x89C6, 0x89E6, 0x81E6, 0x6145, 0x5945, 0x5945, 0x5145, 0x5145, 0x3925, 0x0000, 0x3104, 0x4145, 0x4145, 0x3925, 0x0020,
  0x3820, 0x4840, 0x4840, 0x4040, 0x4040, 0x3840, 0x3840, 0x0000, 0xA122, 0xC163, 0xC163, 0xC163, 0xC983, 0xC983, 0xC9C3, 0xC385,
  0x82A4, 0x3800, 0x5881, 0x58A1, 0x5081, 0x4040, 0x4061, 0x4061, 0x3861, 0x3041, 0x3861, 0x1820, 0x58A1, 0xDA46, 0xF2A7, 0xF287,
  0xEA46, 0x9943, 0x2820, 0x4081, 0x0000, 0x91A5, 0xE2EA, 0xE30B, 0xE30B, 0xD2AA, 0x7124, 0x2841, 0x3882, 0x1800, 0xA2CD, 0xD3B1,
  0xCB91, 0xCB71, 0xA2AD, 0x38C3, 0x30C4, 0x2000, 0x4147, 0x9B74, 0xA3B7, 0x9B56, 0x8B14, 0x59CD, 0x18C6, 0x2148, 0x1000, 0x2290,
  0x347B, 0x2C7B, 0x2C5A, 0x23D7, 0x19EB, 0x1127, 0x1147, 0x08A8, 0x1C99, 0x1DBF, 0x157F, 0x157F, 0x145A, 0x1189, 0x0968, 0x0988,
  0x0005, 0x1CD8, 0x1E3F, 0x1DFF, 0x15FF, 0x14BA, 0x01CB, 0x0988, 0x0000, 0x8CD5, 0x73B0, 0x4AAC, 0x52ED, 0x52CC, 0x52CC, 0x52AC,
  0x52AC, 0x18E4, 0x0000, 0x3186, 0x3186, 0x3186, 0x2986, 0x2966, 0x2966, 0x2966, 0x18E4, 0x0000, 0x2125, 0x1905, 0x1905, 0x1905,
  0x1905, 0x2105, 0x1904, 0x0841, 0x422A, 0x4A6B, 0x3A09, 0x422A, 0x4209, 0x0000, 0xB5D9, 0xC65B, 0xC63A, 0xC63A, 0xC63A, 0xC65B,
  0xB5B8, 0x10C4, 0x424A, 0x3187, 0x0000, 0x0021, 0x0000, 0x0000, 0x10A3, 0x18E4, 0x2125, 0x2125, 0x2125, 0x2125, 0x2125, 0x2125,
  0x2146, 0x2146, 0x2145, 0x2125, 0x2125, 0x2125, 0x2125, 0x2125, 0x2125, 0x1905, 0x0000, 0x2987, 0x31A8, 0x31A8, 0x31A8, 0x31A8,
  0x31A8, 0x31C8, 0x10A3, 0x2946, 0x39E9, 0x39E8, 0x39E9, 0x39E9, 0x3A0A, 0x1000, 0x0374, 0x149B, 0x1418, 0x13B5, 0x0B33, 0x0AB0,
  0x020D, 0x01AA, 0x0168, 0x0148, 0x0147, 0x0148, 0x0148, 0x0148, 0x0148, 0x0147, 0x0147, 0x0147, 0x0126, 0x0146, 0x0147, 0x0147,
  0x0147, 0x0188, 0x0147, 0x0000, 0x01CB, 0x2497, 0x3E5E, 0x46BF, 0x3E7F, 0x1351, 0x0043, 0x0168, 0x0126, 0x0126, 0x0105, 0x00E5,
  0x00E5, 0x00E5, 0x00E5, 0x00C5, 0x00C5, 0x00A4, 0x00A4, 0x00A4, 0x0083, 0x0083, 0x0063, 0x0063, 0x0062, 0x0062, 0x0042, 0x0042,
  0x0020, 0x0020, 0x0020, 0x0020, 0x0021, 0x0021, 0x0020, 0x0020, 0x0020, 0x0020, 0x0020, 0x0820, 0x0820, 0x0820, 0x0820, 0x0820,
  0x0820, 0x0820, 0x0820, 0x0820, 0x0821, 0x1020, 0x1020, 0x1020, 0x1020, 0x1020, 0x1020, 0x1040, 0x1040, 0x1040, 0x1040, 0x1840,
  0x1841, 0x1841, 0x1841, 0x1841, 0x1841, 0x2041, 0x2041, 0x2041, 0x2841, 0x3041, 0x0020, 0x2061, 0x48C2, 0x3041, 0x3041, 0x3041,
  0x3041, 0x3861, 0x3861, 0x3861, 0x4061, 0x4081, 0x58A1, 0x60A1, 0x6901, 0x9984, 0x99A3, 0xA1A3, 0xA9C4, 0xA9E4, 0xA983, 0xA101,
  0xA962, 0xA983, 0xA9A3, 0xB1A4, 0xB1C4, 0xB9C4, 0xB1A3, 0xA0E1, 0xB162, 0xB1A3, 0xB1A3, 0xB1C4, 0xB1E4, 0xB1E4, 0xA9E5, 0xAA05,
  0x99C5, 0x81A5, 0x79A5, 0x7185, 0x6144, 0x6144, 0x5945, 0x5945, 0x5945, 0x4125, 0x0000, 0x3904, 0x4145, 0x4145, 0x4125, 0x0000,
  0xB942, 0xE983, 0xD983, 0xD983, 0xD983, 0xD9A3, 0xD1A3, 0x3820, 0x0000, 0x0000, 0x0000, 0x0000, 0x0000, 0x2020, 0x2840, 0x2000,
  0x3800, 0x50A1, 0x58A1, 0x4840, 0x5061, 0x8122, 0x5081, 0x4061, 0x3861, 0x4061, 0x2840, 0x4860, 0xD225, 0xF2A7, 0xEA87, 0xEA87,
  0xA184, 0x1800, 0x4081, 0x0000, 0x8985, 0xE2EA, 0xE2EA, 0xE30B, 0xDAEB, 0x7945, 0x1000, 0x40A2, 0x1800, 0xA2CC, 0xDBF2, 0xD3B2,
  0xDBF3, 0xBB2F, 0x3883, 0x30C4, 0x2040, 0x4126, 0xABB5, 0xBC18, 0xB3D8, 0xABD8, 0x7250, 0x08A5, 0x2169, 0x1001, 0x2A91, 0x44FE,
  0x3D1E, 0x34FE, 0x2C9B, 0x1A4E, 0x1127, 0x1189, 0x1047, 0x253A, 0x269F, 0x1E3F, 0x265F, 0x1D3C, 0x11AB, 0x1188, 0x11CA, 0x0006,
  0x3537, 0x3F1F, 0x2EBF, 0x2EBF, 0x1D7B, 0x0A0C, 0x01A9, 0x09CA, 0x0000, 0x94F5, 0x73D1, 0x52AC, 0x5AED, 0x5AED, 0x52CD, 0x52ED,
  0x2966, 0x1082, 0x94D5, 0xA557, 0xA536, 0xA536, 0x9D36, 0x9D36, 0x9D36, 0x9D36, 0x9D36, 0x6B4E, 0x0000, 0x2146, 0x1905, 0x1905,
  0x1905, 0x2125, 0x1905, 0x0862, 0x422A, 0x4A6B, 0x3A09, 0x3A09, 0x2946, 0x31C7, 0xA557, 0xAD98, 0xAD98, 0xAD98, 0xADB8, 0xB5D9,
  0x94B4, 0x0000, 0x424A, 0x39E8, 0x0000, 0x0020, 0x0000, 0x0000, 0x10A3, 0x18E4, 0x2125, 0x2125, 0x2125, 0x2125, 0x2125, 0x2125,
  0x2126, 0x2125, 0x2125, 0x2125, 0x2125, 0x2125, 0x2125, 0x2125, 0x2125, 0x1905, 0x0000, 0x2987, 0x31C8, 0x31A8, 0x31A8, 0x31A8,
  0x31A8, 0x31C8, 0x18E4, 0x18C4, 0x2146, 0x2146, 0x2146, 0x2946, 0x2966, 0x0820, 0x0148, 0x018A, 0x0127, 0x0107, 0x0127, 0x0148,
  0x0169, 0x0189, 0x0189, 0x0189, 0x0189, 0x0189, 0x0168, 0x0168, 0x0168, 0x0147, 0x0147, 0x0147, 0x0147, 0x0147, 0x0147, 0x0147,
  0x0146, 0x0126, 0x0147, 0x0168, 0x0126, 0x0000, 0x126D, 0x2CF8, 0x361E, 0x1CF9, 0x0001, 0x0106, 0x00E5, 0x00C4, 0x00A3, 0x00A3,
  0x0083, 0x0083, 0x0083, 0x0062, 0x0062, 0x0062, 0x0062, 0x0062, 0x0062, 0x0062, 0x0062, 0x0062, 0x0042, 0x0042, 0x0041, 0x0041,
  0x0020, 0x0020, 0x0020, 0x0020, 0x0021, 0x0020, 0x0020, 0x0020, 0x0020, 0x0020, 0x0020, 0x0820, 0x0820, 0x0820, 0x0820, 0x0820,
  0x0820, 0x0820, 0x0820, 0x0820, 0x0820, 0x1020, 0x1020, 0x1020, 0x1021, 0x1020, 0x1020, 0x1020, 0x1020, 0x1820, 0x1820, 0x1820,
  0x1841, 0x1841, 0x1841, 0x2041, 0x2041, 0x2041, 0x2041, 0x3041, 0x2040, 0x0000, 0x60C1, 0xB9C4, 0x7923, 0x2000, 0x3861, 0x3861,
  0x3861, 0x4061, 0x4061, 0x4061, 0x4061, 0x4061, 0x4061, 0x2020, 0x0020, 0x58E3, 0x60E3, 0x58C3, 0x58C3, 0x58E3, 0x38C3, 0x0000,
  0x40C3, 0x50C3, 0x50C3, 0x50E3, 0x48C3, 0x48E3, 0x40E3, 0x0000, 0x40A2, 0x60E3, 0x60E3, 0x60E3, 0x6903, 0x6903, 0x6903, 0x6923,
  0x7124, 0x7124, 0x6924, 0x6924, 0x6944, 0x6944, 0x6144, 0x6144, 0x6145, 0x4924, 0x0000, 0x3904, 0x4945, 0x4125, 0x4125, 0x0000,
  0xD163, 0xF9C3, 0xF1A3, 0xF1C3, 0xF1C3, 0xF9E4, 0xE9C4, 0x3840, 0x1800, 0x3020, 0x3840, 0x3860, 0x4060, 0x4880, 0x4881, 0x50A1,
  0x50A1, 0x4861, 0x3000, 0x60A1, 0xC224, 0xDA44, 0x6081, 0x4881, 0x4881, 0x3060, 0x4060, 0xD1E4, 0xF266, 0xEA86, 0xF2A7, 0xB9C4,
  0x3000, 0x4881, 0x0000, 0x8964, 0xE2C9, 0xEAEA, 0xE2EA, 0xE2EB, 0x8985, 0x2000, 0x40C3, 0x0000, 0x9A8C, 0xDBD2, 0xDBD2, 0xE3F3,
  0xCB91, 0x5105, 0x30A3, 0x2882, 0x40C5, 0xB395, 0xCC39, 0xC419, 0xC419, 0x8AF3, 0x18A6, 0x2969, 0x1044, 0x2A30, 0x5D1E, 0x559F,
  0x4D9F, 0x3D5F, 0x1AD1, 0x1107, 0x19CA, 0x1007, 0x1CD8, 0x371F, 0x36FF, 0x2F1F, 0x265D, 0x126E, 0x11A9, 0x120B, 0x0006, 0x3D35,
  0x5F9E, 0x577E, 0x4F9F, 0x2E5C, 0x0A6D, 0x09A9, 0x0A0B, 0x11CA, 0x0000, 0x9D16, 0x7C12, 0x52CD, 0x5B0E, 0x5AED, 0x5B2E, 0x424A,
  0x0000, 0x9CF5, 0xBE1A, 0xB5D9, 0xB5D9, 0xADB8, 0xAD98, 0xAD98, 0xADB8, 0xB5B8, 0xB5B8, 0xB5B8, 0x634E, 0x0000, 0x2145, 0x10C4,
  0x18C4, 0x18E4, 0x10C3, 0x0862, 0x424A, 0x4A6B, 0x4229, 0x1905, 0x0000, 0x1904, 0x422A, 0x422A, 0x424A, 0x424A, 0x422A, 0x422A,
  0x2105, 0x18C4, 0x3A09, 0x39E9, 0x0861, 0x0000, 0x0020, 0x0000, 0x1083, 0x18E4, 0x2125, 0x2125, 0x2125, 0x2125, 0x2125, 0x2125,
  0x2125, 0x2125, 0x2125, 0x2125, 0x2125, 0x2125, 0x2125, 0x2125, 0x2125, 0x1905, 0x0000, 0x2987, 0x31C8, 0x31A8, 0x31A8, 0x31A8,
  0x31C8, 0x31C8, 0x1904, 0x0000, 0x0000, 0x0000, 0x0000, 0x0000, 0x0000, 0x0000, 0x0127, 0x0189, 0x0989, 0x09AA, 0x09AA, 0x09AA,
  0x01AA, 0x01AA, 0x01A9, 0x01AA, 0x0168, 0x00E6, 0x0189, 0x0168, 0x0168, 0x0168, 0x0148, 0x0147, 0x0147, 0x0147, 0x0126, 0x0126,
  0x0126, 0x0106, 0x0106, 0x0106, 0x0126, 0x0167, 0x0063, 0x0000, 0x128E, 0x1477, 0x0AAF, 0x0000, 0x00E5, 0x00A3, 0x00A3, 0x0083,
  0x0083, 0x0082, 0x0062, 0x0062, 0x0062, 0x0062, 0x0062, 0x0062, 0x0062, 0x0042, 0x0042, 0x0041, 0x0042, 0x0042, 0x0041, 0x0041,
  0x0020, 0x0000, 0x0020, 0x0020, 0x0020, 0x0020, 0x0020, 0x0020, 0x0020, 0x0820, 0x0820, 0x0820, 0x0820, 0x0820, 0x0820, 0x0820,
  0x0820, 0x0820, 0x0820, 0x0820, 0x1020, 0x1020, 0x1020, 0x1020, 0x1020, 0x1820, 0x1840, 0x1820, 0x1820, 0x1820, 0x1820, 0x1820,
  0x1820, 0x1841, 0x2041, 0x2041, 0x2041, 0x2841, 0x3041, 0x0000, 0x4060, 0xA963, 0xE225, 0xDA05, 0x4861, 0x3861, 0x3861, 0x3861,
  0x3861, 0x4061, 0x4061, 0x4061, 0x4061, 0x4061, 0x4861, 0x3041, 0x2020, 0x58E3, 0x60E3, 0x60E3, 0x60E3, 0x6103, 0x50C3, 0x1800,
  0x50C2, 0x58E3, 0x58E3, 0x58E3, 0x58E3, 0x58E3, 0x48E3, 0x0000, 0x50A2, 0x60E3, 0x60E3, 0x68E3, 0x68E3, 0x6903, 0x6903, 0x7123,
  0x7123, 0x7124, 0x7124, 0x7124, 0x7144, 0x7144, 0x7144, 0x6944, 0x6145, 0x5124, 0x0000, 0x38E4, 0x4925, 0x4125, 0x4124, 0x0000,
  0x90E2, 0xB922, 0xB122, 0xB922, 0xB922, 0xC142, 0xB122, 0x2000, 0x2840, 0x3080, 0x3060, 0x2821, 0x3001, 0x3801, 0x4001, 0x4801,
  0x4821, 0x5081, 0x8982, 0xDA84, 0xF2E5, 0xEAA5, 0x9142, 0x5000, 0x5020, 0x4000, 0xC1C3, 0xF245, 0xEA45, 0xF286, 0xC9E5, 0x4820,
  0x4881, 0x1800, 0x8164, 0xEAC9, 0xEAE9, 0xEAE9, 0xEAEA, 0xA1C6, 0x2800, 0x48C2, 0x0800, 0x9A8B, 0xE3D1, 0xDBB1, 0xE3F2, 0xD391,
  0x6146, 0x2882, 0x30A3, 0x38C4, 0xB394, 0xCC38, 0xC418, 0xCC5A, 0x9B54, 0x20A6, 0x2969, 0x20C5, 0x3230, 0x64FE, 0x65BF, 0x65BF,
  0x55DF, 0x2374, 0x10E7, 0x19EB, 0x1808, 0x24D8, 0x371F, 0x3F3F, 0x3F7F, 0x36FE, 0x1330, 0x118A, 0x1A4C, 0x0008, 0x3D35, 0x6FBE,
  0x6F9E, 0x6FDE, 0x573D, 0x0B2F, 0x098A, 0x0A2C, 0x0A0B, 0x11EA, 0x0001, 0x9D36, 0x7C12, 0x52CD, 0x5B2E, 0x5B2E, 0x52CC, 0x0000,
  0x8C93, 0xC65B, 0xC63A, 0xB5B8, 0x8432, 0x7C32, 0x7C11, 0x7C11, 0x7C11, 0x8452, 0xBDF9, 0xBE1A, 0xBE3A, 0x6B6F, 0x0000, 0x18E4,
  0x0000, 0x0020, 0x0000, 0x0882, 0x424A, 0x4A8B, 0x422A, 0x1904, 0x0000, 0x2145, 0x424A, 0x422A, 0x422A, 0x422A, 0x4209, 0x3A09,
  0x18E4, 0x2146, 0x422A, 0x422A, 0x18E4, 0x0000, 0x0020, 0x0000, 0x1083, 0x18E4, 0x1905, 0x2125, 0x2125, 0x2125, 0x2125, 0x2125,
  0x2125, 0x2125, 0x2125, 0x2125, 0x2125, 0x2125, 0x2125, 0x2105, 0x2125, 0x1904, 0x0000, 0x1905, 0x2125, 0x2125, 0x2125, 0x2125,
  0x2125, 0x2126, 0x10A3, 0x0000, 0x0841, 0x0041, 0x0841, 0x0841, 0x0862, 0x0000, 0x0127, 0x0989, 0x0989, 0x0989, 0x0989, 0x09AA,
  0x09AA, 0x09AA, 0x09CA, 0x00C6, 0x09AA, 0x0B52, 0x01AA, 0x0169, 0x0169, 0x0168, 0x0168, 0x0147, 0x0147, 0x0147, 0x0126, 0x0126,
  0x0126, 0x0106, 0x0106, 0x0106, 0x00E5, 0x00E5, 0x0126, 0x0146, 0x0000, 0x0044, 0x01CA, 0x0062, 0x00A3, 0x0083, 0x0083, 0x0083,
  0x0083, 0x0062, 0x0062, 0x0062, 0x0062, 0x0062, 0x0062, 0x0062, 0x0042, 0x0042, 0x0042, 0x0042, 0x0042, 0x0042, 0x0041, 0x0041,
  0x0000, 0x0000, 0x0020, 0x0020, 0x0020, 0x0020, 0x0020, 0x0820, 0x0820, 0x0820, 0x0820, 0x0820, 0x0820, 0x0820, 0x0820, 0x0820,
  0x0820, 0x1020, 0x1020, 0x1020, 0x1020, 0x1020, 0x1020, 0x1820, 0x1820, 0x1820, 0x1820, 0x1820, 0x1820, 0x1820, 0x1820, 0x1840,
  0x2040, 0x2040, 0x2040, 0x2041, 0x3841, 0x1820, 0x0000, 0x8902, 0xE1E4, 0xF225, 0xFA46, 0xB9A4, 0x3020, 0x4881, 0x4081, 0x4081,
  0x4881, 0x4881, 0x4881, 0x4881, 0x4881, 0x4881, 0x4861, 0x3841, 0x2020, 0x58A2, 0x60C2, 0x60C2, 0x60C2, 0x60E3, 0x50A2, 0x1800,
  0x58C2, 0x60C3, 0x58C3, 0x58E3, 0x58C3, 0x58E3, 0x50C3, 0x0000, 0x58A1, 0x68C2, 0x68C2, 0x68E2, 0x68E3, 0x70E3, 0x7103, 0x7903,
  0x7923, 0x7923, 0x7923, 0x8124, 0x8144, 0x8144, 0x7944, 0x7144, 0x6945, 0x5124, 0x0000, 0x38E3, 0x4925, 0x4924, 0x4104, 0x0000,
  0x0000, 0x2000, 0x2800, 0x3020, 0x3020, 0x3020, 0x2820, 0x0020, 0xA000, 0xD000, 0xD121, 0xD9E2, 0xDA23, 0xDA23, 0xD243, 0xD283,
  0xD2A4, 0xDAA4, 0xEAC4, 0xEAC4, 0xEAC4, 0xF325, 0xE2C5, 0xDA84, 0xDA64, 0xDA23, 0xF224, 0xEA24, 0xF245, 0xC1C4, 0x4820, 0x4881,
  0x2000, 0x8984, 0xEAE8, 0xEAE9, 0xEAE9, 0xEAE9, 0xA1C6, 0x2800, 0x48C2, 0x1800, 0xA28B, 0xE3F1, 0xDBB1, 0xE3D2, 0xD3B1, 0x6967,
  0x2020, 0x38C3, 0x38A4, 0xB393, 0xD458, 0xC418, 0xD459, 0xAB95, 0x28E7, 0x2949, 0x28E6, 0x320E, 0x6CFE, 0x759F, 0x6DBF, 0x65FF,
  0x33F6, 0x10A7, 0x1A0D, 0x1069, 0x2498, 0x3F1F, 0x3F3F, 0x475F, 0x475F, 0x1BF2, 0x1129, 0x128D, 0x08E9, 0x3CF5, 0x6FBE, 0x77BE,
  0x7FDE, 0x6F9E, 0x2412, 0x016B, 0x124C, 0x0A0B, 0x0A2B, 0x120B, 0x0084, 0x9D57, 0x7C33, 0x52ED, 0x634F, 0x632E, 0x0000, 0x8431,
  0xCE9B, 0xC65B, 0xC65B, 0x5B0D, 0x0000, 0x0000, 0x0000, 0x0000, 0x0000, 0x0000, 0x73D0, 0xC65B, 0xCE9C, 0xCE9B, 0x6B6E, 0x0000,
  0x2104, 0x0862, 0x0841, 0x10A3, 0x4A6B, 0x52AC, 0x4A6A, 0x2105, 0x0000, 0x3A09, 0x6B6F, 0x6B6F, 0x6B6F, 0x6B6F, 0x6B8F, 0x73B0,
  0x39E8, 0x2966, 0x4A6B, 0x4A6B, 0x2145, 0x0000, 0x0021, 0x0000, 0x1083, 0x18C4, 0x18E4, 0x2125, 0x2125, 0x2125, 0x2125, 0x2125,
  0x2125, 0x2125, 0x2125, 0x2125, 0x2125, 0x2125, 0x2125, 0x2125, 0x2125, 0x1905, 0x0000, 0x10C3, 0x18E4, 0x18E4, 0x18E4, 0x18E4,
  0x18E4, 0x18E4, 0x1082, 0x0000, 0x0000, 0x0000, 0x0000, 0x0000, 0x0000, 0x0000, 0x0127, 0x0989, 0x0989, 0x0989, 0x0989, 0x09AA,
  0x09CA, 0x09A9, 0x00E7, 0x1331, 0x1D7C, 0x14B9, 0x00A7, 0x01AA, 0x0189, 0x0168, 0x0168, 0x0147, 0x0147, 0x0147, 0x0127, 0x0126,
  0x0106, 0x0106, 0x0105, 0x0105, 0x00E5, 0x00E5, 0x00C5, 0x00C4, 0x0106, 0x00E4, 0x0020, 0x00A3, 0x0083, 0x0083, 0x0083, 0x0062,
  0x0062, 0x0062, 0x0062, 0x0062, 0x0062, 0x0042, 0x0042, 0x0042, 0x0042, 0x0042, 0x0041, 0x0041, 0x0041, 0x0041, 0x0041, 0x0041,
  0x0000, 0x0020, 0x0020, 0x0020, 0x0020, 0x0020, 0x0820, 0x0820, 0x0820, 0x0820, 0x0820, 0x0820, 0x0820, 0x0820, 0x0820, 0x0820,
  0x1020, 0x1020, 0x1020, 0x1020, 0x1020, 0x1020, 0x1820, 0x1820, 0x1820, 0x1820, 0x1820, 0x1820, 0x1820, 0x1820, 0x2040, 0x2020,
  0x2040, 0x2040, 0x2840, 0x3040, 0x0000, 0x5081, 0xC184, 0xFA05, 0xFA25, 0xF225, 0xF245, 0x9923, 0x0800, 0x3841, 0x3021, 0x3001,
  0x3001, 0x3001, 0x3801, 0x3801, 0x3801, 0x3821, 0x3821, 0x2821, 0x0000, 0x4882, 0x58A2, 0x58A2, 0x58C2, 0x58C2, 0x50A2, 0x2020,
  0x58A2, 0x60C2, 0x60C2, 0x60E2, 0x60C3, 0x60E3, 0x58C2, 0x1800, 0x60A1, 0x78C2, 0x70C2, 0x70E2, 0x70E2, 0x78E2, 0x7903, 0x8103,
  0x8123, 0x8923, 0x8943, 0x8943, 0x8944, 0x9144, 0x8944, 0x8144, 0x7965, 0x5924, 0x0000, 0x40E3, 0x4924, 0x4924, 0x4104, 0x0000,
  0x2800, 0x4020, 0x3820, 0x3820, 0x3820, 0x3840, 0x3881, 0x0000, 0xBB85, 0xF4E7, 0xFD88, 0xFE09, 0xFE29, 0xFE29, 0xFE29, 0xFE29,
  0xFE09, 0xFDE9, 0xF5C8, 0xF568, 0xF4C7, 0xF406, 0xF386, 0xF366, 0xFB46, 0xF284, 0xEA04, 0xEA24, 0xC9C3, 0x5040, 0x4860, 0x2800,
  0x8122, 0xEAC8, 0xEAE9, 0xEAE9, 0xEAE9, 0xA9E6, 0x2000, 0x48A2, 0x1800, 0x9A49, 0xE3B0, 0xDBB0, 0xE3D1, 0xDBB0, 0x71A8, 0x1800,
  0x40C4, 0x3020, 0xA331, 0xCC17, 0xC3F7, 0xCC38, 0xB395, 0x3928, 0x2927, 0x3127, 0x296B, 0x6C5B, 0x755F, 0x757F, 0x6DDF, 0x3C18,
  0x10A8, 0x220C, 0x192A, 0x1C17, 0x2E9F, 0x3EFF, 0x3F3F, 0x3F3F, 0x2433, 0x10E9, 0x128D, 0x1169, 0x2434, 0x575E, 0x6FBE, 0x77DE,
  0x77BE, 0x3CB5, 0x016B, 0x126D, 0x0A2C, 0x0A0B, 0x0A2C, 0x0A0B, 0x0002, 0x9D37, 0x7C33, 0x52CD, 0x634E, 0x0000, 0x5B0D, 0xCE7B,
  0xCE9C, 0xCE9C, 0x7C11, 0x0000, 0x0000, 0x0000, 0x0000, 0x0000, 0x0000, 0x0001, 0x0000, 0x7BF0, 0xCEBC, 0xD6DC, 0xCE9B, 0x634E,
  0x0000, 0x0841, 0x0000, 0x0000, 0x424A, 0x4A8B, 0x424A, 0x18E4, 0x0000, 0x4A6B, 0x7C12, 0x7BF1, 0x7C12, 0x7C12, 0x8432, 0x8453,
  0x3A09, 0x31C8, 0x4AAB, 0x4A8B, 0x3187, 0x0000, 0x0041, 0x0000, 0x1083, 0x18C4, 0x18E4, 0x2125, 0x2125, 0x2125, 0x2125, 0x2125,
  0x2125, 0x2125, 0x2125, 0x2125, 0x2125, 0x2125, 0x2125, 0x2125, 0x2125, 0x1905, 0x0000, 0x18C4, 0x20E5, 0x18E4, 0x18E4, 0x18E4,
  0x18E4, 0x2105, 0x0882, 0x10A3, 0x1905, 0x1905, 0x1905, 0x2105, 0x2125, 0x0861, 0x00E5, 0x09AA, 0x0989, 0x0189, 0x09AA, 0x09CB,
  0x0148, 0x09EB, 0x1C97, 0x261E, 0x265F, 0x13D5, 0x0908, 0x09CB, 0x0189, 0x0189, 0x0168, 0x0168, 0x0147, 0x0147, 0x0127, 0x0126,
  0x0106, 0x0106, 0x0106, 0x0105, 0x00E5, 0x00E4, 0x00C4, 0x00C4, 0x00A4, 0x00A4, 0x00A4, 0x0083, 0x0083, 0x0083, 0x0083, 0x0063,
  0x0063, 0x0062, 0x0062, 0x0062, 0x0062, 0x0042, 0x0042, 0x0042, 0x0042, 0x0042, 0x0041, 0x0041, 0x0041, 0x0041, 0x0041, 0x0041,
  0x0020, 0x0020, 0x0020, 0x0020, 0x0020, 0x0820, 0x0820, 0x0820, 0x0820, 0x0820, 0x0820, 0x0820, 0x0820, 0x0820, 0x1020, 0x1020,
  0x1020, 0x1020, 0x1020, 0x1820, 0x1820, 0x1820, 0x1820, 0x1820, 0x2020, 0x2020, 0x2021, 0x2020, 0x2020, 0x2020, 0x2020, 0x2020,
  0x2840, 0x3040, 0x0000, 0x0020, 0x9923, 0xE9C4, 0xFA25, 0xFA25, 0xFA45, 0xFA45, 0xF245, 0xC1A3, 0xA163, 0xA162, 0x9982, 0x9982,
  0x91A2, 0x89A2, 0x89A2, 0x89A2, 0x8182, 0x8142, 0x7902, 0x70E1, 0x70C1, 0x8902, 0x8102, 0x80E2, 0x78E2, 0x78E2, 0x68C2, 0x5880,
  0x78C1, 0x78E2, 0x70E2, 0x70E2, 0x70C2, 0x68C2, 0x58A2, 0x1800, 0x6081, 0x78C1, 0x70A1, 0x70C2, 0x70C2, 0x70C2, 0x78E2, 0x7903,
  0x7903, 0x8123, 0x8123, 0x9143, 0x9943, 0x9944, 0x9964, 0x9144, 0x8164, 0x6924, 0x0000, 0x40E3, 0x5124, 0x4904, 0x4104, 0x0000,
  0xA8E2, 0xD122, 0xC122, 0xC122, 0xC122, 0xC923, 0xB942, 0x0000, 0xBC85, 0xF5E7, 0xF628, 0xFEA9, 0xFEA9, 0xFEA9, 0xFEA9, 0xFE89,
  0xFE69, 0xFE49, 0xFE28, 0xFDE8, 0xFD68, 0xFCC7, 0xFC26, 0xFC06, 0xF325, 0xE9E3, 0xEA03, 0xD1C3, 0x70A1, 0x4860, 0x3020, 0x78E2,
  0xE266, 0xF2C7, 0xEAC8, 0xF2E8, 0xB1E6, 0x3000, 0x40A2, 0x2000, 0x89E7, 0xD34D, 0xDB6E, 0xDB8F, 0xDB8F, 0x81C8, 0x1800, 0x40C4,
  0x2800, 0x92AE, 0xBB94, 0xBB94, 0xC3F6, 0xAB74, 0x4928, 0x2906, 0x3127, 0x3149, 0x5B77, 0x6C9D, 0x6CFE, 0x6D7F, 0x4C18, 0x1888,
  0x21EC, 0x1929, 0x2374, 0x2DFF, 0x2E7F, 0x36FF, 0x36FF, 0x2434, 0x1888, 0x1A6D, 0x1189, 0x1B94, 0x2E7F, 0x473F, 0x5F9E, 0x6F9E,
  0x3CF5, 0x01AD, 0x1A8E, 0x0A2C, 0x0A2C, 0x0A0B, 0x0A2C, 0x228C, 0x1A2A, 0xA577, 0x8C94, 0x6B90, 0x52EC, 0x39E8, 0xB5F9, 0xCE9C,
  0xCE9C, 0x94D4, 0x0000, 0x424A, 0x6B8F, 0x73B0, 0x73D0, 0x73B0, 0x6B6F, 0x5B0D, 0x52CC, 0x0000, 0x8C73, 0xCEBC, 0xD6FD, 0xD6DC,
  0x6B6E, 0x2125, 0x31A7, 0x39E8, 0x634E, 0x634E, 0x5B0D, 0x3186, 0x0000, 0x39E8, 0x632E, 0x5B0E, 0x5B0E, 0x5B2E, 0x632E, 0x632E,
  0x2145, 0x3A29, 0x52AC, 0x52AC, 0x31C8, 0x0000, 0x0841, 0x0000, 0x1083, 0x18C4, 0x18C4, 0x2105, 0x2125, 0x2125, 0x2125, 0x2125,
  0x2125, 0x2125, 0x2125, 0x2125, 0x2125, 0x2125, 0x2125, 0x2125, 0x2125, 0x1905, 0x0000, 0x18C4, 0x20E5, 0x18E4, 0x18E4, 0x18E4,
  0x18E4, 0x2105, 0x0862, 0x18E4, 0x29A7, 0x2987, 0x29A7, 0x2987, 0x31A8, 0x18E4, 0x00C5, 0x09AA, 0x0989, 0x09CA, 0x01AA, 0x00A7,
  0x1351, 0x2D9C, 0x2E5F, 0x2E5F, 0x2DFE, 0x0AAF, 0x0989, 0x01AA, 0x0189, 0x0168, 0x0168, 0x0148, 0x0148, 0x0147, 0x0127, 0x0127,
  0x0107, 0x0106, 0x0106, 0x0105, 0x00E5, 0x00E5, 0x00C4, 0x00C4, 0x00A4, 0x00A4, 0x0083, 0x0083, 0x0083, 0x0083, 0x0083, 0x0063,
  0x0063, 0x0062, 0x0062, 0x0062, 0x0042, 0x0042, 0x0042, 0x0042, 0x0042, 0x0042, 0x0041, 0x0041, 0x0041, 0x0041, 0x0041, 0x0041,
  0x0020, 0x0020, 0x0020, 0x0020, 0x0820, 0x0820, 0x0820, 0x0820, 0x0820, 0x0020, 0x0820, 0x0820, 0x0820, 0x0820, 0x0820, 0x1020,
  0x1020, 0x1020, 0x1020, 0x1020, 0x1820, 0x1820, 0x1820, 0x1820, 0x2020, 0x2020, 0x2020, 0x2020, 0x2020, 0x2020, 0x2820, 0x2820,
  0x0020, 0x0000, 0x68A2, 0xD1A4, 0xFA05, 0xFA05, 0xFA25, 0xFA45, 0xFA45, 0xFA45, 0xFA65, 0xFA85, 0xFA85, 0xFAC5, 0xF2E4, 0xF324,
  0xF364, 0xF3A5, 0xF3C5, 0xF3C5, 0xF385, 0xF324, 0xF2E4, 0xEAA4, 0xEA83, 0xEA64, 0xEA44, 0xEA24, 0xEA24, 0xE204, 0xE1E3, 0xE1E3,
  0xE1C3, 0xE1C3, 0xE1C3, 0xE1C3, 0xD9A3, 0xD9A3, 0xD183, 0xC962, 0xD183, 0xD183, 0xD163, 0xC963, 0xC963, 0xC963, 0xC963, 0xC983,
  0xC183, 0xC9A4, 0xC9A4, 0xD9E4, 0xE204, 0xB1A4, 0x9944, 0x9144, 0x8964, 0x6924, 0x0000, 0x40C3, 0x5104, 0x4904, 0x48E4, 0x0000,
  0xD142, 0xF9A3, 0xF1A3, 0xF9A3, 0xF9A3, 0xF9A4, 0xE9C3, 0x0000, 0xCCE5, 0xFE46, 0xFE87, 0xFEC7, 0xFEC7, 0xFEA7, 0xFEA7, 0xFE87,
  0xFE47, 0xFE06, 0xFDA6, 0xFD26, 0xF4C5, 0xF486, 0xF466, 0xFC06, 0xEA63, 0xE9C3, 0xD9C3, 0x78C1, 0x5060, 0x3840, 0x70C1, 0xE225,
  0xEA86, 0xEA87, 0xF2C7, 0xC206, 0x3820, 0x40A2, 0x2000, 0x81A6, 0xCAEC, 0xD30C, 0xD34D, 0xD34E, 0x81C8, 0x1800, 0x40C3, 0x2820,
  0x824C, 0xB331, 0xAB32, 0xBB74, 0xAB32, 0x4927, 0x28E5, 0x3126, 0x3128, 0x5B14, 0x6BD9, 0x6C1A, 0x6CBD, 0x4BB7, 0x1886, 0x29AA,
  0x2129, 0x2311, 0x2D5D, 0x2DDF, 0x2E3F, 0x2EBF, 0x2455, 0x2087, 0x222C, 0x2189, 0x1B31, 0x259D, 0x267F, 0x36FF, 0x475F, 0x34F7,
  0x01CD, 0x1AAF, 0x124D, 0x0A2C, 0x0A2C, 0x09EB, 0x126C, 0x4BF1, 0x6431, 0xB619, 0xAD97, 0x9D15, 0x73F0, 0x8C93, 0xD6BC, 0xD6BC,
  0xCE7B, 0x2987, 0x2145, 0x94F5, 0xCE7B, 0xCE7B, 0xCE9B, 0xC67B, 0xBE3A, 0xADB8, 0x9D36, 0x2987, 0x2126, 0xCE7B, 0xCEBC, 0xC65A,
  0xA535, 0x6B4D, 0x6B4E, 0x73AF, 0x94D4, 0x9CD4, 0x9CD4, 0x630D, 0x0000, 0x2987, 0x4A6B, 0x424A, 0x424A, 0x422A, 0x422A, 0x4229,
  0x0862, 0x424A, 0x52CC, 0x52CC, 0x39E8, 0x0000, 0x0841, 0x0000, 0x1082, 0x18C3, 0x10C4, 0x1905, 0x2125, 0x2125, 0x2125, 0x2125,
  0x2125, 0x2125, 0x2125, 0x2125, 0x2125, 0x2125, 0x2125, 0x2125, 0x2125, 0x1905, 0x0000, 0x18C4, 0x2105, 0x18E4, 0x18E4, 0x18E4,
  0x18E4, 0x2105, 0x0862, 0x18E4, 0x2987, 0x2987, 0x2987, 0x2987, 0x31A8, 0x18E4, 0x00A5, 0x09AA, 0x01AA, 0x00A6, 0x09AB, 0x1C76,
  0x2E1E, 0x2E5F, 0x363F, 0x365F, 0x255B, 0x09AB, 0x09EB, 0x09CA, 0x09AA, 0x0989, 0x0967, 0x0146, 0x0126, 0x0125, 0x00E4, 0x00C4,
  0x00A3, 0x00A3, 0x0082, 0x0081, 0x0081, 0x0081, 0x0061, 0x0060, 0x0040, 0x0040, 0x0040, 0x0040, 0x0040, 0x0040, 0x0040, 0x0041,
  0x0041, 0x0040, 0x0041, 0x0041, 0x0041, 0x0021, 0x0021, 0x0041, 0x0041, 0x0021, 0x0041, 0x0021, 0x0021, 0x0021, 0x0021, 0x0021,
  0x0020, 0x0020, 0x0820, 0x0820, 0x0820, 0x0820, 0x0820, 0x0820, 0x1020, 0x1020, 0x1020, 0x1020, 0x1020, 0x1020, 0x1020, 0x1820,
  0x1820, 0x2020, 0x2020, 0x2020, 0x2020, 0x2840, 0x2840, 0x2840, 0x2840, 0x2840, 0x3040, 0x3040, 0x2840, 0x2840, 0x3040, 0x3040,
  0x68A1, 0xB963, 0xE9C4, 0xFA05, 0xFA05, 0xFA25, 0xFA25, 0xFA45, 0xFA45, 0xFA65, 0xFA65, 0xFA85, 0xFAA5, 0xFAE5, 0xFB25, 0xFB65,
  0xFBA5, 0xFBC5, 0xFBE5, 0xFBE5, 0xFBA5, 0xFB65, 0xFB24, 0xFAE4, 0xFAC4, 0xFAA4, 0xFA84, 0xFA84, 0xFA64, 0xFA44, 0xFA44, 0xFA24,
  0xFA24, 0xFA24, 0xFA24, 0xFA04, 0xFA04, 0xFA04, 0xFA04, 0xFA04, 0xFA04, 0xFA04, 0xF9E4, 0xF9E4, 0xF9E4, 0xF9E4, 0xF9E4, 0xF9E4,
  0xF9E4, 0xFA04, 0xFA04, 0xFA24, 0xFA25, 0xF225, 0xC9C4, 0xA164, 0x9164, 0x6924, 0x0000, 0x40C3, 0x5104, 0x4904, 0x40E3, 0x0000,
  0x7881, 0x98C1, 0x90C1, 0x90C1, 0x90C1, 0x90E2, 0x8902, 0x0000, 0x9383, 0xBC84, 0xC4C5, 0xD546, 0xD566, 0xDD66, 0xDD66, 0xDD45,
  0xE525, 0xE505, 0xF4E5, 0xF4A5, 0xF465, 0xF425, 0xF425, 0xEB04, 0xE1A2, 0xD9C3, 0x88E1, 0x5060, 0x5060, 0x70E1, 0xDA25, 0xEA65,
  0xE266, 0xEA86, 0xCA05, 0x5080, 0x4081, 0x3000, 0x81A6, 0xCACA, 0xCACB, 0xCAEC, 0xCB0C, 0x89C7, 0x2000, 0x38C3, 0x2841, 0x720A,
  0xA2CF, 0xA2D0, 0xAB11, 0x9AF0, 0x5147, 0x28C4, 0x3906, 0x3127, 0x5A90, 0x6B55, 0x6B76, 0x6BF9, 0x4B55, 0x18C7, 0x2989, 0x2928,
  0x2AAF, 0x3CDA, 0x355C, 0x2D9E, 0x2DFF, 0x2C76, 0x2907, 0x320A, 0x2968, 0x2AF0, 0x2D1B, 0x25BE, 0x261F, 0x2E9F, 0x1CD8, 0x11EE,
  0x1AAF, 0x126E, 0x122D, 0x120C, 0x0A0B, 0x09EB, 0x09EB, 0x11CA, 0x0084, 0x8CF5, 0x73F1, 0x530D, 0x39E8, 0x0000, 0xBE19, 0xE75E,
  0xEF7F, 0xBDF9, 0x0000, 0x5AED, 0x6BB0, 0x6BAF, 0x6BB0, 0x6B8F, 0x6B8F, 0x632E, 0x4A8B, 0x0000, 0xAD77, 0xCE7B, 0x94F5, 0x5AED,
  0x0000, 0x0883, 0x0001, 0x0000, 0x31A8, 0x39E9, 0x31A8, 0x18C4, 0x0000, 0x2987, 0x4A8B, 0x424B, 0x424A, 0x424A, 0x424A, 0x424A,
  0x0882, 0x424A, 0x52CC, 0x52CD, 0x39E8, 0x0000, 0x0841, 0x0000, 0x1082, 0x18C3, 0x18C3, 0x18E4, 0x1905, 0x1905, 0x1905, 0x2105,
  0x2105, 0x2125, 0x2125, 0x2125, 0x2125, 0x2125, 0x2125, 0x2125, 0x2125, 0x1905, 0x0000, 0x18C4, 0x2105, 0x20E5, 0x18E5, 0x20E5,
  0x20E5, 0x2105, 0x0882, 0x1083, 0x2105, 0x2105, 0x2125, 0x2125, 0x2125, 0x1082, 0x00C5, 0x00E7, 0x0086, 0x1B72, 0x2D7C, 0x2E5F,
  0x363F, 0x363F, 0x365F, 0x367F, 0x2E3E, 0x2DDC, 0x2DDC, 0x2DDC, 0x2DBC, 0x259C, 0x255B, 0x251B, 0x1CBA, 0x1C9A, 0x1458, 0x1437,
  0x1417, 0x13F6, 0x13B5, 0x0B73, 0x0B53, 0x0B32, 0x0B11, 0x0AD0, 0x0AAF, 0x0A8F, 0x0A6E, 0x024E, 0x022D, 0x022D, 0x020C, 0x01EB,
  0x01AA, 0x01AA, 0x0189, 0x0169, 0x0148, 0x0147, 0x0127, 0x0127, 0x0106, 0x0106, 0x0106, 0x0106, 0x00E5, 0x00C5, 0x00C4, 0x00A4,
  0x2061, 0x2861, 0x3061, 0x3881, 0x3881, 0x4081, 0x4061, 0x4061, 0x4881, 0x4881, 0x5081, 0x5081, 0x5881, 0x5881, 0x5881, 0x5881,
  0x5881, 0x5881, 0x6081, 0x5881, 0x6081, 0x6081, 0x60A1, 0x68A1, 0x68A1, 0x68A1, 0x68C1, 0x68C1, 0x4881, 0x3840, 0x3020, 0x58A1,
  0xC964, 0xF9E5, 0xF9E4, 0xF1E4, 0xFA05, 0xFA25, 0xFA25, 0xFA45, 0xFA45, 0xFA65, 0xFA65, 0xFA85, 0xFAA5, 0xFAE5, 0xFB25, 0xFB65,
  0xFB85, 0xFBC5, 0xFBE5, 0xFBC5, 0xFB85, 0xFB45, 0xFB04, 0xFAE4, 0xFAC4, 0xFAA4, 0xF284, 0xFA64, 0xFA64, 0xFA44, 0xFA44, 0xF224,
  0xFA24, 0xFA24, 0xFA04, 0xFA04, 0xFA04, 0xFA04, 0xF204, 0xF204, 0xFA04, 0xFA04, 0xF1E4, 0xF1E4, 0xF1E4, 0xF1E4, 0xF1E4, 0xF1E4,
  0xF1E4, 0xF204, 0xF204, 0xF204, 0xF224, 0xF225, 0xFA45, 0xC9C4, 0x8944, 0x6903, 0x0000, 0x40C2, 0x5104, 0x4904, 0x40E3, 0x1000,
  0x0000, 0x0000, 0x0000, 0x0000, 0x0000, 0x0000, 0x0000, 0x0840, 0x0000, 0x0000, 0x0000, 0x0000, 0x1000, 0x2000, 0x2801, 0x3800,
  0x4800, 0x60C1, 0xA262, 0xD343, 0xEBC4, 0xEBE4, 0xEBA4, 0xD9E2, 0xD1A2, 0x8101, 0x5060, 0x4860, 0x6081, 0xDA05, 0xEA66, 0xE245,
  0xEA65, 0xC1E4, 0x58A1, 0x4081, 0x2820, 0x7165, 0xC2AA, 0xC2AA, 0xC2AA, 0xC2CB, 0x81C7, 0x1800, 0x38C3, 0x2840, 0x69C9, 0x928E,
  0x928E, 0x92AF, 0x8A8E, 0x4947, 0x30A3, 0x38E5, 0x30E5, 0x5A2D, 0x62D1, 0x62F2, 0x6B75, 0x5312, 0x2106, 0x2968, 0x2928, 0x2A0B,
  0x3C36, 0x3CD9, 0x34FA, 0x355C, 0x3435, 0x3943, 0x3A09, 0x3987, 0x3AAB, 0x3C97, 0x2D1B, 0x257D, 0x25DF, 0x1C78, 0x11CC, 0x126E,
  0x126E, 0x126E, 0x124D, 0x120C, 0x09EB, 0x09CA, 0x09CA, 0x11C9, 0x0043, 0x8CF5, 0x73D1, 0x52CC, 0x5B0D, 0x0000, 0x424A, 0xDF1D,
  0xEF7F, 0xEF9F, 0xA536, 0x0000, 0x0000, 0x0000, 0x0000, 0x0000, 0x0000, 0x0001, 0x0000, 0xA536, 0xCE9B, 0x94B4, 0x632E, 0x2125,
  0x18E4, 0x4A8B, 0x3A29, 0x0841, 0x31C8, 0x39E9, 0x31C8, 0x18C4, 0x0000, 0x2987, 0x4AAC, 0x4A8B, 0x4A6B, 0x4A6B, 0x4A6B, 0x4A6B,
  0x10C3, 0x31C8, 0x424A, 0x424A, 0x2987, 0x0000, 0x0021, 0x0000, 0x1082, 0x18C3, 0x18C3, 0x18E4, 0x1904, 0x1905, 0x1905, 0x1905,
  0x2105, 0x1905, 0x2125, 0x2125, 0x2125, 0x2125, 0x2125, 0x2125, 0x2125, 0x1905, 0x0000, 0x18E4, 0x2105, 0x2105, 0x2105, 0x2105,
  0x2105, 0x2105, 0x10A3, 0x0000, 0x0000, 0x0000, 0x0000, 0x0000, 0x0020, 0x0000, 0x00C5, 0x12D0, 0x24FA, 0x2E1F, 0x2E3F, 0x363F,
  0x365F, 0x365F, 0x367F, 0x367F, 0x369F, 0x369F, 0x369F, 0x2E9F, 0x2E7F, 0x2E5F, 0x2DFF, 0x259F, 0x1D5F, 0x1D3E, 0x1CFD, 0x14DC,
  0x14BB, 0x149A, 0x1459, 0x1418, 0x13F7, 0x0BB6, 0x0B95, 0x0B54, 0x0B33, 0x0B12, 0x0AF2, 0x0AB1, 0x0A90, 0x026F, 0x026F, 0x022E,
  0x020D, 0x01EC, 0x01CB, 0x01CB, 0x018A, 0x0169, 0x0169, 0x0148, 0x0148, 0x0127, 0x0127, 0x0127, 0x0106, 0x00E6, 0x00E5, 0x00E5,
  0x1040, 0x1040, 0x1840, 0x1841, 0x1840, 0x2040, 0x2040, 0x2040, 0x2040, 0x2840, 0x2840, 0x2840, 0x2840, 0x3040, 0x3040, 0x3040,
  0x3060, 0x3061, 0x3060, 0x3060, 0x3860, 0x3861, 0x3861, 0x3861, 0x3861, 0x4061, 0x4061, 0x4061, 0x3861, 0x3040, 0x3040, 0x3040,
  0x4861, 0x9102, 0xD9A4, 0xF9E4, 0xFA04, 0xFA25, 0xFA25, 0xFA45, 0xFA45, 0xFA45, 0xFA65, 0xFA85, 0xFAC5, 0xFB05, 0xFB25, 0xFB65,
  0xFBA5, 0xFBC5, 0xFBE5, 0xFBE5, 0xFBA5, 0xFB65, 0xFB24, 0xFAE4, 0xFAC4, 0xFAA4, 0xFA84, 0xFA84, 0xFA64, 0xFA44, 0xFA44, 0xFA24,
  0xFA24, 0xFA24, 0xFA04, 0xFA04, 0xFA04, 0xFA04, 0xF204, 0xF1E4, 0xF1E4, 0xF1E4, 0xF1E4, 0xF1E4, 0xF1E4, 0xF1E4, 0xF1E4, 0xF1E4,
  0xF1E4, 0xFA04, 0xFA04, 0xFA24, 0xFA24, 0xF225, 0xD1E4, 0x9964, 0x8144, 0x6103, 0x0000, 0x40C2, 0x5103, 0x4904, 0x40E4, 0x0820,
  0x0000, 0x0000, 0x0000, 0x0000, 0x0000, 0x0000, 0x0000, 0x0800, 0x2080, 0x28C0, 0x28C0, 0x28C1, 0x30C1, 0x30A1, 0x30A1, 0x3901,
  0x4922, 0x4881, 0x4000, 0x6881, 0xAA22, 0xDB43, 0xE2E3, 0xC142, 0x80E1, 0x4860, 0x5081, 0x5860, 0xC983, 0xEA25, 0xEA45, 0xEA45,
  0xC1C4, 0x5081, 0x3861, 0x4060, 0x6103, 0xB228, 0xBA8A, 0xBA8A, 0xBA8A, 0x79A6, 0x1820, 0x38A3, 0x2861, 0x5967, 0x8A4C, 0x8A4D,
  0x8A6D, 0x826C, 0x4946, 0x30A3, 0x38E5, 0x30E4, 0x51CA, 0x624E, 0x628F, 0x62F1, 0x52AF, 0x2926, 0x2947, 0x3147, 0x31A8, 0x3B50,
  0x4414, 0x4475, 0x3CB7, 0x3BF4, 0x41A6, 0x41E7, 0x51E7, 0x7286, 0x43AE, 0x3C33, 0x3476, 0x24FA, 0x1BF6, 0x11AB, 0x122C, 0x122D,
  0x11CB, 0x114A, 0x1128, 0x1189, 0x09CA, 0x09A9, 0x09A9, 0x11A9, 0x0022, 0x8CD4, 0x6BB0, 0x4AAC, 0x52ED, 0x52CC, 0x0000, 0x73AF,
  0xEF5E, 0xEF7F, 0xEF7F, 0x7BF1, 0x0000, 0x0001, 0x0000, 0x0001, 0x0063, 0x0000, 0x8C73, 0xCE9B, 0x94F5, 0x6B6F, 0x39E8, 0x0000,
  0x3A09, 0x424A, 0x3A09, 0x0000, 0x31A8, 0x39E9, 0x31C8, 0x18E4, 0x0000, 0x31C8, 0x5B0E, 0x5AED, 0x5AED, 0x5AED, 0x5AED, 0x5B0D,
  0x2145, 0x2125, 0x31C8, 0x31C8, 0x2125, 0x0000, 0x0020, 0x0000, 0x1082, 0x10C3, 0x10C3, 0x18E4, 0x18E4, 0x18E4, 0x1904, 0x1905,
  0x2105, 0x1905, 0x1905, 0x1905, 0x2105, 0x2105, 0x1905, 0x1905, 0x2105, 0x1905, 0x0000, 0x1083, 0x18C3, 0x18C3, 0x10C3, 0x10A3,
  0x10A3, 0x18C4, 0x0882, 0x0020, 0x0841, 0x0841, 0x0841, 0x0841, 0x0862, 0x0020, 0x00C7, 0x13D5, 0x259D, 0x261F, 0x2E3F, 0x363F,
  0x365F, 0x3E5F, 0x367F, 0x367F, 0x367F, 0x367F, 0x367F, 0x2E5F, 0x2E5F, 0x2E1F, 0x25DF, 0x257F, 0x1D3E, 0x1CFE, 0x14DC, 0x14BB,
  0x149A, 0x147A, 0x1438, 0x13F7, 0x13D6, 0x0B95, 0x0B74, 0x0B33, 0x0B12, 0x0AF2, 0x0AD1, 0x0AB0, 0x0A90, 0x026F, 0x024E, 0x022D,
  0x01EC, 0x01EC, 0x01CB, 0x01AA, 0x018A, 0x0169, 0x0169, 0x0148, 0x0148, 0x0127, 0x0127, 0x0107, 0x0106, 0x00E6, 0x00E5, 0x00C5,
  0x0020, 0x0020, 0x0020, 0x0020, 0x0020, 0x0020, 0x0020, 0x0020, 0x0020, 0x0020, 0x0020, 0x0020, 0x0020, 0x0020, 0x0020, 0x0820,
  0x0820, 0x0820, 0x0820, 0x1020, 0x1020, 0x1020, 0x1820, 0x1820, 0x1820, 0x1820, 0x2020, 0x2020, 0x2041, 0x2841, 0x2840, 0x3040,
  0x2840, 0x0020, 0x3881, 0x9942, 0xE1C3, 0xFA24, 0xFA44, 0xFA45, 0xFA45, 0xFA45, 0xFA45, 0xF245, 0xF284, 0xEAA4, 0xEAE4, 0xEB24,
  0xEB44, 0xEB65, 0xEB85, 0xEB85, 0xEB44, 0xE2E4, 0xDAA4, 0xDA84, 0xDA44, 0xDA23, 0xDA04, 0xDA03, 0xD203, 0xD9E3, 0xD1C3, 0xD1A3,
  0xD1A3, 0xC983, 0xC183, 0xC163, 0xB963, 0xB963, 0xB963, 0xB122, 0xA942, 0xA943, 0xA922, 0xA922, 0xA943, 0xB143, 0xB143, 0xB963,
  0xB963, 0xC983, 0xC9A3, 0xD1C3, 0xE1E4, 0xD1E4, 0x9964, 0x8144, 0x7964, 0x6104, 0x0000, 0x40C2, 0x5103, 0x4903, 0x4104, 0x0000,
  0x90E2, 0xA922, 0x9902, 0x9902, 0x9922, 0xA122, 0x9102, 0x1820, 0x1000, 0x1000, 0x1800, 0x1000, 0x0000, 0x1061, 0x1082, 0x0000,
  0x0000, 0x4081, 0x5101, 0x4860, 0x3800, 0x7101, 0xA182, 0x70A1, 0x4061, 0x5081, 0x3041, 0x9902, 0xD183, 0xD1C4, 0xD9E4, 0xB9A4,
  0x50A1, 0x3861, 0x4081, 0x4081, 0x8985, 0x99C7, 0x9A07, 0xA208, 0x7986, 0x1821, 0x38A2, 0x3082, 0x40E4, 0x71C9, 0x79EA, 0x7A0B,
  0x7A2B, 0x4946, 0x30A2, 0x38E4, 0x30C4, 0x4167, 0x51CA, 0x51EB, 0x5A2C, 0x522C, 0x3126, 0x3125, 0x3146, 0x3166, 0x3A6A, 0x430E,
  0x3B70, 0x43F2, 0x4390, 0x41A6, 0x49C6, 0x2967, 0xABA6, 0xABE8, 0x332C, 0x432D, 0x334F, 0x230F, 0x1969, 0x19CA, 0x11EB, 0x1129,
  0x1B94, 0x1CBA, 0x149A, 0x13F6, 0x0968, 0x09A9, 0x0989, 0x1188, 0x0001, 0x8494, 0x636F, 0x4A8B, 0x4AAC, 0x4AAC, 0x4A8B, 0x0000,
  0x8C93, 0xEF7F, 0xF79F, 0xDEDD, 0x7BF1, 0x7BF0, 0x73AF, 0x738F, 0x6B6E, 0x8431, 0xBE19, 0x8CB4, 0x6B8F, 0x4A6A, 0x0000, 0x31C8,
  0x3A09, 0x3A09, 0x39E9, 0x0000, 0x31A7, 0x39E9, 0x31C8, 0x18E4, 0x0000, 0x2966, 0x4A8B, 0x4A6B, 0x4A6B, 0x4A6B, 0x4A6B, 0x4A6B,
  0x1905, 0x1904, 0x31A7, 0x31A7, 0x1904, 0x0000, 0x0020, 0x0000, 0x1082, 0x10C3, 0x10C3, 0x18C4, 0x18E4, 0x18E4, 0x1904, 0x1904,
  0x2105, 0x1905, 0x1905, 0x1905, 0x1905, 0x1905, 0x1905, 0x1905, 0x1905, 0x1904, 0x0000, 0x0862, 0x1083, 0x1083, 0x1083, 0x1083,
  0x1083, 0x10A3, 0x0862, 0x0020, 0x0041, 0x0041, 0x0041, 0x0041, 0x0041, 0x0000, 0x0106, 0x00C7, 0x098A, 0x1416, 0x25DD, 0x367F,
  0x367F, 0x3E5F, 0x3E7F, 0x367F, 0x367F, 0x369F, 0x369F, 0x2E9F, 0x2E7F, 0x263F, 0x25DF, 0x1D7F, 0x1D3E, 0x1CFD, 0x14BC, 0x149B,
  0x147A, 0x1459, 0x1438, 0x13F7, 0x13D6, 0x13B6, 0x1374, 0x0B33, 0x0B12, 0x0AF2, 0x0AD1, 0x0AB0, 0x0A90, 0x0A6F, 0x0A4E, 0x022D,
  0x01EC, 0x01EB, 0x01CB, 0x01AA, 0x0189, 0x0169, 0x0169, 0x0168, 0x0148, 0x0127, 0x0127, 0x0107, 0x0106, 0x00E6, 0x00E5, 0x00C5,
  0x0020, 0x0020, 0x0020, 0x0820, 0x0820, 0x0820, 0x0820, 0x0820, 0x0820, 0x0821, 0x0821, 0x0820, 0x1020, 0x1020, 0x1020, 0x1020,
  0x1020, 0x1841, 0x1821, 0x1821, 0x1841, 0x1840, 0x2041, 0x2041, 0x2041, 0x2041, 0x2041, 0x2841, 0x2841, 0x2841, 0x2841, 0x2841,
  0x3041, 0x3841, 0x3041, 0x0820, 0x58A1, 0xB983, 0xF204, 0xFA45, 0xFA25, 0xF225, 0xF225, 0xA942, 0x80E1, 0x8102, 0x7902, 0x7922,
  0x7942, 0x7942, 0x7122, 0x7122, 0x6902, 0x60C1, 0x60C2, 0x58A1, 0x5081, 0x68C2, 0x70E2, 0x68E2, 0x68E2, 0x68E2, 0x60C2, 0x4860,
  0x58A2, 0x58A2, 0x58A2, 0x58C2, 0x58C2, 0x58C2, 0x50C2, 0x3020, 0x4881, 0x58C2, 0x58A2, 0x60C2, 0x60C2, 0x60C2, 0x68E2, 0x68E2,
  0x7902, 0x8903, 0x9123, 0x9123, 0x9143, 0x9143, 0x8143, 0x7944, 0x7144, 0x5903, 0x0000, 0x40C2, 0x5103, 0x4903, 0x48E3, 0x0000,
  0xB942, 0xE9A3, 0xD9A3, 0xD9A3, 0xD9A3, 0xD9A3, 0xD1A3, 0x0000, 0xB943, 0xD9C4, 0xD1E4, 0xD1E4, 0xD204, 0xDA04, 0xDCCA, 0xDE2C,
  0xAC69, 0x4000, 0x2800, 0x5102, 0x4881, 0x4041, 0x4041, 0x4061, 0x4861, 0x4061, 0x4061, 0x4861, 0x4861, 0x5061, 0x5881, 0x4861,
  0x3861, 0x4061, 0x3861, 0x3881, 0x3861, 0x3061, 0x3861, 0x3861, 0x2841, 0x3082, 0x3082, 0x3082, 0x30A3, 0x30A2, 0x30A3, 0x30C3,
  0x30C3, 0x30A3, 0x38C3, 0x30C3, 0x30C3, 0x30E4, 0x30E4, 0x3104, 0x3125, 0x3105, 0x3125, 0x3925, 0x3924, 0x3945, 0x3985, 0x3986,
  0x39A6, 0x39E8, 0x41A6, 0x51A5, 0x3925, 0xA366, 0xF507, 0xAB86, 0x31A6, 0x41E6, 0x31A7, 0x2986, 0x2988, 0x19A9, 0x1127, 0x1AF0,
  0x25BE, 0x1E5F, 0x1DFF, 0x12F1, 0x0906, 0x0989, 0x0968, 0x1167, 0x0000, 0x8473, 0x634F, 0x424A, 0x4A8B, 0x4A6B, 0x4A8B, 0x3A09,
  0x0000, 0x94F4, 0xADB8, 0x94D4, 0x8473, 0x8452, 0x7C32, 0x7C12, 0x7C11, 0x8432, 0x73D0, 0x5B2E, 0x4A6A, 0x0000, 0x10C3, 0x1904,
  0x18E4, 0x1904, 0x18E4, 0x0000, 0x2987, 0x3A09, 0x31C8, 0x18C4, 0x0020, 0x0883, 0x2967, 0x2967, 0x2987, 0x2987, 0x2967, 0x2967,
  0x10A3, 0x18E4, 0x2987, 0x2987, 0x10A3, 0x0000, 0x0020, 0x0000, 0x1082, 0x18C3, 0x18C3, 0x18C4, 0x18E4, 0x18E4, 0x18E4, 0x1904,
  0x1905, 0x1905, 0x1905, 0x1905, 0x1905, 0x1905, 0x1905, 0x1905, 0x1905, 0x1904, 0x0000, 0x0862, 0x10A3, 0x1083, 0x1083, 0x1083,
  0x10A3, 0x10A3, 0x0862, 0x0020, 0x0841, 0x0841, 0x0841, 0x0841, 0x0842, 0x0000, 0x00E6, 0x09AA, 0x0189, 0x0086, 0x0A8E, 0x1CB8,
  0x2E3E, 0x3E9F, 0x3E5F, 0x367F, 0x2DDD, 0x2415, 0x1C15, 0x1BF4, 0x1BD3, 0x1393, 0x1352, 0x0B11, 0x0AB0, 0x0A8F, 0x0A6E, 0x0A4E,
  0x0A4E, 0x0A4D, 0x0A2D, 0x0A0C, 0x0A0C, 0x09EB, 0x01CA, 0x01AA, 0x01AA, 0x0189, 0x0169, 0x0148, 0x0148, 0x0127, 0x0127, 0x0106,
  0x00E5, 0x00E5, 0x00E5, 0x00C5, 0x00A4, 0x00A4, 0x00A4, 0x00A4, 0x00A4, 0x0083, 0x0083, 0x0083, 0x0083, 0x0063, 0x0063, 0x0062,
  0x0020, 0x0020, 0x0020, 0x0020, 0x0020, 0x0820, 0x0820, 0x0820, 0x0820, 0x0820, 0x0820, 0x0820, 0x0820, 0x1020, 0x1020, 0x1020,
  0x1020, 0x1020, 0x1821, 0x1821, 0x1840, 0x1840, 0x1841, 0x2041, 0x2041, 0x2041, 0x2041, 0x2041, 0x2841, 0x2841, 0x2841, 0x2841,
  0x2841, 0x3040, 0x3861, 0x4061, 0x3840, 0x1820, 0x70C1, 0xC983, 0xF204, 0xFA25, 0xFA25, 0xB163, 0x2800, 0x4041, 0x3821, 0x3821,
  0x3841, 0x4041, 0x4041, 0x4041, 0x4061, 0x4061, 0x4881, 0x3861, 0x2820, 0x50C2, 0x50C2, 0x50C2, 0x50C2, 0x58C2, 0x48A2, 0x3040,
  0x50A2, 0x50A2, 0x50C2, 0x50C2, 0x58C2, 0x58C2, 0x50C2, 0x2800, 0x48A2, 0x60C2, 0x60C2, 0x60C2, 0x60C2, 0x60E2, 0x68E2, 0x68E2,
  0x70E2, 0x7902, 0x8102, 0x8123, 0x8123, 0x7923, 0x7923, 0x6923, 0x6124, 0x5103, 0x0000, 0x38C2, 0x4903, 0x40E3, 0x40E3, 0x0000,
  0x98E2, 0xC942, 0xB942, 0xB142, 0xB142, 0xB942, 0xA942, 0x0000, 0xC9A3, 0xFA25, 0xF224, 0xF225, 0xF245, 0xF245, 0xF2C5, 0xFD8B,
  0xFF30, 0xE62E, 0x8AC5, 0x1800, 0x4081, 0x4881, 0x4861, 0x4861, 0x4061, 0x4061, 0x4061, 0x4061, 0x4061, 0x4061, 0x4061, 0x4081,
  0x4081, 0x4081, 0x3881, 0x3881, 0x3861, 0x3881, 0x3881, 0x3881, 0x3882, 0x3882, 0x3082, 0x3082, 0x3082, 0x3082, 0x30A2, 0x30A2,
  0x30A3, 0x38C3, 0x38C3, 0x38C3, 0x38E3, 0x38E3, 0x38E4, 0x3904, 0x3904, 0x3924, 0x3924, 0x3924, 0x4144, 0x4144, 0x4143, 0x4143,
  0x4163, 0x4143, 0x51A4, 0x3104, 0x8AC4, 0xF527, 0xFD07, 0xB366, 0x4164, 0x51C5, 0x41A5, 0x3186, 0x3186, 0x2146, 0x224C, 0x2C97,
  0x257C, 0x257D, 0x1331, 0x0800, 0x0989, 0x0947, 0x0147, 0x1147, 0x0000, 0x7C52, 0x5B2E, 0x422A, 0x4A6B, 0x424A, 0x424A, 0x424A,
  0x2966, 0x0000, 0x426B, 0x426B, 0x426B, 0x4A6B, 0x4A8C, 0x4A8C, 0x4A8B, 0x426B, 0x4AAC, 0x424A, 0x0000, 0x0841, 0x0000, 0x0000,
  0x0000, 0x0000, 0x0000, 0x0000, 0x2986, 0x3A09, 0x31C8, 0x18E4, 0x0000, 0x10A3, 0x31C8, 0x31C8, 0x31C8, 0x31C8, 0x31C8, 0x31C8,
  0x2105, 0x0882, 0x2967, 0x2966, 0x0841, 0x0000, 0x0000, 0x0000, 0x1082, 0x10A3, 0x10C3, 0x18C4, 0x18C4, 0x18E4, 0x18E4, 0x1904,
  0x1905, 0x1905, 0x1905, 0x1905, 0x1905, 0x1905, 0x1905, 0x1905, 0x1905, 0x18E4, 0x0000, 0x0862, 0x1083, 0x1083, 0x1083, 0x1083,
  0x10A3, 0x10A3, 0x0862, 0x0000, 0x0020, 0x0021, 0x0021, 0x0020, 0x0041, 0x0000, 0x00E6, 0x098A, 0x018A, 0x09CA, 0x0169, 0x0006,
  0x0AF0, 0x2D9B, 0x3E9F, 0x3E9F, 0x2DDD, 0x0129, 0x0001, 0x0003, 0x0001, 0x0041, 0x0082, 0x00A1, 0x00A1, 0x00C2, 0x00C3, 0x00C3,
  0x00A3, 0x00A3, 0x00C4, 0x00C4, 0x00C4, 0x00A3, 0x00A4, 0x00C4, 0x00A3, 0x0082, 0x0082, 0x0062, 0x0062, 0x0061, 0x0061, 0x0061,
  0x0041, 0x0041, 0x0041, 0x0041, 0x0041, 0x0041, 0x0021, 0x0021, 0x0021, 0x0021, 0x0021, 0x0041, 0x0021, 0x0021, 0x0021, 0x0021,
  0x0020, 0x0020, 0x0020, 0x0020, 0x0020, 0x0820, 0x0820, 0x0820, 0x0820, 0x0820, 0x0820, 0x0820, 0x0820, 0x1020, 0x1020, 0x1020,
  0x1020, 0x1020, 0x1821, 0x1821, 0x1840, 0x1841, 0x1841, 0x2041, 0x2041, 0x2041, 0x2041, 0x2041, 0x2841, 0x2841, 0x2841, 0x2841,
  0x2841, 0x3040, 0x3041, 0x3861, 0x3861, 0x4861, 0x3040, 0x2820, 0x9102, 0xE1C4, 0xFA25, 0xE1E4, 0x6081, 0x4861, 0x4861, 0x4861,
  0x4861, 0x4881, 0x4881, 0x4881, 0x4881, 0x4881, 0x4881, 0x3861, 0x2020, 0x40C2, 0x48C2, 0x48C2, 0x48C2, 0x48C2, 0x40A2, 0x2020,
  0x40A2, 0x48A2, 0x48A2, 0x48A2, 0x48A2, 0x48A2, 0x40A2, 0x1000, 0x4082, 0x50C2, 0x50C2, 0x50C2, 0x58C2, 0x58C2, 0x58C2, 0x60C2,
  0x68E2, 0x68E2, 0x70E2, 0x7102, 0x7103, 0x7103, 0x6903, 0x6103, 0x6124, 0x48E3, 0x0000, 0x38C2, 0x4103, 0x40E3, 0x38E3, 0x0020,
  0x3000, 0x5020, 0x4820, 0x4020, 0x4020, 0x4020, 0x3820, 0x0000, 0xC983, 0xF204, 0xEA04, 0xF225, 0xF225, 0xF245, 0xEA24, 0xE9A3,
  0xF489, 0xFECF, 0xFECF, 0xBC6A, 0x5000, 0x3840, 0x3040, 0x2800, 0x2000, 0x2000, 0x2000, 0x2000, 0x2000, 0x2000, 0x2000, 0x2000,
  0x1800, 0x1800, 0x2000, 0x1800, 0x2020, 0x2020, 0x2020, 0x2020, 0x2020, 0x1820, 0x2020, 0x2020, 0x2020, 0x2841, 0x2841, 0x2861,
  0x2861, 0x2861, 0x3061, 0x3081, 0x3081, 0x30A2, 0x30A2, 0x38E3, 0x4123, 0x4123, 0x4123, 0x4143, 0x4943, 0x4943, 0x4963, 0x4963,
  0x5163, 0x59A3, 0x4143, 0x8243, 0xED06, 0xFDA9, 0xF4C7, 0xBB85, 0x4963, 0x59C4, 0x49A5, 0x3985, 0x3165, 0x2945, 0x220A, 0x228C,
  0x1AAE, 0x124D, 0x08C4, 0x0988, 0x0147, 0x0126, 0x0126, 0x1126, 0x0000, 0x7C32, 0x5B0D, 0x3A09, 0x424A, 0x424A, 0x422A, 0x3A2A,
  0x3A29, 0x2104, 0x0840, 0x18E4, 0x10A2, 0x18C3, 0x18C3, 0x10C3, 0x1082, 0x1082, 0x10C3, 0x0000, 0x0020, 0x0020, 0x0020, 0x0021,
  0x0021, 0x0021, 0x0041, 0x0000, 0x2966, 0x3A09, 0x39E8, 0x1905, 0x0862, 0x1904, 0x632E, 0x632E, 0x5B2E, 0x5B0E, 0x5B0D, 0x632E,
  0x4A6B, 0x0000, 0x2966, 0x2125, 0x0000, 0x0000, 0x0000, 0x0000, 0x0882, 0x10A3, 0x10A3, 0x10C3, 0x18C4, 0x18E4, 0x18E4, 0x18E4,
  0x1904, 0x1905, 0x1905, 0x1905, 0x1904, 0x1904, 0x1904, 0x1904, 0x1905, 0x1905, 0x0020, 0x0841, 0x1083, 0x1082, 0x1083, 0x1083,
  0x1083, 0x1083, 0x0841, 0x0841, 0x10A3, 0x10A3, 0x1083, 0x1083, 0x10A3, 0x0841, 0x00C5, 0x0989, 0x0189, 0x0189, 0x01AA, 0x09CA,
  0x0128, 0x0969, 0x2476, 0x365E, 0x369F, 0x1372, 0x08E6, 0x09CA, 0x01A9, 0x0188, 0x0188, 0x0168, 0x0167, 0x0167, 0x0147, 0x0147,
  0x0147, 0x0127, 0x0127, 0x0127, 0x0127, 0x0126, 0x0106, 0x0106, 0x0106, 0x00E5, 0x00C5, 0x00C4, 0x00C4, 0x00A4, 0x0083, 0x0083,
  0x0083, 0x0083, 0x0063, 0x0062, 0x0062, 0x0062, 0x0042, 0x0042, 0x0042, 0x0042, 0x0041, 0x0041, 0x0041, 0x0041, 0x0041, 0x0041,
};

const uint16_t backgroundBitmap3[10880] __attribute__((section(".text.bitmap_zz"))) = {
  0x0020, 0x0020, 0x0820, 0x0020, 0x0820, 0x0820, 0x0820, 0x0820, 0x0820, 0x0820, 0x0820, 0x0820, 0x0820, 0x1020, 0x1020, 0x1020,
  0x1020, 0x1020, 0x1821, 0x1821, 0x1841, 0x1841, 0x1841, 0x2041, 0x2041, 0x2041, 0x2041, 0x2841, 0x2841, 0x2841, 0x2841, 0x2841,
  0x2841, 0x3041, 0x3041, 0x3841, 0x3861, 0x3861, 0x4061, 0x4861, 0x2820, 0x5881, 0xB163, 0xE1E4, 0xA122, 0x3020, 0x4861, 0x4061,
  0x4061, 0x4861, 0x4061, 0x4861, 0x4881, 0x4081, 0x4082, 0x3861, 0x2020, 0x40C3, 0x48C3, 0x48C2, 0x48C2, 0x48C3, 0x40A2, 0x2820,
  0x40A2, 0x48A2, 0x48A2, 0x48A2, 0x48A2, 0x48A2, 0x40A2, 0x1800, 0x4082, 0x50C2, 0x48A2, 0x48A2, 0x48A2, 0x50A2, 0x50A2, 0x50C2,
  0x58C2, 0x60C2, 0x60E2, 0x68E2, 0x68E3, 0x6903, 0x6103, 0x6103, 0x5924, 0x48E3, 0x0000, 0x38C3, 0x40E3, 0x40E3, 0x38E3, 0x0020,
  0x1800, 0x3020, 0x2820, 0x2820, 0x2020, 0x2020, 0x2000, 0x0000, 0xB942, 0xE1C4, 0xD9C4, 0xD9C4, 0xE1E4, 0xEA04, 0xF224, 0xF244,
  0xE921, 0xEAE5, 0xFDED, 0xFEF0, 0xDCAA, 0xC0A3, 0xC1A5, 0xC184, 0xC1A4, 0xB9A5, 0xB9A5, 0xB9C5, 0xB9C5, 0xB1C5, 0xB1C5, 0xB1C5,
  0xB1A5, 0xA9C5, 0xA9C5, 0xA1C5, 0xA1A5, 0x99A5, 0x91C5, 0x91C5, 0x91C6, 0x89C6, 0x89C6, 0x81C6, 0x81C6, 0x79C6, 0x79E6, 0x79E6,
  0x79E7, 0x7207, 0x7207, 0x7227, 0x6A27, 0x6A27, 0x6A48, 0x59C5, 0x4922, 0x4943, 0x4923, 0x4943, 0x5143, 0x5163, 0x5963, 0x5983,
  0x61A3, 0x4943, 0x7A23, 0xE444, 0xFD68, 0xF589, 0xF4A5, 0xC3A5, 0x5163, 0x61C4, 0x4984, 0x4184, 0x3965, 0x3145, 0x2903, 0x20A2,
  0x1881, 0x10E4, 0x0947, 0x0926, 0x0926, 0x0906, 0x0106, 0x0926, 0x0000, 0x7412, 0x52ED, 0x3A09, 0x422A, 0x3A2A, 0x3A29, 0x3A09,
  0x3A09, 0x2987, 0x0000, 0x1905, 0x2125, 0x2125, 0x2105, 0x2105, 0x2125, 0x2125, 0x10A3, 0x0000, 0x0021, 0x0020, 0x0020, 0x0020,
  0x0020, 0x0020, 0x0021, 0x0000, 0x2145, 0x3A09, 0x39E8, 0x1905, 0x18E4, 0x0000, 0x5B0D, 0x6B8F, 0x6B6F, 0x634F, 0x634E, 0x634E,
  0x5B0D, 0x0021, 0x2146, 0x2105, 0x0000, 0x0020, 0x0000, 0x0000, 0x0882, 0x10A3, 0x10A3, 0x10C3, 0x10C3, 0x18E4, 0x18E4, 0x18E4,
  0x18E4, 0x1905, 0x1905, 0x1905, 0x1904, 0x1904, 0x1904, 0x1904, 0x1904, 0x1905, 0x0020, 0x0841, 0x1082, 0x1082, 0x1083, 0x1083,
  0x1083, 0x1083, 0x0841, 0x0862, 0x18E5, 0x18E4, 0x18E4, 0x18E4, 0x18E4, 0x10A3, 0x0083, 0x0989, 0x0189, 0x0189, 0x01AA, 0x01AA,
  0x09CA, 0x09AA, 0x0046, 0x128E, 0x255A, 0x1477, 0x0005, 0x0189, 0x0168, 0x0167, 0x0147, 0x0147, 0x0147, 0x0147, 0x0126, 0x0126,
  0x0126, 0x0126, 0x0126, 0x0126, 0x0126, 0x0106, 0x0106, 0x0106, 0x00E5, 0x00E5, 0x00C5, 0x00A4, 0x00A4, 0x00A3, 0x0083, 0x0083,
  0x0083, 0x0063, 0x0062, 0x0062, 0x0062, 0x0062, 0x0062, 0x0042, 0x0042, 0x0042, 0x0042, 0x0041, 0x0041, 0x0041, 0x0041, 0x0041,
  0x0020, 0x0020, 0x0820, 0x0020, 0x0820, 0x0820, 0x0820, 0x0820, 0x0820, 0x0820, 0x0820, 0x0820, 0x0820, 0x1020, 0x1021, 0x1020,
  0x1020, 0x1040, 0x1821, 0x1841, 0x1841, 0x1841, 0x1841, 0x2041, 0x2041, 0x2041, 0x2041, 0x2841, 0x2841, 0x2841, 0x2841, 0x2841,
  0x2841, 0x2841, 0x3041, 0x3041, 0x3861, 0x3861, 0x3861, 0x4061, 0x4861, 0x4041, 0x2020, 0x78E2, 0xA123, 0x5061, 0x4861, 0x4861,
  0x4861, 0x4861, 0x4061, 0x4061, 0x3841, 0x3841, 0x3042, 0x0821, 0x0000, 0x2082, 0x2882, 0x2882, 0x2882, 0x2882, 0x1862, 0x0000,
  0x2062, 0x3082, 0x3082, 0x3882, 0x3082, 0x3882, 0x3062, 0x0000, 0x3082, 0x48A2, 0x48A2, 0x50A2, 0x50A2, 0x58C2, 0x58C2, 0x60E2,
  0x70E2, 0x68E2, 0x58E2, 0x60E2, 0x58E3, 0x58E3, 0x5903, 0x5903, 0x5104, 0x48E3, 0x0000, 0x30C2, 0x40E3, 0x38E3, 0x38E3, 0x0020,
  0x7861, 0x98A1, 0x88A1, 0x88A1, 0x88A1, 0x90A1, 0x88A1, 0x1800, 0x1020, 0x2840, 0x3040, 0x3841, 0x4861, 0x5081, 0x9922, 0xD9A3,
  0xEA04, 0xE9A2, 0xE961, 0xF4EA, 0xF58C, 0xE164, 0xE226, 0xE225, 0xE226, 0xE246, 0xDA46, 0xDA46, 0xDA46, 0xDA47, 0xD267, 0xD267,
  0xD247, 0xCA67, 0xCA67, 0xC267, 0xBA47, 0xBA47, 0xB267, 0xB247, 0xAA47, 0xAA47, 0xA247, 0x9A47, 0x9A48, 0x9248, 0x9248, 0x9268,
  0x8A68, 0x8A68, 0x8A89, 0x82A9, 0x82A9, 0x82A9, 0x7A68, 0x5983, 0x5142, 0x5142, 0x5142, 0x5962, 0x5962, 0x5982, 0x6182, 0x69C2,
  0x5122, 0x8263, 0xE465, 0xF4A3, 0xF5AB, 0xF5A9, 0xF4C5, 0xCBC5, 0x5962, 0x61C3, 0x59A3, 0x4984, 0x4164, 0x3144, 0x2924, 0x2925,
  0x2125, 0x1925, 0x1105, 0x0905, 0x0905, 0x08E5, 0x08E5, 0x0905, 0x0000, 0x73F1, 0x52CD, 0x31C8, 0x3A09, 0x3A09, 0x3A09, 0x39E9,
  0x3A09, 0x2966, 0x0000, 0x2966, 0x31A7, 0x2987, 0x2987, 0x2987, 0x2987, 0x3187, 0x1904, 0x0000, 0x0000, 0x0000, 0x0000, 0x0000,
  0x0000, 0x0000, 0x0000, 0x0000, 0x2125, 0x3A09, 0x3A09, 0x2105, 0x2125, 0x0000, 0x2966, 0x424A, 0x422A, 0x424A, 0x422A, 0x422A,
  0x422A, 0x10C3, 0x18C4, 0x10A3, 0x0000, 0x0020, 0x0020, 0x0000, 0x0882, 0x10C3, 0x10A3, 0x10C3, 0x10C3, 0x18C4, 0x18E4, 0x18E4,
  0x18E4, 0x18E4, 0x1905, 0x1905, 0x1904, 0x1904, 0x18E4, 0x18E4, 0x1905, 0x1905, 0x0020, 0x0841, 0x1082, 0x1082, 0x1082, 0x1082,
  0x1082, 0x1083, 0x0841, 0x0862, 0x18E5, 0x18E4, 0x18E4, 0x18E4, 0x18E4, 0x10A3, 0x0083, 0x01A9, 0x018A, 0x0189, 0x018A, 0x09AA,
  0x09AA, 0x09AA, 0x09CA, 0x0127, 0x0108, 0x0AF1, 0x098A, 0x0148, 0x0168, 0x0168, 0x0168, 0x0167, 0x0147, 0x0147, 0x0147, 0x0127,
  0x0127, 0x0127, 0x0127, 0x0127, 0x0127, 0x0127, 0x0106, 0x0106, 0x0106, 0x0126, 0x0105, 0x00A4, 0x00A4, 0x00A3, 0x0083, 0x0083,
  0x0083, 0x0083, 0x0063, 0x0062, 0x0062, 0x0062, 0x0062, 0x0042, 0x0042, 0x0042, 0x0042, 0x0042, 0x0042, 0x0041, 0x0041, 0x0041,
  0x0020, 0x0020, 0x0020, 0x0020, 0x0820, 0x0820, 0x0820, 0x0820, 0x0820, 0x0820, 0x0820, 0x0820, 0x0820, 0x1020, 0x1021, 0x1020,
  0x1040, 0x1041, 0x1841, 0x1841, 0x1841, 0x1841, 0x1841, 0x2041, 0x2041, 0x2041, 0x2841, 0x2841, 0x2841, 0x2841, 0x2841, 0x2841,
  0x2841, 0x2841, 0x3041, 0x3041, 0x3841, 0x3841, 0x3861, 0x3861, 0x4061, 0x4061, 0x4861, 0x3841, 0x4061, 0x4861, 0x4041, 0x4041,
  0x4021, 0x4841, 0x5061, 0x5881, 0x60A1, 0x68E1, 0x7102, 0x7922, 0x7921, 0x9142, 0x9142, 0x9142, 0x9962, 0x9963, 0x9962, 0x9141,
  0x9962, 0x9962, 0x9962, 0xA162, 0xA982, 0xA9A2, 0xB1A2, 0xA981, 0xB1A2, 0xB9A2, 0xB9A2, 0xB9A2, 0xC1C2, 0xC1C3, 0xC1C3, 0xB9A3,
  0xB9A3, 0x7902, 0x50C2, 0x58E2, 0x50E3, 0x50E3, 0x5103, 0x5103, 0x5104, 0x40E3, 0x0000, 0x28C3, 0x38E3, 0x38E3, 0x40E3, 0x0000,
  0xB8E2, 0xF122, 0xE122, 0xE122, 0xE123, 0xE923, 0xE102, 0x4020, 0x0000, 0x1820, 0x0840, 0x0840, 0x0040, 0x0020, 0x0000, 0x3861,
  0xA942, 0xE204, 0xE962, 0xF366, 0xF52A, 0xE0C3, 0xD985, 0xD964, 0xD985, 0xD185, 0xD1A5, 0xD1A5, 0xC9A5, 0xC985, 0xC925, 0xC0A5,
  0xC044, 0xB824, 0xB865, 0xB044, 0xA824, 0xA865, 0xA0E5, 0xA166, 0xA1A6, 0x99C6, 0x99C7, 0x91E7, 0x91E7, 0x89E7, 0x8A07, 0x8A28,
  0x8228, 0x8228, 0x8228, 0x8248, 0x8269, 0x82A8, 0x71E4, 0x6982, 0x6162, 0x6162, 0x6162, 0x6182, 0x6182, 0x69A2, 0x69A2, 0x50E2,
  0x9AE3, 0xECA5, 0xF505, 0xF4E6, 0xFE6F, 0xF567, 0xF506, 0xCBC5, 0x6162, 0x69C3, 0x61A3, 0x5183, 0x4964, 0x3944, 0x3124, 0x2904,
  0x2104, 0x20E4, 0x10E4, 0x08E4, 0x08E4, 0x08E4, 0x08C4, 0x10E4, 0x0000, 0x7411, 0x52CC, 0x31C8, 0x3A09, 0x39E9, 0x39E9, 0x31E8,
  0x39E9, 0x2966, 0x0000, 0x2145, 0x2987, 0x2987, 0x2987, 0x2987, 0x2966, 0x2966, 0x10C3, 0x0000, 0x10A3, 0x10A3, 0x10A3, 0x10A3,
  0x10A3, 0x10A3, 0x10C3, 0x0020, 0x2105, 0x3A09, 0x4229, 0x1904, 0x0862, 0x0841, 0x0000, 0x0842, 0x0862, 0x0862, 0x0041, 0x0862,
  0x0882, 0x0861, 0x0000, 0x0000, 0x0020, 0x0020, 0x0020, 0x0000, 0x0882, 0x10A3, 0x10A3, 0x10C3, 0x10C4, 0x10C4, 0x18E4, 0x18E4,
  0x18E4, 0x1904, 0x1905, 0x1905, 0x1905, 0x1905, 0x1905, 0x1905, 0x1905, 0x1905, 0x0020, 0x0041, 0x1082, 0x1082, 0x1082, 0x1082,
  0x1082, 0x1082, 0x0841, 0x0021, 0x1083, 0x1083, 0x1083, 0x10A3, 0x10A3, 0x0882, 0x0000, 0x0107, 0x0189, 0x09AA, 0x09AA, 0x09AA,
  0x09AA, 0x09AA, 0x09AA, 0x09AA, 0x09A9, 0x0127, 0x0969, 0x0968, 0x0168, 0x0168, 0x0168, 0x0168, 0x0168, 0x0168, 0x0148, 0x0148,
  0x0148, 0x0147, 0x0147, 0x0147, 0x0127, 0x0127, 0x0127, 0x0147, 0x0147, 0x0000, 0x0000, 0x00E5, 0x00A4, 0x00A4, 0x0083, 0x0083,
  0x0083, 0x0083, 0x0063, 0x0063, 0x0063, 0x0062, 0x0062, 0x0062, 0x0062, 0x0062, 0x0062, 0x0062, 0x0042, 0x0042, 0x0042, 0x0041,
  0x0020, 0x0020, 0x0020, 0x0020, 0x0020, 0x0820, 0x0820, 0x0820, 0x0820, 0x0820, 0x0820, 0x0820, 0x0820, 0x1020, 0x1021, 0x1020,
  0x1040, 0x1021, 0x1821, 0x1841, 0x1841, 0x1841, 0x1841, 0x2041, 0x2041, 0x2841, 0x2841, 0x2841, 0x2841, 0x2841, 0x2841, 0x2841,
  0x2841, 0x2841, 0x3041, 0x3041, 0x3841, 0x3841, 0x3841, 0x3841, 0x3841, 0x3841, 0x4061, 0x4881, 0x5081, 0x58A1, 0x68E1, 0x7901,
  0x9162, 0xA9A2, 0xBA02, 0xCA43, 0xDA63, 0xE283, 0xEAA3, 0xEAA3, 0xF283, 0xF283, 0xF283, 0xF283, 0xF2A3, 0xFAA3, 0xFAA3, 0xF282,
  0xEA62, 0xE222, 0xDA02, 0xDA22, 0xDA23, 0xE243, 0xE243, 0xDA02, 0xDA02, 0xD203, 0xD1E2, 0xD1E2, 0xD1E3, 0xD1E3, 0xC9E3, 0xC9C3,
  0xB183, 0x50C2, 0x50C2, 0x50E2, 0x48E3, 0x48E3, 0x4903, 0x4903, 0x4904, 0x38E3, 0x0000, 0x28C3, 0x30E3, 0x30E3, 0x38E3, 0x0020,
  0x7881, 0xA0A2, 0x98A2, 0x98A2, 0x98A2, 0xA0A2, 0x9882, 0x2800, 0x0020, 0x1820, 0x1840, 0x1840, 0x1840, 0x2040, 0x2840, 0x1820,
  0x0020, 0x7922, 0xC962, 0xEB86, 0xF4C8, 0xEB46, 0xEB66, 0xE386, 0xEBA7, 0xE3A7, 0xE3A7, 0xE3A7, 0xE3C7, 0xE408, 0xE4A9, 0xDCEA,
  0xDD0B, 0xE52B, 0xE54C, 0xDD4C, 0xDD4C, 0xD52B, 0xCCEA, 0xC469, 0xC3E8, 0xBBA8, 0xB347, 0xAB27, 0xAB27, 0xAB27, 0xAB27, 0xA327,
  0xA327, 0x9B47, 0xA387, 0xA3A7, 0xA3A7, 0x9285, 0x81A2, 0x7963, 0x79A2, 0x7182, 0x6982, 0x6982, 0x71C2, 0x6162, 0x6142, 0xBBC4,
  0xF525, 0xF546, 0xF503, 0xFDCC, 0xFEB0, 0xF522, 0xF527, 0xCBE5, 0x6142, 0x71E3, 0x61A3, 0x5983, 0x4963, 0x4143, 0x3923, 0x3103,
  0x28E3, 0x20E3, 0x18C3, 0x10C4, 0x08A3, 0x0021, 0x0062, 0x08A3, 0x0000, 0x73F1, 0x4AAC, 0x31A7, 0x39E8, 0x31E8, 0x31E8, 0x31C8,
  0x31E8, 0x2966, 0x0000, 0x3A29, 0x39E8, 0x2967, 0x3187, 0x2966, 0x2946, 0x39C8, 0x39C8, 0x0000, 0x18E4, 0x2105, 0x18E4, 0x18E4,
  0x18E4, 0x18E4, 0x2105, 0x1082, 0x18E4, 0x422A, 0x424A, 0x2946, 0x0000, 0x0020, 0x0020, 0x0020, 0x0000, 0x0862, 0x18C3, 0x0000,
  0x0000, 0x0000, 0x0000, 0x0000, 0x0020, 0x0020, 0x0020, 0x0000, 0x0862, 0x10A3, 0x10A3, 0x10C3, 0x10C4, 0x10C4, 0x18E4, 0x18E4,
  0x18E4, 0x1904, 0x1905, 0x1905, 0x1905, 0x1905, 0x1905, 0x1905, 0x1905, 0x1905, 0x0020, 0x0041, 0x1082, 0x0882, 0x1082, 0x1082,
  0x1082, 0x1082, 0x0861, 0x0000, 0x0000, 0x0000, 0x0000, 0x0000, 0x0062, 0x0000, 0x026D, 0x0AD0, 0x016A, 0x0108, 0x00E6, 0x0127,
  0x0968, 0x0989, 0x09AA, 0x09AA, 0x09AA, 0x0989, 0x0969, 0x0168, 0x0168, 0x0168, 0x0168, 0x0168, 0x0168, 0x0168, 0x0168, 0x0148,
  0x0148, 0x0148, 0x0148, 0x0148, 0x0148, 0x0148, 0x0988, 0x0084, 0x0000, 0x1435, 0x1435, 0x0000, 0x0105, 0x00A4, 0x00A4, 0x0083,
  0x0083, 0x0083, 0x0083, 0x0083, 0x0083, 0x0063, 0x0063, 0x0062, 0x0062, 0x0062, 0x0062, 0x0062, 0x0062, 0x0042, 0x0042, 0x0042,
  0x0820, 0x0820, 0x0820, 0x0821, 0x0821, 0x0821, 0x0821, 0x0841, 0x0841, 0x1041, 0x1041, 0x1021, 0x1040, 0x1041, 0x1041, 0x1841,
  0x1841, 0x1841, 0x1841, 0x2041, 0x2041, 0x2041, 0x2041, 0x2041, 0x2841, 0x2841, 0x2841, 0x2841, 0x2841, 0x2841, 0x2841, 0x2841,
  0x2841, 0x2841, 0x3041, 0x3041, 0x3041, 0x3841, 0x4061, 0x4881, 0x50A1, 0x60C1, 0x70E1, 0x7901, 0x8101, 0x8921, 0x9962, 0xA182,
  0xB1C2, 0xBA02, 0xCA42, 0xDA63, 0xE283, 0xEAA3, 0xF2A3, 0xF2A3, 0xFA83, 0xFA83, 0xFA83, 0xFA83, 0xF2A3, 0xF2A3, 0xF283, 0xE242,
  0xD222, 0xCA02, 0xC1E2, 0xC1E3, 0xCA03, 0xCA03, 0xCA02, 0xC9C2, 0xC9C2, 0xC1C2, 0xC1C2, 0xC1C3, 0xC1C3, 0xC1E3, 0xC1C3, 0xC1C3,
  0x9163, 0x38C2, 0x48E2, 0x48E3, 0x48E3, 0x40E3, 0x40E3, 0x4103, 0x4104, 0x38E3, 0x0000, 0x28A3, 0x30E3, 0x30E3, 0x30E3, 0x0020,
  0x5841, 0x7861, 0x7861, 0x7861, 0x7861, 0x7861, 0x7061, 0x1800, 0x0020, 0x1041, 0x1040, 0x1040, 0x1040, 0x1040, 0x1840, 0x2040,
  0x2840, 0x0020, 0x3041, 0x9223, 0xAB25, 0xAB25, 0xAB66, 0xAB86, 0xB3A6, 0xB386, 0xB386, 0xBB86, 0xBBC7, 0xC448, 0xC50A, 0xC54A,
  0xC56B, 0xC58B, 0xC58C, 0xC58C, 0xCDAC, 0xC58C, 0xC54B, 0xBCA9, 0xB3E7, 0xAB86, 0xA325, 0xA2E5, 0xA2E5, 0xA305, 0x9B05, 0x9B04,
  0x9B24, 0xA364, 0xABC5, 0xB425, 0xABA4, 0xA203, 0xAA63, 0xC3A4, 0xAB23, 0x7161, 0x71C2, 0x7182, 0x60C1, 0x8242, 0xD4A4, 0xFD86,
  0xF565, 0xF566, 0xFD40, 0xFEF2, 0xFE4D, 0xF503, 0xF507, 0xCBC5, 0x6942, 0x71C2, 0x69A3, 0x5983, 0x5163, 0x4123, 0x3923, 0x3103,
  0x28E3, 0x20C3, 0x18E3, 0x0862, 0x0862, 0x3187, 0x39C8, 0x2987, 0x0000, 0x6BB0, 0x4A8B, 0x2987, 0x31C8, 0x31C8, 0x31C8, 0x31C8,
  0x31C8, 0x2966, 0x0000, 0x424A, 0x52ED, 0x2146, 0x2987, 0x39E8, 0x4A8B, 0x5B0D, 0x4A8B, 0x0000, 0x18C3, 0x2105, 0x18E4, 0x18E4,
  0x18E4, 0x18E4, 0x2104, 0x10A3, 0x10A3, 0x422A, 0x4A6B, 0x31A7, 0x0000, 0x0041, 0x0020, 0x0021, 0x0000, 0x1925, 0x31E8, 0x0000,
  0x0021, 0x0020, 0x0020, 0x0020, 0x0020, 0x0000, 0x0020, 0x0000, 0x0862, 0x10A3, 0x10A3, 0x10C3, 0x10C4, 0x10C4, 0x18E4, 0x18E4,
  0x18E4, 0x18E4, 0x1905, 0x1905, 0x1905, 0x1905, 0x1905, 0x1905, 0x2105, 0x18E4, 0x0000, 0x0841, 0x1082, 0x1082, 0x1082, 0x1082,
  0x1082, 0x1082, 0x0861, 0x0000, 0x0021, 0x0021, 0x0021, 0x0020, 0x00C4, 0x0000, 0x03F5, 0x0DFF, 0x151D, 0x147A, 0x13B6, 0x0AF2,
  0x0A6F, 0x09CB, 0x0969, 0x0927, 0x0947, 0x0968, 0x0969, 0x0969, 0x0169, 0x0168, 0x0168, 0x0168, 0x0168, 0x0168, 0x0968, 0x0968,
  0x0968, 0x0169, 0x0169, 0x0169, 0x0989, 0x0968, 0x0003, 0x126D, 0x2D39, 0x269F, 0x1415, 0x0000, 0x0126, 0x00A4, 0x00A4, 0x00A4,
  0x00A4, 0x0084, 0x0083, 0x0083, 0x0083, 0x0083, 0x0083, 0x0083, 0x0063, 0x0063, 0x0063, 0x0062, 0x0062, 0x0062, 0x0062, 0x0042,
  0x1041, 0x1061, 0x1061, 0x1061, 0x1061, 0x1061, 0x1061, 0x1861, 0x1861, 0x1861, 0x1861, 0x1861, 0x2061, 0x2061, 0x2081, 0x2081,
  0x2881, 0x2881, 0x3081, 0x3081, 0x30A1, 0x38A1, 0x38A1, 0x38A1, 0x40A1, 0x40A1, 0x40C2, 0x3061, 0x2821, 0x2841, 0x2841, 0x2841,
  0x2841, 0x2841, 0x3041, 0x3861, 0x4081, 0x48A1, 0x50A1, 0x60C1, 0x68E1, 0x70E1, 0x7901, 0x7901, 0x8101, 0x8921, 0x9141, 0x9961,
  0xA9A1, 0xB9E2, 0xCA22, 0xD242, 0xDA63, 0xE283, 0xDA63, 0xD202, 0xC9C2, 0xC9C2, 0xB9A2, 0xB1A2, 0xA182, 0x9963, 0x9122, 0x58A0,
  0x6902, 0x6902, 0x6902, 0x6902, 0x6902, 0x6902, 0x6902, 0x5080, 0x6902, 0x7122, 0x7102, 0x7123, 0x7123, 0x7123, 0x7123, 0x7123,
  0x5903, 0x40C3, 0x40C3, 0x40C3, 0x40E3, 0x40E3, 0x40E3, 0x38E3, 0x4104, 0x30E3, 0x0000, 0x20A3, 0x28E3, 0x28C3, 0x28C3, 0x0020,
  0x5841, 0x7882, 0x7081, 0x6861, 0x6061, 0x5041, 0x4820, 0x1000, 0x0820, 0x1041, 0x1021, 0x1041, 0x1041, 0x1040, 0x1040, 0x1040,
  0x1840, 0x2040, 0x1820, 0x0000, 0x0000, 0x0000, 0x0000, 0x0000, 0x0000, 0x0000, 0x0000, 0x0000, 0x0800, 0x1000, 0x0000, 0x0000,
  0x0000, 0x0000, 0x0000, 0x0000, 0x0000, 0x0000, 0x1800, 0x2800, 0x3000, 0x3800, 0x3800, 0x3801, 0x4001, 0x4001, 0x4821, 0x5061,
  0x50A2, 0x50C2, 0x6922, 0x91E2, 0xBA63, 0xD384, 0xE505, 0xDD25, 0x8242, 0x6941, 0x5881, 0x6961, 0xABA3, 0xED65, 0xFDC6, 0xF5A6,
  0xFDA6, 0xFD60, 0xFE8E, 0xFF75, 0xFDC6, 0xF526, 0xF506, 0xBB84, 0x6942, 0x71C2, 0x69A2, 0x5963, 0x5123, 0x5163, 0x3903, 0x3103,
  0x28E3, 0x20E3, 0x1061, 0x10A3, 0x39C8, 0x4209, 0x4209, 0x31A7, 0x0000, 0x6B8F, 0x4A6A, 0x2967, 0x31A8, 0x31A8, 0x31A8, 0x31A8,
  0x31C8, 0x2966, 0x0000, 0x3A09, 0x636F, 0x52AB, 0x52AB, 0x5B0D, 0x632E, 0x632E, 0x52CC, 0x0000, 0x0882, 0x10A3, 0x10A3, 0x1083,
  0x10A3, 0x10A3, 0x10A3, 0x1062, 0x0861, 0x424A, 0x4A8B, 0x39E8, 0x0000, 0x0041, 0x0020, 0x0021, 0x0000, 0x2125, 0x31A7, 0x0000,
  0x0021, 0x0020, 0x0020, 0x0020, 0x0000, 0x0000, 0x0020, 0x0000, 0x0862, 0x10A3, 0x10A3, 0x10A3, 0x10C3, 0x10C4, 0x10E4, 0x18E4,
  0x18E4, 0x18E4, 0x18E4, 0x1905, 0x1905, 0x1905, 0x1905, 0x1905, 0x1905, 0x18C4, 0x0000, 0x0841, 0x1082, 0x1082, 0x1082, 0x1082,
  0x1082, 0x1082, 0x0861, 0x0020, 0x0041, 0x0041, 0x0041, 0x0021, 0x0083, 0x0000, 0x026E, 0x0C9A, 0x14FB, 0x151D, 0x14FD, 0x14BC,
  0x0C5A, 0x0BF8, 0x0B96, 0x0B13, 0x0A6F, 0x09CB, 0x0148, 0x0127, 0x0127, 0x0148, 0x0148, 0x0168, 0x0168, 0x0168, 0x0968, 0x0168,
  0x0169, 0x0169, 0x09AA, 0x0989, 0x0006, 0x0128, 0x2454, 0x363E, 0x3EDF, 0x2E5E, 0x09CB, 0x00A4, 0x0126, 0x00E5, 0x00E5, 0x00E5,
  0x00C5, 0x00C5, 0x00C5, 0x00C4, 0x00C4, 0x00C4, 0x00A4, 0x00A4, 0x00A4, 0x00A4, 0x00A3, 0x0083, 0x0083, 0x0083, 0x0063, 0x0062,
  0x0820, 0x0820, 0x0820, 0x0820, 0x0841, 0x0841, 0x1041, 0x1041, 0x1041, 0x1041, 0x1841, 0x1861, 0x1861, 0x1861, 0x2061, 0x2061,
  0x2881, 0x2881, 0x2881, 0x3081, 0x3081, 0x30A1, 0x38A1, 0x38A1, 0x40A1, 0x40C1, 0x40C1, 0x3061, 0x2021, 0x2841, 0x2841, 0x2841,
  0x3041, 0x3061, 0x3881, 0x4081, 0x4881, 0x50A1, 0x50A1, 0x58C1, 0x60C1, 0x68E1, 0x70E1, 0x7901, 0x8101, 0x8921, 0x8921, 0x9141,
  0x9961, 0x9961, 0x9161, 0x8941, 0x8121, 0x70E1, 0x68A1, 0x4820, 0x0000, 0x50A3, 0x50A3, 0x50A3, 0x50A3, 0x58C3, 0x48C3, 0x0000,
  0x38C2, 0x40C3, 0x40C3, 0x40C3, 0x40C3, 0x40E3, 0x38C3, 0x0000, 0x28A2, 0x48E3, 0x40E3, 0x40E3, 0x40E3, 0x40E3, 0x40E2, 0x38C2,
  0x40E3, 0x40E3, 0x38C3, 0x38C3, 0x38C3, 0x38E3, 0x38E3, 0x38E3, 0x3904, 0x30E3, 0x0000, 0x20A3, 0x28C3, 0x28C3, 0x28E4, 0x0020,
  0x2800, 0x2820, 0x0800, 0x0000, 0x0000, 0x0000, 0x0000, 0x0820, 0x0820, 0x0820, 0x1041, 0x0821, 0x0821, 0x0821, 0x0841, 0x1041,
  0x1041, 0x1041, 0x1841, 0x2061, 0x2881, 0x28A1, 0x28A1, 0x28A1, 0x30C1, 0x30C1, 0x30C1, 0x38C1, 0x30C1, 0x30A1, 0x30E1, 0x3902,
  0x3902, 0x3922, 0x4122, 0x4122, 0x4122, 0x4122, 0x4122, 0x4102, 0x40E1, 0x40E1, 0x40E1, 0x40E1, 0x48E1, 0x48E1, 0x5101, 0x5922,
  0x6142, 0x81C2, 0xB283, 0xD363, 0xE484, 0xED65, 0xF606, 0xAC04, 0x4801, 0x71C2, 0xABC3, 0xE525, 0xFDE6, 0xFDE6, 0xFDC6, 0xFDC7,
  0xFDA2, 0xFE6C, 0xFF96, 0xFF12, 0xFDA2, 0xF527, 0xF4E6, 0xB344, 0x6162, 0x71E2, 0x6182, 0x4923, 0xA2C4, 0x8203, 0x38E2, 0x3902,
  0x28E3, 0x1061, 0x2104, 0x4A08, 0x4209, 0x41E8, 0x39E9, 0x31A7, 0x0000, 0x636F, 0x424A, 0x2966, 0x31A7, 0x29A7, 0x2987, 0x2987,
  0x31A7, 0x2146, 0x0000, 0x31A7, 0x634F, 0x634E, 0x632E, 0x5B2E, 0x5B0E, 0x632E, 0x5B0D, 0x18E4, 0x0000, 0x0021, 0x0020, 0x0000,
  0x0000, 0x0000, 0x0020, 0x0000, 0x0021, 0x422A, 0x4A8B, 0x4209, 0x0000, 0x0021, 0x0020, 0x0021, 0x0000, 0x2146, 0x31A7, 0x0000,
  0x0020, 0x0020, 0x0000, 0x0000, 0x0000, 0x0020, 0x0020, 0x0000, 0x1082, 0x10A3, 0x10A3, 0x10A3, 0x10C4, 0x10C4, 0x18E4, 0x18E4,
  0x18E4, 0x18E4, 0x18E4, 0x1904, 0x1905, 0x1905, 0x1905, 0x1905, 0x18E4, 0x10A3, 0x0000, 0x0841, 0x1082, 0x1082, 0x1082, 0x1082,
  0x1082, 0x1082, 0x0862, 0x0000, 0x0000, 0x0000, 0x0000, 0x0000, 0x0000, 0x0000, 0x0000, 0x0003, 0x0128, 0x0A0D, 0x0AD1, 0x0B34,
  0x0B96, 0x0BD8, 0x0C19, 0x0C3A, 0x0C18, 0x0B96, 0x0B13, 0x0A90, 0x0A0D, 0x018A, 0x0148, 0x0127, 0x0148, 0x0948, 0x0968, 0x0989,
  0x09AA, 0x09AA, 0x0026, 0x00E8, 0x23B2, 0x35BB, 0x469F, 0x469F, 0x46DF, 0x2D5A, 0x0000, 0x0927, 0x00A5, 0x0084, 0x0043, 0x0003,
  0x0002, 0x0002, 0x0002, 0x0001, 0x0001, 0x0000, 0x0000, 0x0000, 0x0000, 0x0000, 0x0000, 0x0000, 0x0000, 0x0000, 0x0000, 0x0000,
  0x0020, 0x0020, 0x0020, 0x0020, 0x0020, 0x0020, 0x0820, 0x0820, 0x0820, 0x0820, 0x0820, 0x0820, 0x0820, 0x1020, 0x1020, 0x1020,
  0x1020, 0x1020, 0x1820, 0x1820, 0x1820, 0x1820, 0x1820, 0x2020, 0x2020, 0x2020, 0x2020, 0x2040, 0x2040, 0x2840, 0x2841, 0x3061,
  0x3061, 0x3861, 0x3861, 0x4081, 0x4881, 0x48A1, 0x50A1, 0x58A1, 0x60C1, 0x68E1, 0x70E1, 0x7101, 0x70E1, 0x68C1, 0x58A1, 0x5081,
  0x4060, 0x3820, 0x3000, 0x3000, 0x3020, 0x3820, 0x4041, 0x3840, 0x0800, 0x48E3, 0x50E3, 0x50E3, 0x50E3, 0x5103, 0x48C3, 0x0000,
  0x38C2, 0x40E3, 0x40E3, 0x40E3, 0x40E3, 0x40E3, 0x38C3, 0x0000, 0x30A2, 0x48E3, 0x48E3, 0x48E3, 0x48E3, 0x40E3, 0x40E3, 0x40E3,
  0x40E3, 0x40E3, 0x38C3, 0x38C3, 0x30C3, 0x30C3, 0x30E3, 0x30E3, 0x30E3, 0x28C3, 0x0000, 0x18A3, 0x20C4, 0x20C3, 0x20E4, 0x0821,
  0x0000, 0x0000, 0x0820, 0x1020, 0x1020, 0x1020, 0x1020, 0x0820, 0x2082, 0x2082, 0x0020, 0x0841, 0x0821, 0x0821, 0x0821, 0x0821,
  0x0841, 0x1041, 0x1041, 0x1041, 0x1041, 0x1041, 0x1841, 0x1841, 0x2061, 0x2061, 0x1800, 0x1000, 0x30C1, 0x4943, 0x5163, 0x5143,
  0x40E2, 0x38A1, 0x30A1, 0x30A1, 0x30A1, 0x38A1, 0x38A1, 0x38A1, 0x38A1, 0x38A1, 0x40A1, 0x40C1, 0x48C1, 0x50E1, 0x58E1, 0x6941,
  0x9A02, 0xBA82, 0xD363, 0xE4E5, 0xEDA6, 0xF5C6, 0xE585, 0x9303, 0xB404, 0xED85, 0xFE06, 0xFE26, 0xFE06, 0xFE07, 0xFE07, 0xFDE4,
  0xFEAE, 0xFF95, 0xFF97, 0xFEAE, 0xFD84, 0xF526, 0xECC5, 0x9AA3, 0x69A2, 0x6162, 0x6182, 0xB3C5, 0xCB85, 0x81E3, 0x3902, 0x4102,
  0x2081, 0x28E3, 0x5248, 0x5249, 0x4208, 0x41E8, 0x41E8, 0x31A7, 0x0000, 0x636E, 0x424A, 0x2146, 0x2987, 0x2987, 0x2987, 0x2987,
  0x2987, 0x2125, 0x0000, 0x2125, 0x632E, 0x632E, 0x632E, 0x632E, 0x632E, 0x632E, 0x634E, 0x31A7, 0x0000, 0x0861, 0x0841, 0x0841,
  0x0041, 0x0021, 0x0021, 0x0841, 0x0000, 0x3A09, 0x4A8B, 0x424A, 0x0861, 0x0000, 0x0020, 0x0021, 0x0000, 0x2966, 0x2966, 0x0000,
  0x0021, 0x0020, 0x0020, 0x0000, 0x0020, 0x0020, 0x0020, 0x0000, 0x10A3, 0x18C3, 0x10A3, 0x10C4, 0x10C4, 0x18C4, 0x18E4, 0x18E4,
  0x18E4, 0x18E4, 0x18E4, 0x18E4, 0x1905, 0x1905, 0x1905, 0x1905, 0x18C4, 0x10A3, 0x0000, 0x0841, 0x1082, 0x1082, 0x1082, 0x1082,
  0x1082, 0x10A3, 0x0841, 0x0862, 0x2125, 0x2125, 0x2125, 0x2105, 0x2145, 0x18E4, 0x0084, 0x0169, 0x0148, 0x0127, 0x00E6, 0x00E6,
  0x0107, 0x016A, 0x020D, 0x0A90, 0x0AF2, 0x0B34, 0x0B54, 0x1355, 0x1334, 0x0AF2, 0x0A4E, 0x09CB, 0x0169, 0x0168, 0x0989, 0x0989,
  0x0006, 0x00A7, 0x1BB2, 0x35BB, 0x469F, 0x469F, 0x4E7F, 0x4E9F, 0x4EDF, 0x2456, 0x0148, 0x0A2B, 0x0A0A, 0x0A2B, 0x0A2B, 0x0A4B,
  0x0A4B, 0x0A4B, 0x0A2B, 0x0A0B, 0x0A0B, 0x09EB, 0x09EB, 0x09EB, 0x09EB, 0x09CA, 0x09AA, 0x0189, 0x0168, 0x0168, 0x0147, 0x0126,
  0x0020, 0x0020, 0x0020, 0x0820, 0x0820, 0x0820, 0x0820, 0x0820, 0x0820, 0x0820, 0x0820, 0x0820, 0x1020, 0x1020, 0x1020, 0x1020,
  0x1020, 0x1020, 0x1820, 0x1820, 0x1820, 0x1820, 0x1820, 0x1820, 0x2020, 0x2020, 0x2020, 0x2040, 0x2040, 0x2841, 0x2841, 0x2861,
  0x3061, 0x3861, 0x3861, 0x4081, 0x4081, 0x48A1, 0x50A1, 0x50A1, 0x58C1, 0x58C1, 0x50A1, 0x4881, 0x3041, 0x2820, 0x2820, 0x3020,
  0x3840, 0x3840, 0x4061, 0x4061, 0x4061, 0x4061, 0x4061, 0x3020, 0x0000, 0x38E3, 0x40E3, 0x38E3, 0x38E3, 0x40E4, 0x30C3, 0x0000,
  0x30A2, 0x38E3, 0x38E3, 0x38E3, 0x38E3, 0x38E3, 0x30C3, 0x0000, 0x3924, 0x4104, 0x38E3, 0x40E3, 0x40E3, 0x38E3, 0x38C3, 0x38E3,
  0x38E3, 0x38C3, 0x38C3, 0x30C3, 0x30C3, 0x30C3, 0x30C3, 0x30C3, 0x30E3, 0x28C3, 0x0000, 0x18A3, 0x20C4, 0x20C3, 0x20C4, 0x0821,
  0x0800, 0x1020, 0x1020, 0x0820, 0x0820, 0x0820, 0x0820, 0x0020, 0x28C3, 0x3924, 0x1882, 0x0000, 0x0841, 0x0821, 0x0821, 0x0821,
  0x0841, 0x0841, 0x0841, 0x0841, 0x1041, 0x1041, 0x1041, 0x1841, 0x1020, 0x1000, 0x4143, 0x7246, 0x82A7, 0x7A86, 0x6A04, 0x5183,
  0x4102, 0x2861, 0x1800, 0x2000, 0x2020, 0x2841, 0x3061, 0x3081, 0x3881, 0x38A1, 0x40C1, 0x48C1, 0x50E1, 0x5901, 0x7121, 0xA222,
  0xC2A3, 0xD363, 0xE4C4, 0xF5A6, 0xF5C6, 0xF5E6, 0xEDC6, 0xEDA6, 0xFE26, 0xFE26, 0xFE06, 0xFE27, 0xFE27, 0xFE25, 0xFE47, 0xFF11,
  0xFF96, 0xFF96, 0xFF96, 0xFE4A, 0xF565, 0xED06, 0xDC65, 0x7A02, 0x50E2, 0x7A43, 0xCC85, 0xDCA6, 0xC2E4, 0x79C3, 0x4102, 0x3902,
  0x2060, 0x51E7, 0x5A49, 0x5228, 0x4A08, 0x41E8, 0x39E8, 0x3187, 0x0000, 0x636E, 0x422A, 0x2126, 0x2967, 0x2967, 0x2967, 0x2967,
  0x2987, 0x2125, 0x0000, 0x0882, 0x5AED, 0x632E, 0x5B2E, 0x632E, 0x632E, 0x5B2E, 0x634E, 0x3A09, 0x0000, 0x0862, 0x0000, 0x0000,
  0x0000, 0x0000, 0x0000, 0x0000, 0x0000, 0x31A7, 0x4A6B, 0x424A, 0x18C3, 0x0000, 0x0021, 0x0020, 0x0000, 0x2966, 0x2146, 0x0000,
  0x0021, 0x0020, 0x0000, 0x0000, 0x0000, 0x0020, 0x0020, 0x0000, 0x18C4, 0x18C4, 0x10A3, 0x18C4, 0x18C4, 0x18C4, 0x18E4, 0x18E4,
  0x18E4, 0x18E4, 0x18E4, 0x18E4, 0x18E4, 0x1904, 0x1905, 0x18C4, 0x10A3, 0x10A3, 0x0000, 0x0841, 0x1082, 0x1082, 0x1082, 0x1082,
  0x0882, 0x10A3, 0x0020, 0x18C4, 0x39E9, 0x31C8, 0x31C8, 0x31C8, 0x39E9, 0x2966, 0x0002, 0x0127, 0x0148, 0x0148, 0x0168, 0x0169,
  0x0148, 0x0127, 0x00E6, 0x00A4, 0x00C4, 0x0127, 0x01AA, 0x0A2D, 0x0A90, 0x0A90, 0x0A6F, 0x0A2E, 0x09EC, 0x0948, 0x0003, 0x0949,
  0x23B2, 0x359A, 0x469F, 0x46BF, 0x4E7F, 0x4E7F, 0x4E9F, 0x4E9F, 0x4E9F, 0x3E3D, 0x35DC, 0x35DC, 0x2DDC, 0x2DDC, 0x2DDC, 0x2DDD,
  0x2DDD, 0x25BD, 0x257D, 0x253D, 0x251D, 0x24FC, 0x24DC, 0x1C9B, 0x1C7A, 0x1C59, 0x1C18, 0x13B6, 0x1375, 0x1333, 0x0AF2, 0x0A90,
  0x0020, 0x0020, 0x0820, 0x0020, 0x0820, 0x0820, 0x0820, 0x0820, 0x0820, 0x0820, 0x0820, 0x0820, 0x0820, 0x1020, 0x1020, 0x1020,
  0x1020, 0x1040, 0x1040, 0x1820, 0x1820, 0x1820, 0x1820, 0x1840, 0x1820, 0x1820, 0x2040, 0x2040, 0x2040, 0x2041, 0x2841, 0x2841,
  0x3061, 0x3061, 0x3861, 0x4081, 0x4081, 0x48A1, 0x48A1, 0x4081, 0x3860, 0x2840, 0x2020, 0x2020, 0x2840, 0x3040, 0x3040, 0x3040,
  0x3040, 0x3840, 0x3841, 0x3841, 0x3020, 0x2820, 0x2020, 0x0800, 0x0000, 0x60E2, 0x60C2, 0x58C2, 0x58C2, 0x58E3, 0x50C3, 0x0000,
  0x28A2, 0x30C3, 0x30C3, 0x30E3, 0x30C3, 0x30E3, 0x28C3, 0x0000, 0x4986, 0x51A6, 0x30A2, 0x38E3, 0x38C3, 0x38C3, 0x38C3, 0x38C3,
  0x30C3, 0x30C3, 0x30C3, 0x30C3, 0x30C3, 0x28C3, 0x28C3, 0x28C3, 0x28E3, 0x20C3, 0x0000, 0x18A3, 0x20C3, 0x18C3, 0x18C4, 0x0821,
  0x0000, 0x0820, 0x0820, 0x0820, 0x0820, 0x0820, 0x0820, 0x0820, 0x0000, 0x20C2, 0x3944, 0x18A2, 0x0000, 0x0841, 0x0821, 0x0821,
  0x0821, 0x0821, 0x0821, 0x0841, 0x0841, 0x1041, 0x1041, 0x0820, 0x20A2, 0x6A46, 0x7AA8, 0x6A26, 0x4964, 0x28A2, 0x2061, 0x2061,
  0x1001, 0x3923, 0x49A3, 0x51A4, 0x4963, 0x4122, 0x4102, 0x40E2, 0x40C1, 0x40C1, 0x40C1, 0x48E1, 0x5901, 0x6921, 0xA202, 0xC283,
  0xD363, 0xE4A4, 0xED45, 0xF563, 0xF5C5, 0xF5E6, 0xFE06, 0xFE26, 0xFE26, 0xFE27, 0xFE27, 0xFE26, 0xFE24, 0xFEAB, 0xFF73, 0xFFB6,
  0xFF96, 0xFFB7, 0xFF53, 0xFDC5, 0xF566, 0xED05, 0xB363, 0x3802, 0xA364, 0xE506, 0xED66, 0xD3C5, 0xBA64, 0x6982, 0x40E2, 0x38E2,
  0x2081, 0x51E6, 0x5A28, 0x5228, 0x4A08, 0x41E8, 0x41E8, 0x3187, 0x0000, 0x634E, 0x422A, 0x2146, 0x2987, 0x2966, 0x2966, 0x2966,
  0x2967, 0x2125, 0x0000, 0x0000, 0x52AB, 0x632E, 0x5B0D, 0x5B0D, 0x5B0E, 0x5B0D, 0x632E, 0x4A6A, 0x0000, 0x2105, 0x5B0D, 0x5B2E,
  0x5B0E, 0x5B2E, 0x5B0E, 0x5B2E, 0x424A, 0x18E4, 0x424A, 0x424A, 0x2125, 0x0000, 0x0021, 0x0020, 0x0000, 0x2986, 0x2125, 0x0000,
  0x0020, 0x0020, 0x0000, 0x0000, 0x0000, 0x0000, 0x0020, 0x0000, 0x2105, 0x18C4, 0x18C3, 0x18C4, 0x18C4, 0x18C4, 0x18E4, 0x18E4,
  0x18E4, 0x18E4, 0x18E4, 0x18E4, 0x18E4, 0x18E4, 0x18C4, 0x10A3, 0x10A3, 0x10A3, 0x0000, 0x0841, 0x1082, 0x1082, 0x1082, 0x1082,
  0x0882, 0x10A3, 0x0021, 0x10A3, 0x2987, 0x2987, 0x2967, 0x2966, 0x2987, 0x18E4, 0x0042, 0x0128, 0x0148, 0x0148, 0x0127, 0x0127,
  0x0127, 0x0127, 0x0127, 0x0127, 0x0127, 0x0106, 0x00C5, 0x00A3, 0x00C4, 0x0106, 0x0168, 0x09AA, 0x09AB, 0x124C, 0x2476, 0x361C,
  0x46BF, 0x46BF, 0x469F, 0x4E7F, 0x4E9F, 0x4E9F, 0x4E9F, 0x4E9F, 0x4E9F, 0x4E9F, 0x467F, 0x467F, 0x3E5F, 0x3E3F, 0x3E3F, 0x361F,
  0x35FF, 0x35DF, 0x359F, 0x2D5F, 0x2D3F, 0x2D1E, 0x2CDD, 0x249C, 0x245B, 0x243A, 0x1BF9, 0x1BB7, 0x1375, 0x1314, 0x12D2, 0x0A70,
  0x0020, 0x0020, 0x0020, 0x0020, 0x0820, 0x0820, 0x0820, 0x0820, 0x0820, 0x0820, 0x0820, 0x0820, 0x0820, 0x1020, 0x1020, 0x1020,
  0x1021, 0x1020, 0x1020, 0x1020, 0x1820, 0x1820, 0x1820, 0x1820, 0x1821, 0x1820, 0x1820, 0x2040, 0x2041, 0x2041, 0x2841, 0x2841,
  0x2841, 0x3061, 0x3861, 0x3881, 0x3061, 0x2861, 0x2040, 0x2020, 0x2020, 0x2040, 0x2840, 0x2840, 0x2840, 0x2840, 0x2841, 0x2840,
  0x2820, 0x1800, 0x1000, 0x2021, 0x3881, 0x50C1, 0x70E1, 0x60A1, 0x0020, 0xB164, 0xC144, 0xB124, 0xA924, 0xA944, 0x9944, 0x0000,
  0x20A2, 0x28C3, 0x28C3, 0x28C3, 0x28C3, 0x28E3, 0x20C3, 0x0000, 0x4166, 0x6208, 0x30E4, 0x30C3, 0x30C3, 0x30C3, 0x30C3, 0x30C3,
  0x30C3, 0x30C3, 0x28C3, 0x28C3, 0x28C3, 0x28C3, 0x28C3, 0x28C3, 0x20C3, 0x20C3, 0x0000, 0x18A3, 0x18C4, 0x18C3, 0x18C4, 0x0021,
  0x0000, 0x0820, 0x0820, 0x0820, 0x0820, 0x0820, 0x0820, 0x0820, 0x0820, 0x0000, 0x20C3, 0x3945, 0x20A2, 0x0000, 0x0841, 0x0841,
  0x0821, 0x0821, 0x0841, 0x0841, 0x0841, 0x0841, 0x1041, 0x0000, 0x6226, 0x7AA8, 0x4164, 0x0000, 0x1841, 0x28C2, 0x28E2, 0x1001,
  0x6A45, 0x9B48, 0x8B07, 0x82A6, 0x7266, 0x6A05, 0x61C4, 0x61A4, 0x6183, 0x5102, 0x48C1, 0x5901, 0x6101, 0x99C2, 0xCA83, 0xD323,
  0xE484, 0xED03, 0xF542, 0xFE6C, 0xFE4A, 0xFE06, 0xFE27, 0xFE27, 0xFE26, 0xFE25, 0xFE44, 0xFE8A, 0xFF31, 0xFFB6, 0xFFB6, 0xFF96,
  0xFF96, 0xFFB7, 0xFEAE, 0xFDA4, 0xF586, 0xED05, 0xABA4, 0xC465, 0xF566, 0xED66, 0xE4C6, 0xC2E4, 0xA223, 0x5102, 0x4902, 0x38E2,
  0x2040, 0x51C6, 0x6228, 0x5228, 0x49E8, 0x41C7, 0x39E8, 0x3186, 0x0000, 0x632E, 0x3A09, 0x2125, 0x2966, 0x2966, 0x2966, 0x2946,
  0x2966, 0x2105, 0x0000, 0x0000, 0x4229, 0x5B0D, 0x5AED, 0x5B0D, 0x5B0D, 0x5B0D, 0x5B0D, 0x4AAB, 0x0000, 0x0041, 0x6B8F, 0x73D1,
  0x6BB0, 0x6BB0, 0x6B90, 0x6BB0, 0x634E, 0x10C3, 0x4229, 0x424A, 0x2986, 0x0000, 0x0041, 0x0020, 0x0000, 0x2987, 0x18C3, 0x0000,
  0x0020, 0x0000, 0x0000, 0x0000, 0x0000, 0x0020, 0x0020, 0x0021, 0x2946, 0x18C4, 0x18C3, 0x18C4, 0x18C4, 0x18C4, 0x18C4, 0x18E4,
  0x18E4, 0x18E4, 0x18E4, 0x18E4, 0x18E4, 0x18C4, 0x10A3, 0x10A3, 0x10A3, 0x1083, 0x0000, 0x0841, 0x1082, 0x0882, 0x1082, 0x1082,
  0x0882, 0x1082, 0x0862, 0x0000, 0x0000, 0x0000, 0x0000, 0x0000, 0x0000, 0x0000, 0x0063, 0x0022, 0x0000, 0x0000, 0x00A4, 0x0127,
  0x0127, 0x0107, 0x0106, 0x00E6, 0x00E6, 0x0106, 0x0106, 0x0106, 0x00E6, 0x00E5, 0x00E5, 0x00A4, 0x024D, 0x2D9A, 0x3F1F, 0x471F,
  0x469F, 0x467F, 0x4E9F, 0x4E9F, 0x4E9F, 0x4E9F, 0x4E9F, 0x4E9F, 0x4E9F, 0x4E7F, 0x465F, 0x3E5F, 0x3E3F, 0x3E3F, 0x361F, 0x35FF,
  0x35DF, 0x35BF, 0x2D7F, 0x2D3E, 0x2D1E, 0x2CFD, 0x24BC, 0x247B, 0x243A, 0x23F9, 0x1BD8, 0x1B96, 0x1334, 0x12F2, 0x1290, 0x122E,
  0x0020, 0x0020, 0x0020, 0x0020, 0x0820, 0x0820, 0x0820, 0x0820, 0x0820, 0x0820, 0x0821, 0x0820, 0x0820, 0x0820, 0x1020, 0x1020,
  0x1020, 0x1020, 0x1020, 0x1020, 0x1020, 0x1840, 0x1820, 0x1821, 0x1821, 0x1820, 0x1820, 0x1840, 0x2040, 0x2041, 0x2041, 0x2841,
  0x2841, 0x2840, 0x2040, 0x2040, 0x1820, 0x1820, 0x1820, 0x2020, 0x2040, 0x2040, 0x2040, 0x2840, 0x2840, 0x2020, 0x1800, 0x2021,
  0x3881, 0x5901, 0x7962, 0x91A2, 0x99C2, 0x99A2, 0x9961, 0x70E1, 0x0000, 0x3125, 0x2945, 0x2125, 0x2125, 0x2146, 0x2925, 0x0000,
  0x20A3, 0x28C3, 0x28C3, 0x28C4, 0x28E3, 0x28E4, 0x20C3, 0x0000, 0x3965, 0x6229, 0x51A7, 0x28A3, 0x30C3, 0x28C3, 0x28C3, 0x28C3,
  0x28C3, 0x28C3, 0x28C3, 0x28C3, 0x20C3, 0x20C3, 0x20C3, 0x20C3, 0x20C3, 0x18C3, 0x0000, 0x10A3, 0x18C4, 0x18C3, 0x18C4, 0x0021,
  0x0000, 0x0820, 0x0820, 0x0820, 0x0820, 0x0820, 0x0820, 0x0820, 0x0820, 0x0820, 0x0000, 0x20C2, 0x3945, 0x20A2, 0x0000, 0x0841,
  0x0821, 0x0821, 0x0841, 0x0841, 0x0821, 0x1041, 0x0000, 0x3123, 0x7247, 0x3903, 0x1841, 0x28C2, 0x28C2, 0x28C2, 0x0821, 0x49A4,
  0x9B28, 0x7246, 0x4943, 0x4943, 0x5143, 0x5163, 0x5963, 0x5963, 0x61A3, 0x5922, 0x48C1, 0x5901, 0x8161, 0xC262, 0xD2E3, 0xE444,
  0xECE2, 0xF5A7, 0xFF11, 0xFF95, 0xFEAC, 0xFE02, 0xFE25, 0xFE25, 0xFE68, 0xFECD, 0xFF52, 0xFFB5, 0xFFB6, 0xFFB6, 0xFF96, 0xFF96,
  0xFFB7, 0xFF74, 0xFE05, 0xFDE7, 0xFDA6, 0xF586, 0xF586, 0xF586, 0xED46, 0xED46, 0xD3E5, 0xB263, 0x79A2, 0x48E1, 0x4902, 0x38E2,
  0x1840, 0x51C6, 0x6227, 0x5207, 0x5207, 0x6A66, 0x5227, 0x3186, 0x0000, 0x632D, 0x422A, 0x2946, 0x2967, 0x2946, 0x2946, 0x2966,
  0x2966, 0x2104, 0x0000, 0x0000, 0x2986, 0x5AED, 0x52EC, 0x52EC, 0x5AED, 0x52ED, 0x52ED, 0x52CC, 0x1904, 0x0000, 0x31A7, 0x39E8,
  0x39E8, 0x39E8, 0x39E8, 0x39E8, 0x39E8, 0x0882, 0x31C8, 0x422A, 0x31C8, 0x0000, 0x0021, 0x0000, 0x10A2, 0x31A7, 0x0862, 0x0000,
  0x0020, 0x0000, 0x0000, 0x0000, 0x0000, 0x0021, 0x0000, 0x1083, 0x2966, 0x10A3, 0x10C4, 0x10C4, 0x10C4, 0x10C3, 0x10C3, 0x10C4,
  0x18C4, 0x18C4, 0x18E4, 0x18E4, 0x10C3, 0x10A3, 0x10A3, 0x10A3, 0x10A3, 0x1083, 0x0000, 0x0841, 0x1082, 0x1082, 0x1082, 0x1082,
  0x1082, 0x10A3, 0x0861, 0x0020, 0x1082, 0x1082, 0x1082, 0x1082, 0x10A3, 0x0800, 0x0107, 0x0B32, 0x1394, 0x0AF0, 0x01EB, 0x0063,
  0x0000, 0x00A4, 0x0106, 0x0106, 0x00E5, 0x00E5, 0x00E5, 0x00C5, 0x00C5, 0x00C5, 0x00E5, 0x00E5, 0x0106, 0x09CA, 0x1BB2, 0x2D9A,
  0x3E9F, 0x46DF, 0x4E9F, 0x4E9F, 0x4E9F, 0x4E9F, 0x4E9F, 0x4E9F, 0x4E9F, 0x469F, 0x467F, 0x3E5F, 0x3E5F, 0x3E3F, 0x361F, 0x361F,
  0x35DF, 0x35BF, 0x2D7F, 0x2D3E, 0x2CFD, 0x24BC, 0x247B, 0x243A, 0x23F8, 0x1BB7, 0x1B96, 0x1B54, 0x1313, 0x12B1, 0x124E, 0x09EC,
  0x0020, 0x0020, 0x0020, 0x0020, 0x0020, 0x0820, 0x0820, 0x0820, 0x0820, 0x0820, 0x0820, 0x0820, 0x0820, 0x0820, 0x1020, 0x1020,
  0x1020, 0x1020, 0x1020, 0x1020, 0x1020, 0x1020, 0x1820, 0x1840, 0x1820, 0x1820, 0x1820, 0x1840, 0x1840, 0x1840, 0x2041, 0x2040,
  0x1820, 0x1820, 0x1820, 0x1820, 0x1820, 0x1820, 0x1820, 0x1820, 0x2020, 0x2040, 0x2020, 0x1020, 0x1800, 0x3081, 0x5901, 0x7142,
  0x8182, 0x89A2, 0x8982, 0x8162, 0x6921, 0x48A1, 0x2860, 0x1820, 0x1000, 0x0000, 0x0000, 0x0000, 0x0000, 0x0000, 0x0000, 0x0000,
  0x0862, 0x1082, 0x1883, 0x18A3, 0x18A3, 0x18A3, 0x18A3, 0x0000, 0x3966, 0x6208, 0x6209, 0x4166, 0x2082, 0x28C3, 0x28A3, 0x28A3,
  0x28A3, 0x20C3, 0x20C3, 0x20A3, 0x20C3, 0x20C3, 0x20C3, 0x20C3, 0x20C4, 0x18C3, 0x0000, 0x10A3, 0x18C4, 0x18C3, 0x18C3, 0x0021,
  0x0000, 0x0820, 0x0820, 0x0820, 0x0820, 0x0820, 0x0820, 0x0820, 0x0820, 0x0820, 0x0820, 0x0000, 0x20C2, 0x3945, 0x20A2, 0x0000,
  0x0841, 0x0821, 0x0821, 0x0821, 0x0821, 0x1041, 0x0000, 0x3944, 0x59C5, 0x1021, 0x28C2, 0x20A2, 0x20A2, 0x28C2, 0x0000, 0x6A45,
  0x8287, 0x38E3, 0x5164, 0x5164, 0x5164, 0x5163, 0x5963, 0x5983, 0x69A3, 0x5942, 0x50E1, 0x5901, 0xB222, 0xDAC3, 0xDBE4, 0xECC3,
  0xF587, 0xFF53, 0xFF95, 0xFF95, 0xFF52, 0xFEAE, 0xFEF0, 0xFF32, 0xFF74, 0xFFB6, 0xFFB6, 0xFFB6, 0xFFB6, 0xFFB6, 0xFFB6, 0xFFB6,
  0xFFB6, 0xFE8B, 0xFE05, 0xFDE7, 0xFDA6, 0xF586, 0xF566, 0xED46, 0xF546, 0xE486, 0xBAC3, 0xA243, 0x5102, 0x4901, 0x40E1, 0x38C2,
  0x1840, 0x51A5, 0x6227, 0x5207, 0x5207, 0x6A86, 0x5226, 0x2966, 0x0000, 0x73B0, 0x73D1, 0x6B90, 0x6BB0, 0x6B8F, 0x6B8F, 0x6B8F,
  0x73B0, 0x5AEC, 0x0000, 0x0021, 0x0862, 0x52AC, 0x52CC, 0x52CC, 0x52CC, 0x52CC, 0x52AC, 0x52CC, 0x2987, 0x0000, 0x0000, 0x0000,
  0x0000, 0x0000, 0x0000, 0x0000, 0x0000, 0x0000, 0x2966, 0x422A, 0x3A09, 0x10A3, 0x0000, 0x0000, 0x2125, 0x3187, 0x0000, 0x0000,
  0x0000, 0x0000, 0x0000, 0x0000, 0x0000, 0x0021, 0x0000, 0x18E4, 0x2966, 0x10A3, 0x10C3, 0x10C3, 0x10C3, 0x10C3, 0x18C3, 0x18C4,
  0x18C4, 0x18C4, 0x18E4, 0x10A3, 0x10A3, 0x10A3, 0x10A3, 0x10A3, 0x10A3, 0x1082, 0x0000, 0x0020, 0x0841, 0x0841, 0x0841, 0x0861,
  0x0861, 0x0862, 0x0020, 0x0841, 0x2125, 0x2125, 0x2125, 0x2125, 0x2146, 0x10A3, 0x0022, 0x01EC, 0x0B11, 0x0B73, 0x13D6, 0x0BB6,
  0x0AF2, 0x01AA, 0x0000, 0x0020, 0x00C5, 0x00E5, 0x00C5, 0x00C4, 0x00C4, 0x00C4, 0x00C4, 0x00C4, 0x00E5, 0x0084, 0x0000, 0x0004,
  0x1B50, 0x2D5A, 0x469F, 0x4EDF, 0x4E9F, 0x4E9F, 0x4E9F, 0x4E9F, 0x4EBF, 0x469F, 0x3E7F, 0x3E5F, 0x363E, 0x361E, 0x361E, 0x35FE,
  0x35BE, 0x2D9E, 0x2D5E, 0x2D1D, 0x2CDC, 0x2C9B, 0x245A, 0x2418, 0x23D7, 0x1B96, 0x1B75, 0x1B54, 0x1313, 0x12D1, 0x128F, 0x122E,
  0x0020, 0x0020, 0x0020, 0x0020, 0x0020, 0x0820, 0x0820, 0x0820, 0x0820, 0x0820, 0x0820, 0x0820, 0x0820, 0x0820, 0x0820, 0x1020,
  0x1020, 0x1020, 0x1020, 0x1020, 0x1021, 0x1020, 0x1020, 0x1820, 0x1820, 0x1820, 0x1820, 0x1820, 0x1820, 0x1820, 0x1820, 0x1820,
  0x1820, 0x1820, 0x1820, 0x1820, 0x1820, 0x1820, 0x1821, 0x1820, 0x1820, 0x1020, 0x2041, 0x40A1, 0x6101, 0x7162, 0x8182, 0x7141,
  0x5901, 0x3881, 0x1820, 0x0000, 0x0000, 0x0000, 0x1800, 0x2020, 0x1820, 0x1820, 0x1820, 0x1820, 0x1820, 0x1820, 0x1820, 0x0000,
  0x4145, 0x5186, 0x4986, 0x4986, 0x4986, 0x49A6, 0x3945, 0x0000, 0x3945, 0x6208, 0x6208, 0x5A09, 0x28E4, 0x20A3, 0x20C3, 0x20A3,
  0x20A3, 0x20A3, 0x20A3, 0x20A3, 0x18A3, 0x18C3, 0x18C3, 0x18C3, 0x18C3, 0x18C3, 0x0000, 0x10A3, 0x18C3, 0x18C3, 0x18C3, 0x0021,
  0x0000, 0x0820, 0x0820, 0x0820, 0x0020, 0x0020, 0x0020, 0x0020, 0x0020, 0x0020, 0x0020, 0x0820, 0x0000, 0x20A3, 0x3965, 0x20C3,
  0x0000, 0x0841, 0x0821, 0x0821, 0x0821, 0x0841, 0x0000, 0x28E3, 0x4144, 0x2082, 0x20A2, 0x20C2, 0x20A2, 0x28C2, 0x0000, 0x6205,
  0x59C5, 0x4124, 0x4964, 0x4943, 0x4943, 0x5163, 0x5963, 0x5983, 0x61A3, 0x5942, 0x48C1, 0x91C2, 0xDAC3, 0xDB63, 0xEC84, 0xF4E0,
  0xFEF1, 0xFF95, 0xFF75, 0xFF95, 0xFF96, 0xFFB6, 0xFFB6, 0xFFB6, 0xFFB6, 0xFFB5, 0xFFB5, 0xFFB6, 0xFFB6, 0xFFB6, 0xFFB6, 0xFFB6,
  0xFECE, 0xFE03, 0xFE07, 0xFDE6, 0xFDA6, 0xF586, 0xF566, 0xF546, 0xECE6, 0xC324, 0xB263, 0x7982, 0x40C1, 0x48E1, 0x38C1, 0x30C2,
  0x1820, 0x51A5, 0x6207, 0x5207, 0x49E7, 0x41C7, 0x39C7, 0x2966, 0x0000, 0x634E, 0x632E, 0x5AED, 0x5AED, 0x5AED, 0x5AED, 0x5AEC,
  0x5AED, 0x4A4A, 0x0000, 0x0862, 0x0000, 0x3A09, 0x52AC, 0x4A8B, 0x4A8B, 0x4A8B, 0x4A8B, 0x4A8B, 0x39E9, 0x0000, 0x10A3, 0x18C4,
  0x10C3, 0x10C3, 0x18C3, 0x18C3, 0x18C4, 0x0862, 0x18C3, 0x3A29, 0x422A, 0x2145, 0x0000, 0x0000, 0x2987, 0x2966, 0x0000, 0x0021,
  0x0000, 0x0000, 0x0000, 0x0000, 0x0000, 0x0020, 0x0000, 0x2146, 0x2125, 0x10A3, 0x18C3, 0x10C3, 0x10C3, 0x10C4, 0x18C4, 0x18C4,
  0x18C4, 0x18C4, 0x10A3, 0x10A3, 0x10A3, 0x10A3, 0x10A3, 0x10A3, 0x1082, 0x2125, 0x0841, 0x18C4, 0x2966, 0x2146, 0x2146, 0x2146,
  0x2146, 0x2146, 0x18E4, 0x0000, 0x1083, 0x1082, 0x1082, 0x1082, 0x10A3, 0x0041, 0x0042, 0x0000, 0x0000, 0x0000, 0x00C5, 0x0A6F,
  0x0B75, 0x0BB7, 0x0314, 0x020D, 0x00A4, 0x0000, 0x0083, 0x00C4, 0x00A4, 0x00A4, 0x00A4, 0x00A4, 0x00A4, 0x00C4, 0x0126, 0x0126,
  0x0000, 0x0000, 0x12EF, 0x353A, 0x469F, 0x4EDF, 0x4E9F, 0x4EBF, 0x467E, 0x1BD3, 0x1B0F, 0x1310, 0x12EF, 0x12CE, 0x12CE, 0x128D,
  0x126D, 0x124D, 0x0A2D, 0x0A0C, 0x09EB, 0x09CB, 0x09AA, 0x09AA, 0x0989, 0x0989, 0x0989, 0x0969, 0x0948, 0x0948, 0x0127, 0x0106,
  0x0020, 0x0020, 0x0020, 0x0020, 0x0020, 0x0020, 0x0020, 0x0020, 0x0820, 0x0820, 0x0820, 0x0820, 0x0820, 0x0820, 0x0820, 0x0820,
  0x1020, 0x1020, 0x1020, 0x1020, 0x1020, 0x1020, 0x1020, 0x1020, 0x1020, 0x1020, 0x1820, 0x1020, 0x1020, 0x1020, 0x1020, 0x1020,
  0x1020, 0x1020, 0x1020, 0x1020, 0x1820, 0x1020, 0x1020, 0x1020, 0x2041, 0x40A1, 0x6101, 0x7122, 0x7142, 0x6121, 0x48C1, 0x1820,
  0x0000, 0x0000, 0x1020, 0x1820, 0x1820, 0x1820, 0x1820, 0x1820, 0x1820, 0x1820, 0x1820, 0x1820, 0x1820, 0x1820, 0x1820, 0x0000,
  0x61A7, 0x7208, 0x6A08, 0x6A08, 0x6208, 0x6229, 0x51C7, 0x0000, 0x5985, 0x6208, 0x59E8, 0x5A29, 0x49C8, 0x1882, 0x20A3, 0x20A3,
  0x20A3, 0x20A3, 0x20A3, 0x18A3, 0x18A3, 0x18C3, 0x18C3, 0x18C3, 0x18C3, 0x18C3, 0x0000, 0x10A3, 0x18C3, 0x18C3, 0x18C3, 0x0020,
  0x0000, 0x0820, 0x0820, 0x0820, 0x0020, 0x0020, 0x0020, 0x0020, 0x0020, 0x0020, 0x0020, 0x0020, 0x0820, 0x0000, 0x20A2, 0x4185,
  0x20E3, 0x0000, 0x1041, 0x0841, 0x1041, 0x1041, 0x0820, 0x20C2, 0x3923, 0x20A1, 0x28C2, 0x28C2, 0x28C2, 0x28C2, 0x1060, 0x49A4,
  0x5185, 0x4944, 0x4944, 0x4943, 0x4963, 0x5163, 0x5963, 0x5983, 0x61A3, 0x5942, 0x5901, 0xCAA2, 0xEB63, 0xEC24, 0xF4C0, 0xFE6D,
  0xFFB5, 0xFFB5, 0xFFB5, 0xFFB6, 0xFF95, 0xFF95, 0xFF95, 0xFF95, 0xFF95, 0xFFB5, 0xFFB5, 0xFFB5, 0xFFB5, 0xFFB6, 0xFFD7, 0xFEEF,
  0xFE04, 0xFE27, 0xFE06, 0xFDC6, 0xFD86, 0xF566, 0xF566, 0xED06, 0xCB84, 0xB283, 0x89E2, 0x40E1, 0x4901, 0x40E1, 0x38C1, 0x30C2,
  0x1820, 0x49A5, 0x5A07, 0x51E7, 0x49E7, 0x49C7, 0x39A7, 0x2945, 0x0000, 0x422A, 0x2126, 0x10A3, 0x18C4, 0x18C4, 0x18C4, 0x10A3,
  0x10A3, 0x0882, 0x0000, 0x0021, 0x0000, 0x18E4, 0x424A, 0x424A, 0x424A, 0x424A, 0x424A, 0x424A, 0x3A09, 0x0882, 0x0882, 0x2105,
  0x18E4, 0x18E4, 0x1905, 0x2105, 0x2105, 0x2105, 0x0020, 0x39E8, 0x424A, 0x31C8, 0x0000, 0x0861, 0x31C8, 0x18E4, 0x0000, 0x0020,
  0x0000, 0x0000, 0x0000, 0x0000, 0x0020, 0x0000, 0x0862, 0x2966, 0x18C4, 0x10C3, 0x18C3, 0x18C3, 0x18C3, 0x18C3, 0x18C4, 0x18C4,
  0x18C4, 0x10A3, 0x10A3, 0x10A3, 0x10A3, 0x10A3, 0x10A3, 0x0862, 0x1905, 0x31A7, 0x0021, 0x2105, 0x31C8, 0x31A8, 0x31A8, 0x31A8,
  0x31A8, 0x31A8, 0x2946, 0x0000, 0x0000, 0x0000, 0x0000, 0x0000, 0x0000, 0x0021, 0x0083, 0x00A4, 0x00C5, 0x00C5, 0x0083, 0x0000,
  0x0000, 0x01CC, 0x0355, 0x03B8, 0x0313, 0x022E, 0x0106, 0x0020, 0x0041, 0x00A3, 0x00A3, 0x00A3, 0x00A3, 0x00A3, 0x00A4, 0x00C4,
  0x0106, 0x0146, 0x0000, 0x0000, 0x1B71, 0x3DDC, 0x4EBF, 0x4EBF, 0x469F, 0x1BB3, 0x0000, 0x0002, 0x0000, 0x0000, 0x0000, 0x0000,
  0x0000, 0x0000, 0x0000, 0x0000, 0x0000, 0x0000, 0x0000, 0x0000, 0x0000, 0x0000, 0x0000, 0x0000, 0x0000, 0x0000, 0x0000, 0x0000,
  0x0020, 0x0020, 0x0020, 0x0020, 0x0020, 0x0020, 0x0020, 0x0020, 0x0820, 0x0820, 0x0820, 0x0820, 0x0820, 0x0820, 0x0820, 0x0820,
  0x0820, 0x1020, 0x1020, 0x1020, 0x1020, 0x1020, 0x1020, 0x1020, 0x1020, 0x1020, 0x1020, 0x1020, 0x1020, 0x1020, 0x1020, 0x1020,
  0x1020, 0x1020, 0x1020, 0x1020, 0x1020, 0x1020, 0x2861, 0x40A1, 0x58C1, 0x60E1, 0x6101, 0x58E1, 0x3881, 0x0820, 0x0000, 0x0820,
  0x1820, 0x1020, 0x1020, 0x1020, 0x1020, 0x1020, 0x1020, 0x1020, 0x1020, 0x1020, 0x1020, 0x1020, 0x1020, 0x1020, 0x1020, 0x0000,
  0x3904, 0x4965, 0x4965, 0x4166, 0x4166, 0x4166, 0x3945, 0x0000, 0x9A27, 0x8A48, 0x49C8, 0x59E8, 0x5A29, 0x3966, 0x1862, 0x20C3,
  0x18A3, 0x18A3, 0x18A3, 0x18A3, 0x10A3, 0x10A3, 0x18C3, 0x18C3, 0x18C3, 0x18C3, 0x0020, 0x1082, 0x18C4, 0x18C3, 0x18C3, 0x0020,
  0x0000, 0x0020, 0x0020, 0x0020, 0x0020, 0x0020, 0x0020, 0x0020, 0x0020, 0x0020, 0x0020, 0x0020, 0x0020, 0x0820, 0x0000, 0x20C3,
  0x4186, 0x20A3, 0x0000, 0x0001, 0x0000, 0x0001, 0x0000, 0x0002, 0x20A3, 0x0001, 0x0842, 0x0002, 0x0002, 0x0002, 0x0000, 0x28A3,
  0x30A4, 0x3063, 0x30A3, 0x30A3, 0x38A3, 0x38C3, 0x40E3, 0x4903, 0x5923, 0x48A2, 0x3801, 0xA222, 0xDB43, 0xEC24, 0xF4C4, 0xFE4E,
  0xFE90, 0xFED1, 0xFF13, 0xFF54, 0xFF75, 0xFF95, 0xFF95, 0xFFB6, 0xFFB6, 0xFFB6, 0xFFB5, 0xFFB5, 0xFFB6, 0xFFB5, 0xFE8E, 0xFDE4,
  0xFE07, 0xFE07, 0xFDC6, 0xF566, 0xF546, 0xF526, 0xECE6, 0xCB64, 0xB262, 0x89C2, 0x3801, 0x3821, 0x3021, 0x2821, 0x2841, 0x2042,
  0x1000, 0x49A5, 0x5A07, 0x51E7, 0x49C7, 0x41A6, 0x39A7, 0x2945, 0x0000, 0x422A, 0x3187, 0x2146, 0x2946, 0x2946, 0x2946, 0x2146,
  0x2946, 0x1904, 0x0000, 0x0021, 0x0021, 0x0000, 0x2987, 0x4229, 0x3A29, 0x3A29, 0x3A09, 0x3A09, 0x3A09, 0x2966, 0x0000, 0x1083,
  0x10A3, 0x10A3, 0x10A3, 0x10A3, 0x10A3, 0x18C3, 0x0000, 0x2125, 0x422A, 0x424A, 0x31A7, 0x31A7, 0x39E8, 0x0000, 0x0020, 0x0020,
  0x0000, 0x0000, 0x0000, 0x0000, 0x0021, 0x0000, 0x1905, 0x2125, 0x10A3, 0x18C4, 0x18C3, 0x18C3, 0x18C3, 0x18C3, 0x18C4, 0x18C4,
  0x10A3, 0x1082, 0x1083, 0x1083, 0x1083, 0x10A3, 0x0882, 0x10C3, 0x31A7, 0x31A8, 0x0841, 0x10C3, 0x2946, 0x2146, 0x2946, 0x2146,
  0x2146, 0x2966, 0x1904, 0x0000, 0x0041, 0x0041, 0x0041, 0x0042, 0x0042, 0x0062, 0x0062, 0x0062, 0x0063, 0x0063, 0x0083, 0x00A4,
  0x00A4, 0x0000, 0x0000, 0x020E, 0x0AF3, 0x0B34, 0x0AD2, 0x020E, 0x0148, 0x0041, 0x0041, 0x0083, 0x0083, 0x0083, 0x00A3, 0x00A4,
  0x00A4, 0x00C5, 0x0106, 0x0147, 0x0000, 0x0045, 0x2414, 0x3DFD, 0x46BF, 0x2D7B, 0x0003, 0x0947, 0x0126, 0x0106, 0x00E5, 0x00E5,
  0x00C5, 0x00C4, 0x00C4, 0x00A4, 0x00A4, 0x00A4, 0x0083, 0x0083, 0x0083, 0x0083, 0x0063, 0x0063, 0x0062, 0x0062, 0x0062, 0x0042,
  0x0020, 0x0020, 0x0020, 0x0020, 0x0020, 0x0020, 0x0020, 0x0820, 0x0820, 0x0820, 0x0820, 0x0820, 0x0820, 0x0820, 0x0820, 0x0820,
  0x0820, 0x0820, 0x1020, 0x1020, 0x1020, 0x1020, 0x1020, 0x1020, 0x1020, 0x1020, 0x1020, 0x1020, 0x1020, 0x1020, 0x1020, 0x1020,
  0x1020, 0x1020, 0x1020, 0x1020, 0x2061, 0x38A1, 0x48C1, 0x50C1, 0x50C1, 0x50C1, 0x3881, 0x1020, 0x0000, 0x1020, 0x1020, 0x1020,
  0x0820, 0x0820, 0x0820, 0x0820, 0x0820, 0x0820, 0x1020, 0x1020, 0x1020, 0x1020, 0x1020, 0x1020, 0x1020, 0x1020, 0x1020, 0x0800,
  0x0000, 0x0000, 0x0000, 0x0000, 0x0000, 0x0000, 0x0000, 0x0000, 0x6944, 0xC2CA, 0x59C7, 0x59E8, 0x5A09, 0x5229, 0x2105, 0x1883,
  0x18C3, 0x18A3, 0x18A3, 0x10A3, 0x10A3, 0x10A3, 0x10A3, 0x10A3, 0x10A3, 0x18C3, 0x0861, 0x0841, 0x18C4, 0x10C3, 0x18C3, 0x0862,
  0x0000, 0x0020, 0x0020, 0x0020, 0x0020, 0x0020, 0x0020, 0x0020, 0x0020, 0x0020, 0x0020, 0x0020, 0x0020, 0x0020, 0x0820, 0x0000,
  0x18A3, 0x51A4, 0x59E2, 0x4141, 0x4161, 0x4161, 0x4161, 0x4161, 0x51C2, 0x4981, 0x49A2, 0x51A1, 0x59E2, 0x59E2, 0x51C1, 0x6A43,
  0x7A83, 0x6A43, 0x6A43, 0x6A43, 0x6A43, 0x7243, 0x7A63, 0x7A63, 0x8263, 0x7A42, 0x7A41, 0x7241, 0x92C2, 0xCBC3, 0xEC64, 0xEC40,
  0xEC40, 0xF480, 0xF4E2, 0xFD66, 0xFDE9, 0xFE4B, 0xFE8D, 0xFF0F, 0xFF30, 0xFF50, 0xFF51, 0xFF93, 0xFF71, 0xFE8A, 0xFDE4, 0xFE27,
  0xFE27, 0xFE07, 0xFDA6, 0xF546, 0xF526, 0xECC5, 0xD3E4, 0xBB03, 0xAAA2, 0x7202, 0x6A02, 0x61E2, 0x61E2, 0x59C2, 0x5182, 0x4982,
  0x28C1, 0x4985, 0x59E7, 0x51C7, 0x41A6, 0x3986, 0x3186, 0x2925, 0x0000, 0x3A09, 0x2967, 0x2125, 0x2126, 0x2125, 0x2125, 0x2125,
  0x2125, 0x18E4, 0x0000, 0x0021, 0x0020, 0x0000, 0x0862, 0x2145, 0x2146, 0x2146, 0x2946, 0x2946, 0x2946, 0x2946, 0x0862, 0x0000,
  0x0000, 0x0000, 0x0000, 0x0000, 0x0000, 0x0000, 0x0020, 0x0000, 0x3187, 0x422A, 0x4A6B, 0x4A6A, 0x2125, 0x0000, 0x0021, 0x0000,
  0x0000, 0x0000, 0x0000, 0x0000, 0x0000, 0x0021, 0x2146, 0x18E4, 0x10C3, 0x18C4, 0x18C4, 0x18C4, 0x18C4, 0x18E4, 0x18C4, 0x10A3,
  0x1082, 0x1082, 0x1082, 0x10A2, 0x10A3, 0x1082, 0x10A3, 0x2987, 0x31C8, 0x2966, 0x0000, 0x0000, 0x0000, 0x0000, 0x0000, 0x0000,
  0x0000, 0x0000, 0x0000, 0x0021, 0x0041, 0x0041, 0x0041, 0x0041, 0x0042, 0x0042, 0x0062, 0x0062, 0x0062, 0x0062, 0x0063, 0x0063,
  0x0063, 0x00A4, 0x0083, 0x0000, 0x0063, 0x09CC, 0x0A90, 0x0AB2, 0x0A70, 0x01EC, 0x0106, 0x0042, 0x0062, 0x0083, 0x0083, 0x0083,
  0x00A4, 0x00A4, 0x00A4, 0x00C5, 0x0126, 0x0105, 0x0000, 0x0148, 0x2497, 0x2DDE, 0x0AB0, 0x0000, 0x00E5, 0x00A4, 0x00A4, 0x0083,
  0x0083, 0x0083, 0x0083, 0x0062, 0x0062, 0x0062, 0x0062, 0x0062, 0x0062, 0x0042, 0x0042, 0x0041, 0x0041, 0x0041, 0x0041, 0x0041,
  0x0020, 0x0020, 0x0020, 0x0020, 0x0020, 0x0020, 0x0020, 0x0020, 0x0020, 0x0020, 0x0020, 0x0020, 0x0020, 0x0020, 0x0020, 0x0820,
  0x0820, 0x0820, 0x0820, 0x0820, 0x0820, 0x0820, 0x0820, 0x0820, 0x0820, 0x0820, 0x0820, 0x0820, 0x0820, 0x0820, 0x0820, 0x0820,
  0x1020, 0x1021, 0x1841, 0x2861, 0x3881, 0x40A1, 0x40A1, 0x40A1, 0x3881, 0x1820, 0x0000, 0x0820, 0x1020, 0x0820, 0x0820, 0x0820,
  0x0820, 0x0820, 0x0820, 0x0820, 0x0820, 0x0820, 0x0820, 0x0820, 0x0820, 0x0820, 0x1020, 0x1020, 0x1020, 0x1020, 0x1020, 0x1020,
  0x1020, 0x1020, 0x1020, 0x1020, 0x1020, 0x1020, 0x0820, 0x2041, 0x0000, 0xAA88, 0xB2CA, 0x39A7, 0x6209, 0x5A29, 0x4A09, 0x1083,
  0x18A3, 0x18A3, 0x10A3, 0x10A3, 0x10A3, 0x10A3, 0x10A3, 0x10A3, 0x10A3, 0x10C3, 0x1082, 0x0000, 0x10C3, 0x18C3, 0x10A3, 0x10C3,
  0x1082, 0x0000, 0x0020, 0x0020, 0x0020, 0x0020, 0x0020, 0x0020, 0x0020, 0x0020, 0x0020, 0x0020, 0x0020, 0x0020, 0x0020, 0x1060,
  0x0000, 0x5A23, 0xC4E5, 0xBCA3, 0xBC62, 0xBC42, 0xBC42, 0xC462, 0xCCA3, 0xCCA3, 0xCCA2, 0xD4C2, 0xD503, 0xDD03, 0xD503, 0xD523,
  0xD544, 0xD524, 0xD504, 0xD4E4, 0xD4E4, 0xD4C4, 0xD4C4, 0xD4A4, 0xD4A4, 0xD4C4, 0xDCC4, 0xDCE4, 0xDCE4, 0xDD04, 0xE525, 0xE545,
  0xED45, 0xED65, 0xED65, 0xED85, 0xF5A4, 0xF5C4, 0xF5E4, 0xF604, 0xF624, 0xF644, 0xF645, 0xF648, 0xF627, 0xF607, 0xF628, 0xF607,
  0xF607, 0xF607, 0xEDC6, 0xED86, 0xED46, 0xE4E5, 0xDCC5, 0xDCC5, 0xDCC5, 0xDCC4, 0xDCE4, 0xD4C4, 0xCCE4, 0xCCC4, 0xC484, 0xBC44,
  0x6A62, 0x3925, 0x51E6, 0x49C6, 0x41A6, 0x3966, 0x3186, 0x2925, 0x0000, 0x3A09, 0x2967, 0x2125, 0x2146, 0x2146, 0x2146, 0x2125,
  0x2146, 0x1904, 0x0000, 0x0021, 0x0000, 0x0020, 0x0000, 0x0000, 0x0000, 0x0000, 0x0000, 0x0000, 0x0000, 0x0000, 0x0000, 0x0020,
  0x0021, 0x0021, 0x0020, 0x0020, 0x0020, 0x0020, 0x0020, 0x0000, 0x0000, 0x0882, 0x1904, 0x18E4, 0x0000, 0x0020, 0x0000, 0x0000,
  0x0000, 0x0000, 0x0000, 0x0020, 0x0000, 0x10A3, 0x2125, 0x10A3, 0x18C4, 0x18C3, 0x18C4, 0x18C4, 0x18C4, 0x18C4, 0x10A3, 0x1083,
  0x1082, 0x1082, 0x1082, 0x10A3, 0x1083, 0x10A3, 0x2987, 0x31C8, 0x2966, 0x0000, 0x0000, 0x0021, 0x0021, 0x0021, 0x0021, 0x0021,
  0x0021, 0x0020, 0x0021, 0x0021, 0x0021, 0x0021, 0x0021, 0x0041, 0x0041, 0x0041, 0x0042, 0x0062, 0x0062, 0x0062, 0x0062, 0x0062,
  0x0062, 0x0062, 0x0062, 0x0083, 0x0042, 0x0000, 0x0083, 0x01AB, 0x0A2E, 0x022E, 0x01EC, 0x0148, 0x0083, 0x0062, 0x0062, 0x0083,
  0x0083, 0x0083, 0x0083, 0x0084, 0x00A4, 0x00C4, 0x0126, 0x0083, 0x0000, 0x0A8E, 0x0A8E, 0x0000, 0x00A4, 0x0083, 0x0083, 0x0063,
  0x0062, 0x0062, 0x0062, 0x0062, 0x0062, 0x0062, 0x0042, 0x0042, 0x0041, 0x0041, 0x0041, 0x0041, 0x0041, 0x0041, 0x0041, 0x0041,
  0x0020, 0x0820, 0x0820, 0x0820, 0x0820, 0x0820, 0x1020, 0x1020, 0x1020, 0x1020, 0x1020, 0x1020, 0x1820, 0x1820, 0x1820, 0x1020,
  0x1020, 0x1020, 0x1020, 0x1020, 0x1020, 0x1020, 0x1020, 0x1020, 0x1020, 0x1020, 0x1020, 0x1020, 0x0820, 0x0820, 0x0820, 0x0820,
  0x1020, 0x1841, 0x2061, 0x2861, 0x3061, 0x3081, 0x3061, 0x1840, 0x0020, 0x0020, 0x1020, 0x0820, 0x0820, 0x0820, 0x0820, 0x0820,
  0x0820, 0x0820, 0x0820, 0x0820, 0x0820, 0x0820, 0x0820, 0x0820, 0x0820, 0x0820, 0x0820, 0x1020, 0x1020, 0x1020, 0x1020, 0x1020,
  0x1020, 0x1020, 0x1020, 0x1020, 0x1020, 0x1020, 0x1020, 0x1020, 0x0800, 0x0000, 0xCB4B, 0x9ACA, 0x41C8, 0x5A09, 0x5A4A, 0x39A7,
  0x0862, 0x18A3, 0x10A3, 0x10A3, 0x10A3, 0x10A3, 0x10A3, 0x10A3, 0x10A3, 0x10A3, 0x10A3, 0x0000, 0x1082, 0x18C3, 0x10A3, 0x10A3,
  0x2125, 0x0882, 0x0000, 0x0020, 0x0020, 0x0020, 0x0020, 0x0020, 0x0020, 0x0020, 0x0020, 0x0020, 0x0020, 0x0020, 0x0020, 0x0020,
  0x0820, 0x0000, 0x0000, 0x18C1, 0x18C0, 0x18A0, 0x20C1, 0x28E1, 0x28E1, 0x3121, 0x3121, 0x3121, 0x3121, 0x3121, 0x3121, 0x2901,
  0x28E1, 0x2901, 0x3101, 0x3101, 0x3101, 0x3901, 0x3921, 0x4121, 0x4141, 0x4962, 0x5182, 0x59A2, 0x59A2, 0x61C2, 0x69E2, 0x6A02,
  0x7202, 0x7A22, 0x7A42, 0x8263, 0x8A83, 0x8A83, 0x92A3, 0x92A3, 0x8A83, 0x8A84, 0x8AA4, 0x8A83, 0x8263, 0x8243, 0x8242, 0x7A43,
  0x7A22, 0x7A22, 0x7202, 0x69E2, 0x69C2, 0x61A2, 0x59A2, 0x59A2, 0x59A2, 0x5182, 0x4982, 0x4982, 0x4182, 0x4182, 0x4162, 0x3962,
  0x2902, 0x20C2, 0x28E3, 0x20E3, 0x20C3, 0x18C3, 0x18C3, 0x10A3, 0x0000, 0x2966, 0x2125, 0x1905, 0x2105, 0x2105, 0x1905, 0x1905,
  0x2105, 0x18C4, 0x0000, 0x0020, 0x0000, 0x0000, 0x0020, 0x0021, 0x0021, 0x0021, 0x0021, 0x0021, 0x0021, 0x0021, 0x0020, 0x0020,
  0x0020, 0x0000, 0x0000, 0x0000, 0x0000, 0x0000, 0x0000, 0x0021, 0x0020, 0x0000, 0x0000, 0x0000, 0x0020, 0x0000, 0x0000, 0x0000,
  0x0000, 0x0000, 0x0000, 0x0020, 0x0000, 0x1905, 0x18C4, 0x1082, 0x1083, 0x1083, 0x10A3, 0x10A3, 0x10A3, 0x10A3, 0x10A2, 0x10A3,
  0x1082, 0x1082, 0x10A3, 0x1082, 0x10A3, 0x2987, 0x31C8, 0x2987, 0x0861, 0x0000, 0x0021, 0x0021, 0x0021, 0x0021, 0x0021, 0x0001,
  0x0001, 0x0021, 0x0021, 0x0021, 0x0021, 0x0021, 0x0021, 0x0021, 0x0021, 0x0041, 0x0041, 0x0042, 0x0042, 0x0042, 0x0062, 0x0062,
  0x0042, 0x0042, 0x0042, 0x0042, 0x0042, 0x0063, 0x0021, 0x0000, 0x00A4, 0x0148, 0x018A, 0x016A, 0x0128, 0x00C5, 0x0062, 0x0062,
  0x0062, 0x0062, 0x0063, 0x0063, 0x0083, 0x0083, 0x0083, 0x00A4, 0x00E5, 0x0000, 0x0000, 0x0083, 0x0062, 0x0062, 0x0062, 0x0062,
  0x0062, 0x0062, 0x0042, 0x0042, 0x0041, 0x0041, 0x0041, 0x0041, 0x0041, 0x0041, 0x0041, 0x0041, 0x0041, 0x0041, 0x0041, 0x0021,
  0x1041, 0x1061, 0x1861, 0x1861, 0x2061, 0x2061, 0x2861, 0x2861, 0x2861, 0x3061, 0x3061, 0x3861, 0x3861, 0x3861, 0x3861, 0x3061,
  0x3061, 0x2841, 0x2841, 0x2041, 0x2041, 0x2041, 0x2041, 0x1841, 0x1841, 0x1841, 0x1861, 0x1041, 0x0820, 0x0820, 0x0820, 0x1020,
  0x1041, 0x1841, 0x1841, 0x2061, 0x2061, 0x1840, 0x0820, 0x0020, 0x0820, 0x0820, 0x0820, 0x0820, 0x0820, 0x0820, 0x0820, 0x0820,
  0x0820, 0x0820, 0x0820, 0x0820, 0x0820, 0x0820, 0x0820, 0x0820, 0x0820, 0x0820, 0x0820, 0x0820, 0x0820, 0x0820, 0x0820, 0x0820,
  0x0820, 0x0820, 0x0820, 0x0800, 0x0800, 0x0800, 0x0800, 0x0800, 0x1841, 0x0000, 0x59A5, 0xDBCD, 0x7228, 0x51E8, 0x5A09, 0x5229,
  0x2125, 0x0882, 0x10A3, 0x10A3, 0x10A3, 0x10A3, 0x10A3, 0x10A3, 0x10A3, 0x10A3, 0x10A3, 0x0041, 0x0041, 0x10C3, 0x10A3, 0x10A3,
  0x18E4, 0x2145, 0x0000, 0x0020, 0x0020, 0x0020, 0x0020, 0x0020, 0x0020, 0x0020, 0x0020, 0x0020, 0x0020, 0x0020, 0x0020, 0x0020,
  0x0020, 0x0820, 0x0000, 0x0000, 0x0000, 0x0000, 0x0000, 0x0000, 0x0000, 0x0000, 0x0000, 0x0000, 0x0000, 0x0000, 0x0001, 0x0001,
  0x0001, 0x0001, 0x0000, 0x0001, 0x0001, 0x0821, 0x1041, 0x1841, 0x1841, 0x2061, 0x2061, 0x2861, 0x2881, 0x30A1, 0x38C1, 0x40E1,
  0x40E1, 0x48E1, 0x5101, 0x5921, 0x6141, 0x6141, 0x6962, 0x6962, 0x6962, 0x6962, 0x6962, 0x6162, 0x6162, 0x6142, 0x5922, 0x5122,
  0x5122, 0x5122, 0x5102, 0x4901, 0x4901, 0x40E1, 0x38E1, 0x38E2, 0x30C2, 0x30C2, 0x28C2, 0x28A2, 0x2082, 0x1862, 0x1862, 0x1042,
  0x1882, 0x1882, 0x1882, 0x1082, 0x1062, 0x1062, 0x0841, 0x0021, 0x0021, 0x0000, 0x0000, 0x0000, 0x0000, 0x0000, 0x0000, 0x0000,
  0x0000, 0x0000, 0x0000, 0x0000, 0x0000, 0x0000, 0x0001, 0x0000, 0x0000, 0x0020, 0x0020, 0x0020, 0x0020, 0x0020, 0x0020, 0x0020,
  0x0000, 0x0000, 0x0000, 0x0000, 0x0000, 0x0000, 0x0000, 0x0000, 0x0000, 0x0020, 0x0021, 0x0021, 0x0000, 0x0000, 0x0000, 0x0000,
  0x0000, 0x0000, 0x0020, 0x0000, 0x0862, 0x1905, 0x0882, 0x1082, 0x1082, 0x1082, 0x1082, 0x1082, 0x1082, 0x1082, 0x1083, 0x1083,
  0x1083, 0x10A3, 0x0882, 0x1082, 0x2967, 0x31C8, 0x3187, 0x1082, 0x0000, 0x0041, 0x0021, 0x0021, 0x0021, 0x0021, 0x0021, 0x0000,
  0x0000, 0x0000, 0x0020, 0x0021, 0x0021, 0x0021, 0x0021, 0x0021, 0x0021, 0x0021, 0x0041, 0x0041, 0x0041, 0x0041, 0x0042, 0x0042,
  0x0042, 0x0042, 0x0042, 0x0042, 0x0041, 0x0041, 0x0042, 0x0062, 0x0020, 0x0000, 0x0083, 0x00E7, 0x0107, 0x00E6, 0x00C4, 0x0083,
  0x0042, 0x0042, 0x0062, 0x0062, 0x0062, 0x0062, 0x0062, 0x0062, 0x0063, 0x00A4, 0x0083, 0x0042, 0x0042, 0x0042, 0x0042, 0x0042,
  0x0042, 0x0042, 0x0041, 0x0041, 0x0041, 0x0041, 0x0041, 0x0041, 0x0041, 0x0041, 0x0041, 0x0041, 0x0021, 0x0021, 0x0021, 0x0021,
  0x0020, 0x0020, 0x0020, 0x0020, 0x0020, 0x0020, 0x0820, 0x0820, 0x0020, 0x0020, 0x0820, 0x0820, 0x0820, 0x0820, 0x0820, 0x0820,
  0x0820, 0x0820, 0x0820, 0x0820, 0x0820, 0x0820, 0x0820, 0x0820, 0x0820, 0x0820, 0x0820, 0x0820, 0x0820, 0x0820, 0x0820, 0x1020,
  0x1040, 0x1040, 0x1840, 0x1040, 0x0820, 0x0020, 0x0820, 0x0820, 0x0820, 0x0820, 0x0820, 0x0820, 0x0820, 0x0820, 0x0820, 0x0820,
  0x0820, 0x0820, 0x0820, 0x0820, 0x0820, 0x0820, 0x0820, 0x0820, 0x0820, 0x0820, 0x0820, 0x0820, 0x0820, 0x0820, 0x0820, 0x0820,
  0x0820, 0x0800, 0x0800, 0x0800, 0x0800, 0x0820, 0x0820, 0x0820, 0x0000, 0x2081, 0x0000, 0x8A47, 0xCB4B, 0x39A7, 0x5A08, 0x5A09,
  0x4A08, 0x10A3, 0x10A3, 0x10A3, 0x10A3, 0x10A3, 0x10A3, 0x10A3, 0x10A3, 0x10A3, 0x10A3, 0x0862, 0x0000, 0x10A3, 0x10A3, 0x10A3,
  0x1082, 0x2125, 0x2125, 0x0000, 0x0000, 0x0020, 0x0020, 0x0020, 0x0020, 0x0020, 0x0020, 0x0020, 0x0020, 0x0020, 0x0020, 0x0020,
  0x0020, 0x0020, 0x0840, 0x0840, 0x0840, 0x0840, 0x0840, 0x0840, 0x0840, 0x1041, 0x1061, 0x1061, 0x1061, 0x1061, 0x1061, 0x1061,
  0x1061, 0x1061, 0x1061, 0x1081, 0x1881, 0x1881, 0x1881, 0x2081, 0x20A1, 0x28A1, 0x28A1, 0x28C1, 0x30C1, 0x30E1, 0x38E1, 0x3901,
  0x4102, 0x4122, 0x4922, 0x4921, 0x4921, 0x5142, 0x5142, 0x5962, 0x5962, 0x5962, 0x5962, 0x5962, 0x5962, 0x5142, 0x4942, 0x4922,
  0x4922, 0x4922, 0x4122, 0x4122, 0x4102, 0x4102, 0x3902, 0x3902, 0x3902, 0x30E2, 0x30E2, 0x28E2, 0x28E2, 0x28C2, 0x20C2, 0x20C2,
  0x18A2, 0x18A2, 0x18A2, 0x18A2, 0x1082, 0x1082, 0x1082, 0x0841, 0x0021, 0x0841, 0x0021, 0x0021, 0x0021, 0x0021, 0x0021, 0x0021,
  0x0021, 0x0021, 0x0020, 0x0021, 0x0021, 0x0021, 0x0021, 0x0020, 0x0020, 0x0020, 0x0020, 0x0020, 0x0020, 0x0021, 0x0021, 0x0021,
  0x0021, 0x0021, 0x0021, 0x0021, 0x0021, 0x0021, 0x0021, 0x0021, 0x0021, 0x0021, 0x0020, 0x0020, 0x0000, 0x0001, 0x0001, 0x0001,
  0x0021, 0x0021, 0x0021, 0x0000, 0x18E4, 0x18E4, 0x0862, 0x1082, 0x1082, 0x1082, 0x1082, 0x1082, 0x1082, 0x1082, 0x1082, 0x1082,
  0x10A3, 0x0882, 0x1083, 0x2966, 0x31A8, 0x2987, 0x1082, 0x0000, 0x0041, 0x0021, 0x0021, 0x0021, 0x0021, 0x0021, 0x0021, 0x0020,
  0x0000, 0x0000, 0x0000, 0x0000, 0x0021, 0x0021, 0x0021, 0x0021, 0x0021, 0x0021, 0x0021, 0x0041, 0x0041, 0x0041, 0x0041, 0x0041,
  0x0041, 0x0041, 0x0041, 0x0041, 0x0041, 0x0041, 0x0041, 0x0041, 0x0041, 0x0042, 0x0020, 0x0020, 0x0083, 0x00A4, 0x00A4, 0x0083,
  0x0062, 0x0041, 0x0042, 0x0042, 0x0042, 0x0042, 0x0042, 0x0042, 0x0062, 0x0042, 0x0042, 0x0042, 0x0042, 0x0041, 0x0041, 0x0041,
  0x0041, 0x0041, 0x0041, 0x0041, 0x0021, 0x0021, 0x0021, 0x0021, 0x0021, 0x0021, 0x0041, 0x0021, 0x0021, 0x0021, 0x0021, 0x0021,
  0x0000, 0x0000, 0x0020, 0x0020, 0x0020, 0x0020, 0x0020, 0x0020, 0x0020, 0x0020, 0x0020, 0x0020, 0x0020, 0x0020, 0x0020, 0x0020,
  0x0020, 0x0020, 0x0020, 0x0020, 0x0020, 0x0020, 0x0020, 0x0020, 0x0020, 0x0020, 0x0020, 0x0020, 0x0820, 0x0820, 0x0820, 0x0820,
  0x1020, 0x1020, 0x0820, 0x0020, 0x0020, 0x0820, 0x0820, 0x0820, 0x0820, 0x0820, 0x0820, 0x0820, 0x0820, 0x0820, 0x0820, 0x0820,
  0x0820, 0x0820, 0x0820, 0x0820, 0x0820, 0x0820, 0x0820, 0x0820, 0x0820, 0x0820, 0x0820, 0x0820, 0x0820, 0x0820, 0x0820, 0x0820,
  0x0800, 0x0820, 0x0820, 0x0800, 0x0800, 0x0820, 0x0820, 0x0820, 0x0820, 0x0000, 0x2081, 0x0000, 0xAAC9, 0xBB0A, 0x3987, 0x5A09,
  0x5A2A, 0x39C8, 0x0062, 0x18C3, 0x10A3, 0x10A3, 0x10A3, 0x10A3, 0x10A3, 0x10A3, 0x10A3, 0x1083, 0x0000, 0x0882, 0x10A3, 0x10A3,
  0x10A3, 0x1083, 0x2966, 0x2945, 0x0021, 0x0000, 0x0000, 0x0000, 0x0000, 0x0000, 0x0000, 0x0000, 0x0000, 0x0000, 0x0000, 0x0000,
  0x0000, 0x0000, 0x0000, 0x0000, 0x0000, 0x0000, 0x0000, 0x0000, 0x0000, 0x0000, 0x0000, 0x0000, 0x0000, 0x0000, 0x0000, 0x0000,
  0x0000, 0x0000, 0x0000, 0x0000, 0x0000, 0x0000, 0x0800, 0x0800, 0x0800, 0x1020, 0x1820, 0x1820, 0x1820, 0x1840, 0x2060, 0x2880,
  0x2880, 0x3080, 0x3080, 0x30A0, 0x30A0, 0x38A0, 0x38C0, 0x38C0, 0x40C0, 0x40C0, 0x40C0, 0x40C1, 0x38C1, 0x38C0, 0x30A0, 0x30A0,
  0x30A0, 0x30A0, 0x30A0, 0x2881, 0x2880, 0x2880, 0x2080, 0x2060, 0x2060, 0x2060, 0x2060, 0x1840, 0x1040, 0x1020, 0x0800, 0x0800,
  0x0800, 0x0800, 0x0000, 0x0000, 0x0000, 0x0000, 0x0000, 0x0000, 0x0000, 0x0000, 0x0000, 0x0000, 0x0000, 0x0000, 0x0000, 0x0000,
  0x0000, 0x0000, 0x0000, 0x0000, 0x0000, 0x0000, 0x0000, 0x0000, 0x0000, 0x0000, 0x0000, 0x0000, 0x0000, 0x0000, 0x0000, 0x0000,
  0x0000, 0x0000, 0x0000, 0x0000, 0x0000, 0x0000, 0x0000, 0x0000, 0x0000, 0x0000, 0x0000, 0x0000, 0x0000, 0x0000, 0x0000, 0x0000,
  0x0000, 0x0000, 0x0000, 0x0000, 0x2125, 0x10A3, 0x0882, 0x1082, 0x1082, 0x1082, 0x1082, 0x1082, 0x1082, 0x1082, 0x1082, 0x1083,
  0x1082, 0x10A3, 0x2966, 0x31A8, 0x2987, 0x0882, 0x0000, 0x0041, 0x0021, 0x0021, 0x0021, 0x0021, 0x0021, 0x0021, 0x0021, 0x0000,
  0x0000, 0x0000, 0x0000, 0x0000, 0x0000, 0x0020, 0x0021, 0x0021, 0x0021, 0x0021, 0x0021, 0x0021, 0x0021, 0x0021, 0x0021, 0x0021,
  0x0021, 0x0021, 0x0021, 0x0021, 0x0021, 0x0021, 0x0021, 0x0021, 0x0021, 0x0021, 0x0041, 0x0021, 0x0000, 0x0021, 0x0042, 0x0062,
  0x0042, 0x0041, 0x0041, 0x0041, 0x0041, 0x0042, 0x0042, 0x0042, 0x0042, 0x0042, 0x0041, 0x0041, 0x0041, 0x0041, 0x0041, 0x0041,
  0x0041, 0x0041, 0x0041, 0x0021, 0x0021, 0x0021, 0x0021, 0x0021, 0x0021, 0x0021, 0x0021, 0x0021, 0x0021, 0x0021, 0x0021, 0x0021,
  0x0000, 0x0000, 0x0000, 0x0020, 0x0020, 0x0020, 0x0020, 0x0021, 0x0020, 0x0020, 0x0020, 0x0020, 0x0020, 0x0020, 0x0020, 0x0020,
  0x0020, 0x0020, 0x0020, 0x0020, 0x0020, 0x0020, 0x0020, 0x0020, 0x0020, 0x0020, 0x0020, 0x0820, 0x0820, 0x0820, 0x0820, 0x0820,
  0x0820, 0x0820, 0x0020, 0x0820, 0x0820, 0x0020, 0x0020, 0x0820, 0x0820, 0x0820, 0x0820, 0x0820, 0x0820, 0x0820, 0x0820, 0x0820,
  0x0820, 0x0820, 0x0820, 0x0820, 0x0820, 0x0820, 0x0820, 0x0820, 0x0820, 0x0820, 0x0820, 0x0820, 0x0820, 0x0800, 0x0800, 0x0800,
  0x0800, 0x0800, 0x0800, 0x0800, 0x0800, 0x0800, 0x0800, 0x0800, 0x0800, 0x0800, 0x0820, 0x1840, 0x0000, 0xC34A, 0x9ACA, 0x3188,
  0x6229, 0x5A4A, 0x2925, 0x0882, 0x10C3, 0x10A3, 0x10A3, 0x10A3, 0x10A3, 0x10A3, 0x10A3, 0x10A3, 0x0021, 0x0841, 0x10A3, 0x10A3,
  0x10A3, 0x10A3, 0x10A3, 0x2987, 0x31A7, 0x3187, 0x3187, 0x2987, 0x2987, 0x2967, 0x2967, 0x3187, 0x31A7, 0x31A7, 0x3187, 0x3187,
  0x31A7, 0x31A7, 0x3187, 0x3187, 0x31A7, 0x31A7, 0x3187, 0x3187, 0x31A7, 0x31A8, 0x31A7, 0x3187, 0x31A7, 0x31A7, 0x31A7, 0x3187,
  0x3187, 0x31A7, 0x31A7, 0x39A7, 0x3987, 0x39A7, 0x41A7, 0x41A7, 0x41A7, 0x49A7, 0x49C7, 0x49C7, 0x49C7, 0x49C6, 0x51C6, 0x51C6,
  0x51C6, 0x51C6, 0x51C6, 0x59C6, 0x59C6, 0x59C5, 0x59C5, 0x59C6, 0x59E6, 0x61E6, 0x61E6, 0x59C6, 0x59C6, 0x59C5, 0x51A5, 0x51A5,
  0x51A6, 0x51A6, 0x49A6, 0x49A6, 0x49A6, 0x49A6, 0x49A6, 0x49A6, 0x41A6, 0x41A6, 0x41A6, 0x41A7, 0x3986, 0x3987, 0x39A7, 0x3187,
  0x3166, 0x2966, 0x2946, 0x2946, 0x2966, 0x2946, 0x2946, 0x2145, 0x2146, 0x2146, 0x2146, 0x2146, 0x2146, 0x2125, 0x2125, 0x2125,
  0x2105, 0x2105, 0x2105, 0x1905, 0x1905, 0x1905, 0x2105, 0x2105, 0x2105, 0x2105, 0x2105, 0x1905, 0x1905, 0x1904, 0x18E4, 0x18E4,
  0x18E4, 0x1904, 0x18E4, 0x1905, 0x1905, 0x1904, 0x18E4, 0x18E4, 0x18E4, 0x18E4, 0x18E4, 0x18E4, 0x18E4, 0x18E4, 0x18E4, 0x18E4,
  0x18E4, 0x1904, 0x10A3, 0x10A3, 0x2125, 0x0841, 0x1082, 0x1082, 0x1082, 0x1082, 0x1082, 0x1082, 0x1082, 0x1082, 0x1082, 0x0882,
  0x10A3, 0x2986, 0x31A8, 0x2987, 0x1082, 0x0000, 0x0021, 0x0021, 0x0021, 0x0021, 0x0021, 0x0020, 0x0020, 0x0020, 0x0020, 0x0000,
  0x0000, 0x0000, 0x0001, 0x0000, 0x0000, 0x0000, 0x0020, 0x0021, 0x0021, 0x0021, 0x0021, 0x0021, 0x0021, 0x0021, 0x0021, 0x0021,
  0x0021, 0x0021, 0x0021, 0x0021, 0x0021, 0x0021, 0x0021, 0x0021, 0x0021, 0x0021, 0x0021, 0x0021, 0x0021, 0x0021, 0x0021, 0x0021,
  0x0042, 0x0021, 0x0021, 0x0041, 0x0041, 0x0041, 0x0041, 0x0041, 0x0041, 0x0041, 0x0041, 0x0041, 0x0041, 0x0041, 0x0041, 0x0021,
  0x0021, 0x0021, 0x0021, 0x0021, 0x0021, 0x0021, 0x0021, 0x0021, 0x0021, 0x0021, 0x0021, 0x0021, 0x0021, 0x0021, 0x0021, 0x0021,
  0x0000, 0x0000, 0x0000, 0x0000, 0x0000, 0x0020, 0x0020, 0x0020, 0x0020, 0x0020, 0x0020, 0x0020, 0x0020, 0x0020, 0x0020, 0x0020,
  0x0020, 0x0020, 0x0020, 0x0020, 0x0020, 0x0020, 0x0020, 0x0020, 0x0020, 0x0020, 0x0020, 0x0820, 0x0820, 0x0820, 0x0820, 0x0820,
  0x0020, 0x0020, 0x0020, 0x0020, 0x0020, 0x0020, 0x0020, 0x0020, 0x0020, 0x0820, 0x0820, 0x0820, 0x0820, 0x0020, 0x0820, 0x0820,
  0x0020, 0x0020, 0x0820, 0x0820, 0x0820, 0x0820, 0x0820, 0x0820, 0x0820, 0x0820, 0x0820, 0x0820, 0x0820, 0x0820, 0x0020, 0x0020,
  0x0020, 0x0020, 0x0020, 0x0020, 0x0020, 0x0020, 0x0020, 0x0020, 0x0020, 0x0020, 0x0020, 0x1040, 0x0000, 0x0020, 0xBB6B, 0x8269,
  0x41C8, 0x6A4A, 0x5209, 0x0082, 0x10A3, 0x18A3, 0x10A3, 0x10A3, 0x10A3, 0x10A3, 0x10A3, 0x10A3, 0x0862, 0x0000, 0x10A3, 0x10A3,
  0x10A3, 0x10A3, 0x10A3, 0x1083, 0x2125, 0x2966, 0x2946, 0x2146, 0x2146, 0x2126, 0x2146, 0x2946, 0x2946, 0x2946, 0x2946, 0x2946,
  0x2966, 0x2966, 0x2946, 0x2946, 0x2966, 0x2946, 0x2946, 0x2966, 0x2966, 0x2966, 0x2966, 0x2966, 0x2966, 0x2966, 0x2966, 0x2966,
  0x2966, 0x3166, 0x3166, 0x3166, 0x3966, 0x3966, 0x3966, 0x3986, 0x4186, 0x4186, 0x41A6, 0x49A6, 0x49A6, 0x49A6, 0x49A6, 0x49A6,
  0x51C6, 0x51C6, 0x51C6, 0x51C6, 0x59C6, 0x59C6, 0x59C6, 0x59E6, 0x59E6, 0x6206, 0x6207, 0x59E6, 0x59E6, 0x59C6, 0x51C6, 0x51C6,
  0x51C6, 0x51C7, 0x51C7, 0x51C7, 0x51E7, 0x51E7, 0x51E7, 0x51E7, 0x49E7, 0x49E8, 0x49E8, 0x49E8, 0x49E8, 0x41E8, 0x41E8, 0x41E8,
  0x39C8, 0x39A8, 0x31A8, 0x31A8, 0x31A8, 0x31A8, 0x31A8, 0x31A7, 0x31A7, 0x31A8, 0x31A8, 0x31A8, 0x31A7, 0x3187, 0x2987, 0x2987,
  0x2987, 0x2966, 0x2966, 0x2966, 0x2966, 0x2966, 0x2966, 0x2967, 0x2987, 0x2987, 0x2987, 0x2987, 0x2987, 0x2987, 0x2967, 0x2966,
  0x2966, 0x2967, 0x2967, 0x2967, 0x2967, 0x2987, 0x2967, 0x2967, 0x2967, 0x2967, 0x2966, 0x2966, 0x2987, 0x2987, 0x2987, 0x2987,
  0x2987, 0x31A7, 0x18E4, 0x2105, 0x18C4, 0x0862, 0x1082, 0x1082, 0x1082, 0x1082, 0x1082, 0x1082, 0x1082, 0x1083, 0x0862, 0x10A3,
  0x2987, 0x31C8, 0x29A7, 0x10A3, 0x0000, 0x0021, 0x0021, 0x0021, 0x0021, 0x0020, 0x0020, 0x0000, 0x0000, 0x0000, 0x0000, 0x0000,
  0x0000, 0x0000, 0x0000, 0x0000, 0x0000, 0x0000, 0x0001, 0x0001, 0x0020, 0x0021, 0x0021, 0x0021, 0x0021, 0x0021, 0x0021, 0x0021,
  0x0021, 0x0021, 0x0021, 0x0021, 0x0021, 0x0021, 0x0021, 0x0021, 0x0021, 0x0021, 0x0021, 0x0021, 0x0021, 0x0021, 0x0021, 0x0021,
  0x0021, 0x0021, 0x0021, 0x0021, 0x0041, 0x0041, 0x0041, 0x0041, 0x0041, 0x0021, 0x0021, 0x0021, 0x0021, 0x0021, 0x0021, 0x0021,
  0x0021, 0x0021, 0x0021, 0x0021, 0x0021, 0x0021, 0x0021, 0x0021, 0x0021, 0x0021, 0x0021, 0x0021, 0x0021, 0x0021, 0x0021, 0x0021,
  0x0020, 0x0000, 0x0000, 0x0000, 0x0000, 0x0000, 0x0020, 0x0021, 0x0020, 0x0021, 0x0020, 0x0020, 0x0020, 0x0020, 0x0020, 0x0020,
  0x0020, 0x0020, 0x0020, 0x0020, 0x0020, 0x0020, 0x0020, 0x0020, 0x0020, 0x0020, 0x0020, 0x0020, 0x0020, 0x0020, 0x0020, 0x0020,
  0x0020, 0x0020, 0x0020, 0x0020, 0x0020, 0x0020, 0x0020, 0x0020, 0x0020, 0x0020, 0x0020, 0x0020, 0x0020, 0x0020, 0x0020, 0x0020,
  0x0020, 0x0020, 0x0020, 0x0020, 0x0020, 0x0020, 0x0020, 0x0020, 0x0020, 0x0020, 0x0020, 0x0020, 0x0020, 0x0020, 0x0020, 0x0020,
  0x0020, 0x0020, 0x0020, 0x0020, 0x0020, 0x0020, 0x0020, 0x0020, 0x0020, 0x0020, 0x0020, 0x0000, 0x1841, 0x0000, 0x2082, 0xCB6A,
  0x8248, 0x49C8, 0x6A4A, 0x49C8, 0x0062, 0x1083, 0x10A3, 0x10A3, 0x10A3, 0x10A3, 0x10A3, 0x10A3, 0x10A3, 0x0000, 0x1082, 0x10A3,
  0x10A3, 0x10A3, 0x10A3, 0x10A3, 0x0882, 0x0862, 0x0862, 0x0862, 0x0862, 0x0862, 0x0862, 0x0862, 0x0862, 0x0862, 0x0862, 0x0862,
  0x0861, 0x0861, 0x0862, 0x0862, 0x0862, 0x0862, 0x0862, 0x0862, 0x0862, 0x0862, 0x0862, 0x0862, 0x0862, 0x1062, 0x1062, 0x1062,
  0x1061, 0x1061, 0x1061, 0x1062, 0x1061, 0x1061, 0x1061, 0x1061, 0x1861, 0x1861, 0x1862, 0x1862, 0x1862, 0x1861, 0x1862, 0x2082,
  0x2082, 0x2082, 0x2082, 0x2882, 0x28A2, 0x28A2, 0x28A2, 0x30A2, 0x30C2, 0x30C2, 0x30C3, 0x30C3, 0x30C3, 0x30C3, 0x28C3, 0x28C3,
  0x28C3, 0x28C3, 0x28C3, 0x20C3, 0x28C3, 0x28C3, 0x20C3, 0x20C3, 0x20C3, 0x20A3, 0x20A3, 0x20A3, 0x20A3, 0x20A3, 0x18A3, 0x18A3,
  0x18A3, 0x18A3, 0x10A3, 0x10A3, 0x10A3, 0x10A3, 0x10A3, 0x10A3, 0x10A3, 0x10A3, 0x10A3, 0x10A3, 0x10A3, 0x10A3, 0x10A3, 0x10A3,
  0x10A3, 0x10A3, 0x10A3, 0x10A3, 0x10A3, 0x10C3, 0x10C3, 0x10C3, 0x18C4, 0x18C4, 0x18C4, 0x18C4, 0x18C4, 0x18C4, 0x18C4, 0x18C4,
  0x18C4, 0x18C4, 0x18C4, 0x18C4, 0x18C4, 0x18C4, 0x18C4, 0x18C4, 0x18C4, 0x18C4, 0x18C4, 0x18C4, 0x18C4, 0x18C4, 0x18C4, 0x18C4,
  0x18E4, 0x10C3, 0x0862, 0x2125, 0x0882, 0x1082, 0x1082, 0x1082, 0x1082, 0x1082, 0x1082, 0x1082, 0x1082, 0x0862, 0x10C3, 0x2987,
  0x31A8, 0x31A7, 0x10C3, 0x0000, 0x0021, 0x0021, 0x0021, 0x0021, 0x0021, 0x0021, 0x0020, 0x0000, 0x0000, 0x0000, 0x0000, 0x0000,
  0x0000, 0x0000, 0x0001, 0x0000, 0x0000, 0x0000, 0x0001, 0x0000, 0x0000, 0x0000, 0x0000, 0x0001, 0x0021, 0x0021, 0x0021, 0x0021,
  0x0021, 0x0021, 0x0021, 0x0021, 0x0021, 0x0021, 0x0021, 0x0021, 0x0021, 0x0021, 0x0021, 0x0021, 0x0021, 0x0021, 0x0021, 0x0021,
  0x0021, 0x0021, 0x0021, 0x0021, 0x0021, 0x0021, 0x0021, 0x0021, 0x0021, 0x0021, 0x0021, 0x0021, 0x0021, 0x0021, 0x0021, 0x0021,
  0x0021, 0x0021, 0x0021, 0x0021, 0x0021, 0x0021, 0x0021, 0x0021, 0x0021, 0x0021, 0x0021, 0x0021, 0x0021, 0x0021, 0x0021, 0x0021,
  0x0020, 0x0020, 0x0020, 0x0000, 0x0000, 0x0000, 0x0020, 0x0020, 0x0020, 0x0020, 0x0020, 0x0020, 0x0020, 0x0020, 0x0020, 0x0020,
  0x0020, 0x0020, 0x0020, 0x0020, 0x0020, 0x0020, 0x0020, 0x0020, 0x0020, 0x0020, 0x0020, 0x0020, 0x0020, 0x0020, 0x0020, 0x0020,
  0x0020, 0x0020, 0x0020, 0x0020, 0x0020, 0x0020, 0x0020, 0x0020, 0x0020, 0x0020, 0x0020, 0x0020, 0x0020, 0x0020, 0x0020, 0x0020,
  0x0020, 0x0020, 0x0020, 0x0020, 0x0020, 0x0020, 0x0020, 0x0020, 0x0020, 0x0020, 0x0020, 0x0020, 0x0020, 0x0020, 0x0000, 0x0000,
  0x0000, 0x0000, 0x0000, 0x0000, 0x0000, 0x0000, 0x0000, 0x0000, 0x0000, 0x0000, 0x0000, 0x0000, 0x0000, 0x2061, 0x0000, 0x5963,
  0xCB8A, 0x7228, 0x51E9, 0x726A, 0x5A09, 0x2105, 0x18C4, 0x18C3, 0x10A3, 0x10A3, 0x10A3, 0x10A3, 0x10A3, 0x0021, 0x0041, 0x10A3,
  0x10A3, 0x10A3, 0x10A3, 0x10A3, 0x10A3, 0x10A3, 0x10A3, 0x10A3, 0x10A3, 0x10A3, 0x10A3, 0x10A3, 0x10A3, 0x10A3, 0x10A3, 0x10A3,
  0x10A3, 0x10A3, 0x10A3, 0x10A3, 0x10A3, 0x10A3, 0x10A3, 0x10A3, 0x10A3, 0x10A3, 0x1083, 0x1082, 0x1082, 0x1082, 0x1082, 0x1082,
  0x1082, 0x1082, 0x1082, 0x1082, 0x1082, 0x1082, 0x1882, 0x1882, 0x1882, 0x1882, 0x1882, 0x1862, 0x1862, 0x1861, 0x1861, 0x1882,
  0x2082, 0x2082, 0x2082, 0x2082, 0x2081, 0x2081, 0x2081, 0x28A2, 0x28A2, 0x28A2, 0x28A2, 0x28A2, 0x28A2, 0x20A2, 0x20A2, 0x2082,
  0x2082, 0x2082, 0x2082, 0x2082, 0x2082, 0x2082, 0x2082, 0x1882, 0x18A2, 0x1882, 0x1882, 0x1882, 0x1882, 0x1882, 0x1882, 0x1082,
  0x1062, 0x1062, 0x1062, 0x1062, 0x1082, 0x1082, 0x1082, 0x0862, 0x0862, 0x0882, 0x0882, 0x0862, 0x0862, 0x0882, 0x0862, 0x0862,
  0x0862, 0x0862, 0x0862, 0x0862, 0x0862, 0x0862, 0x1082, 0x1082, 0x1082, 0x0882, 0x1082, 0x1082, 0x1082, 0x1082, 0x1082, 0x1083,
  0x1082, 0x1082, 0x1082, 0x1082, 0x1083, 0x1083, 0x1082, 0x1082, 0x1082, 0x1082, 0x1082, 0x1082, 0x1082, 0x1062, 0x0862, 0x0862,
  0x1082, 0x0000, 0x18C4, 0x18E4, 0x0841, 0x0862, 0x0862, 0x0862, 0x0862, 0x0862, 0x0862, 0x1082, 0x1082, 0x18E4, 0x2987, 0x31A7,
  0x2987, 0x10C3, 0x0000, 0x0021, 0x0021, 0x0021, 0x0021, 0x0021, 0x0021, 0x0021, 0x0020, 0x0000, 0x0000, 0x0000, 0x0000, 0x0000,
  0x0000, 0x0000, 0x0000, 0x0000, 0x0000, 0x0000, 0x0001, 0x0001, 0x0001, 0x0000, 0x0000, 0x0000, 0x0021, 0x0021, 0x0021, 0x0021,
  0x0021, 0x0021, 0x0021, 0x0021, 0x0021, 0x0021, 0x0021, 0x0021, 0x0021, 0x0021, 0x0021, 0x0021, 0x0021, 0x0021, 0x0021, 0x0021,
  0x0021, 0x0021, 0x0021, 0x0021, 0x0021, 0x0021, 0x0021, 0x0021, 0x0021, 0x0021, 0x0021, 0x0021, 0x0021, 0x0021, 0x0021, 0x0021,
  0x0021, 0x0021, 0x0021, 0x0021, 0x0021, 0x0021, 0x0021, 0x0021, 0x0021, 0x0021, 0x0021, 0x0021, 0x0001, 0x0001, 0x0020, 0x0020,
  0x0020, 0x0000, 0x0000, 0x0000, 0x0000, 0x0000, 0x0000, 0x0000, 0x0000, 0x0000, 0x0000, 0x0000, 0x0000, 0x0000, 0x0000, 0x0000,
  0x0000, 0x0020, 0x0020, 0x0020, 0x0020, 0x0020, 0x0020, 0x0020, 0x0020, 0x0020, 0x0020, 0x0020, 0x0020, 0x0020, 0x0020, 0x0020,
  0x0020, 0x0020, 0x0020, 0x0020, 0x0020, 0x0020, 0x0020, 0x0020, 0x0020, 0x0020, 0x0020, 0x0020, 0x0020, 0x0020, 0x0020, 0x0020,
  0x0020, 0x0020, 0x0020, 0x0020, 0x0020, 0x0020, 0x0020, 0x0020, 0x0020, 0x0020, 0x0020, 0x0020, 0x0020, 0x0020, 0x0020, 0x0020,
  0x0000, 0x0020, 0x0020, 0x0020, 0x0000, 0x0020, 0x0020, 0x0020, 0x0020, 0x0020, 0x0020, 0x0020, 0x0020, 0x0000, 0x2081, 0x0000,
  0x69C5, 0xD38B, 0x9289, 0x6229, 0x6A6A, 0x626A, 0x5229, 0x4A09, 0x4A09, 0x4A09, 0x4A09, 0x4A09, 0x4A09, 0x3166, 0x0000, 0x2125,
  0x2146, 0x2126, 0x2126, 0x2126, 0x2126, 0x2126, 0x2126, 0x2146, 0x2126, 0x2126, 0x2125, 0x2126, 0x2126, 0x2126, 0x2125, 0x2126,
  0x2146, 0x2146, 0x2146, 0x2146, 0x2146, 0x2146, 0x2146, 0x2146, 0x2146, 0x2966, 0x2966, 0x2966, 0x2966, 0x2966, 0x2966, 0x2966,
  0x2966, 0x2987, 0x2987, 0x2967, 0x2966, 0x2966, 0x2946, 0x2946, 0x2946, 0x2946, 0x2946, 0x2946, 0x2946, 0x2945, 0x2946, 0x2946,
  0x2946, 0x2946, 0x2946, 0x2946, 0x2946, 0x3166, 0x3166, 0x3166, 0x3166, 0x3166, 0x3166, 0x3166, 0x3166, 0x3166, 0x3166, 0x3166,
  0x3166, 0x3166, 0x3166, 0x3166, 0x2966, 0x2966, 0x2966, 0x2946, 0x2946, 0x2966, 0x2946, 0x2946, 0x2946, 0x2946, 0x2946, 0x2946,
  0x2946, 0x2946, 0x2966, 0x2966, 0x2966, 0x2966, 0x2946, 0x2946, 0x2946, 0x2146, 0x2146, 0x2146, 0x2146, 0x2146, 0x2146, 0x2146,
  0x2146, 0x2146, 0x2146, 0x2146, 0x2946, 0x2946, 0x2946, 0x2966, 0x2966, 0x2966, 0x2966, 0x2966, 0x2966, 0x2966, 0x2966, 0x2966,
  0x2966, 0x2966, 0x2966, 0x2966, 0x2966, 0x2966, 0x2966, 0x2966, 0x2966, 0x2966, 0x2966, 0x2966, 0x2966, 0x2966, 0x2966, 0x2966,
  0x2966, 0x0000, 0x2105, 0x2146, 0x2125, 0x2125, 0x2125, 0x2146, 0x2146, 0x2166, 0x2966, 0x2987, 0x2987, 0x31A7, 0x31A7, 0x2987,
  0x10C3, 0x0000, 0x0021, 0x0021, 0x0021, 0x0021, 0x0021, 0x0021, 0x0021, 0x0021, 0x0020, 0x0000, 0x0000, 0x0000, 0x0000, 0x0000,
  0x0000, 0x0000, 0x0000, 0x0000, 0x0001, 0x0001, 0x0000, 0x0021, 0x0000, 0x0000, 0x0021, 0x0021, 0x0021, 0x0021, 0x0021, 0x0021,
  0x0021, 0x0021, 0x0021, 0x0021, 0x0021, 0x0021, 0x0021, 0x0021, 0x0021, 0x0021, 0x0021, 0x0021, 0x0021, 0x0021, 0x0021, 0x0021,
  0x0021, 0x0021, 0x0021, 0x0021, 0x0021, 0x0021, 0x0021, 0x0021, 0x0021, 0x0021, 0x0021, 0x0021, 0x0021, 0x0021, 0x0021, 0x0021,
  0x0021, 0x0021, 0x0021, 0x0021, 0x0021, 0x0021, 0x0001, 0x0021, 0x0021, 0x0021, 0x0021, 0x0001, 0x0001, 0x0001, 0x0020, 0x0020,
  0x0000, 0x0000, 0x0000, 0x0000, 0x0000, 0x0000, 0x0020, 0x0020, 0x0020, 0x0020, 0x0000, 0x0000, 0x0000, 0x0000, 0x0000, 0x0000,
  0x0000, 0x0000, 0x0000, 0x0000, 0x0020, 0x0020, 0x0020, 0x0020, 0x0020, 0x0020, 0x0020, 0x0020, 0x0000, 0x0000, 0x0000, 0x0000,
  0x0000, 0x0000, 0x0020, 0x0020, 0x0020, 0x0020, 0x0020, 0x0020, 0x0020, 0x0020, 0x0020, 0x0021, 0x0020, 0x0020, 0x0020, 0x0020,
  0x0020, 0x0020, 0x0020, 0x0020, 0x0020, 0x0020, 0x0020, 0x0020, 0x0020, 0x0020, 0x0020, 0x0020, 0x0020, 0x0020, 0x0020, 0x0020,
  0x0020, 0x0020, 0x0020, 0x0020, 0x0020, 0x0020, 0x0020, 0x0020, 0x0020, 0x0020, 0x0020, 0x0020, 0x0000, 0x0020, 0x0000, 0x2081,
  0x0000, 0x61A4, 0xC328, 0xAA67, 0x8A08, 0x7228, 0x6A29, 0x5A29, 0x522A, 0x524A, 0x524A, 0x522A, 0x4A29, 0x41E8, 0x0020, 0x18E4,
  0x2966, 0x2946, 0x2946, 0x2146, 0x2146, 0x2146, 0x2146, 0x2146, 0x2146, 0x2146, 0x2146, 0x2146, 0x2146, 0x2146, 0x2146, 0x2146,
  0x2146, 0x2146, 0x2946, 0x2966, 0x2146, 0x2146, 0x2146, 0x2946, 0x2967, 0x2967, 0x2987, 0x2987, 0x2987, 0x2987, 0x2987, 0x2987,
  0x2987, 0x31A7, 0x31A8, 0x31A7, 0x2987, 0x2987, 0x2987, 0x2987, 0x2987, 0x2987, 0x2987, 0x2967, 0x2967, 0x2987, 0x3187, 0x3187,
  0x3187, 0x3187, 0x31A7, 0x31A7, 0x31A7, 0x39A8, 0x39C8, 0x39C8, 0x39C8, 0x39C8, 0x39C8, 0x39C8, 0x39C8, 0x39C8, 0x39C8, 0x39E8,
  0x39E9, 0x39E9, 0x39E9, 0x39E9, 0x39E9, 0x39E9, 0x39C8, 0x31C8, 0x31C8, 0x31C8, 0x31C8, 0x31C8, 0x31C8, 0x31C8, 0x31C8, 0x31C8,
  0x31C8, 0x39C8, 0x39E8, 0x39E8, 0x39E8, 0x39E8, 0x31C8, 0x31C8, 0x31C8, 0x31C8, 0x31C8, 0x31C8, 0x31C8, 0x31C8, 0x31C8, 0x31C8,
  0x31A8, 0x31A8, 0x31C8, 0x31C8, 0x31C8, 0x31C8, 0x31C8, 0x31E8, 0x39E9, 0x39E9, 0x39E9, 0x39E9, 0x39E9, 0x39E8, 0x39E8, 0x39E8,
  0x39E8, 0x31E8, 0x31C8, 0x31C8, 0x31C8, 0x31C8, 0x31C8, 0x31C8, 0x31C8, 0x31C8, 0x31C8, 0x31C8, 0x31C8, 0x31C8, 0x39E9, 0x3A09,
  0x2987, 0x0000, 0x2946, 0x2966, 0x2966, 0x2966, 0x2987, 0x2987, 0x31A7, 0x31A7, 0x31A7, 0x31A8, 0x31A8, 0x31A7, 0x2946, 0x1082,
  0x0000, 0x0021, 0x0021, 0x0021, 0x0021, 0x0021, 0x0021, 0x0021, 0x0021, 0x0000, 0x0000, 0x0000, 0x0000, 0x0000, 0x0000, 0x0000,
  0x0000, 0x0001, 0x0001, 0x0001, 0x0001, 0x0001, 0x0000, 0x0000, 0x0000, 0x0000, 0x0021, 0x0021, 0x0021, 0x0021, 0x0021, 0x0000,
  0x0021, 0x0021, 0x0021, 0x0021, 0x0021, 0x0021, 0x0021, 0x0021, 0x0021, 0x0021, 0x0021, 0x0021, 0x0021, 0x0021, 0x0001, 0x0001,
  0x0021, 0x0021, 0x0021, 0x0021, 0x0021, 0x0021, 0x0021, 0x0021, 0x0021, 0x0021, 0x0021, 0x0021, 0x0021, 0x0021, 0x0021, 0x0021,
  0x0021, 0x0021, 0x0021, 0x0021, 0x0021, 0x0000, 0x0000, 0x0021, 0x0021, 0x0021, 0x0021, 0x0001, 0x0020, 0x0020, 0x0020, 0x0020,
  0x0000, 0x0000, 0x0000, 0x0000, 0x0000, 0x0000, 0x0000, 0x0020, 0x0000, 0x0000, 0x0000, 0x0000, 0x0000, 0x0000, 0x0000, 0x0000,
  0x0000, 0x0000, 0x0000, 0x0000, 0x0000, 0x0000, 0x0000, 0x0000, 0x0020, 0x0000, 0x0000, 0x0000, 0x0000, 0x0000, 0x0000, 0x0000,
  0x0000, 0x0000, 0x0000, 0x0000, 0x0020, 0x0000, 0x0020, 0x0020, 0x0020, 0x0000, 0x0020, 0x0020, 0x0020, 0x0000, 0x0020, 0x0020,
  0x0020, 0x0020, 0x0020, 0x0020, 0x0020, 0x0020, 0x0020, 0x0020, 0x0020, 0x0020, 0x0020, 0x0020, 0x0020, 0x0020, 0x0020, 0x0020,
  0x0020, 0x0020, 0x0020, 0x0020, 0x0020, 0x0020, 0x0020, 0x0020, 0x0020, 0x0020, 0x0000, 0x0000, 0x0020, 0x0020, 0x0020, 0x0000,
  0x1861, 0x0000, 0x0000, 0x5901, 0x58A0, 0x40A1, 0x38A2, 0x28C3, 0x20E3, 0x20E4, 0x2104, 0x20E4, 0x20E3, 0x20E3, 0x0841, 0x0020,
  0x1082, 0x1082, 0x1082, 0x1082, 0x0882, 0x0882, 0x0862, 0x0882, 0x0882, 0x0862, 0x0862, 0x0862, 0x0862, 0x0862, 0x0862, 0x0862,
  0x0862, 0x0862, 0x0862, 0x0862, 0x0862, 0x0862, 0x0862, 0x0862, 0x0862, 0x0862, 0x0882, 0x1082, 0x0882, 0x0862, 0x0862, 0x0862,
  0x0882, 0x0882, 0x0882, 0x0862, 0x0862, 0x0861, 0x0861, 0x0861, 0x0841, 0x0861, 0x0862, 0x0841, 0x0841, 0x0861, 0x0861, 0x0861,
  0x0861, 0x0862, 0x0862, 0x0861, 0x0861, 0x0862, 0x0882, 0x0862, 0x0862, 0x1082, 0x1082, 0x1082, 0x1082, 0x1082, 0x1082, 0x1082,
  0x10A2, 0x10A2, 0x10A2, 0x10A3, 0x10A2, 0x1082, 0x1082, 0x1082, 0x1082, 0x1082, 0x10A2, 0x1082, 0x1082, 0x1082, 0x1082, 0x1082,
  0x10A3, 0x10A3, 0x10A3, 0x10A3, 0x10C3, 0x10C3, 0x10C3, 0x10A3, 0x10A3, 0x10A3, 0x10C3, 0x10C3, 0x10C3, 0x10A3, 0x10A3, 0x10A3,
  0x10A3, 0x10A3, 0x10A3, 0x10A3, 0x10C3, 0x10A3, 0x10A3, 0x10C3, 0x10C3, 0x10C3, 0x10C3, 0x10C3, 0x10C3, 0x10A3, 0x10A3, 0x10C3,
  0x10C3, 0x10C3, 0x10C3, 0x10A3, 0x10C3, 0x10A3, 0x10A3, 0x10A3, 0x10A3, 0x10A3, 0x10A3, 0x10A3, 0x10C3, 0x10C3, 0x18C3, 0x18E4,
  0x0862, 0x0020, 0x1082, 0x1082, 0x1082, 0x1082, 0x1082, 0x1083, 0x1083, 0x1083, 0x1083, 0x10A3, 0x10A3, 0x1082, 0x0000, 0x0000,
  0x0021, 0x0021, 0x0021, 0x0021, 0x0021, 0x0021, 0x0021, 0x0000, 0x0000, 0x0000, 0x0000, 0x0000, 0x0000, 0x0000, 0x0000, 0x0000,
  0x0000, 0x0000, 0x0000, 0x0001, 0x0001, 0x0001, 0x0000, 0x0000, 0x0000, 0x0000, 0x0020, 0x0020, 0x0020, 0x0020, 0x0021, 0x0021,
  0x0021, 0x0021, 0x0021, 0x0021, 0x0021, 0x0021, 0x0021, 0x0021, 0x0021, 0x0021, 0x0021, 0x0021, 0x0021, 0x0001, 0x0001, 0x0001,
  0x0021, 0x0021, 0x0021, 0x0021, 0x0021, 0x0021, 0x0021, 0x0021, 0x0021, 0x0021, 0x0021, 0x0021, 0x0021, 0x0021, 0x0021, 0x0021,
  0x0021, 0x0021, 0x0021, 0x0021, 0x0021, 0x0020, 0x0020, 0x0020, 0x0020, 0x0020, 0x0021, 0x0021, 0x0020, 0x0020, 0x0020, 0x0020,
  0x0000, 0x0000, 0x0000, 0x0000, 0x0000, 0x0000, 0x0020, 0x0000, 0x0000, 0x0000, 0x0000, 0x0000, 0x0000, 0x0000, 0x0000, 0x0000,
  0x0000, 0x0000, 0x0000, 0x0000, 0x0000, 0x0000, 0x0020, 0x0020, 0x0020, 0x0020, 0x0020, 0x0020, 0x0020, 0x0020, 0x0020, 0x0000,
  0x0000, 0x0000, 0x0000, 0x0000, 0x0020, 0x0000, 0x0000, 0x0000, 0x0000, 0x0000, 0x0000, 0x0000, 0x0000, 0x0000, 0x0000, 0x0020,
  0x0000, 0x0020, 0x0020, 0x0000, 0x0000, 0x0000, 0x0000, 0x0000, 0x0000, 0x0000, 0x0000, 0x0000, 0x0020, 0x0020, 0x0020, 0x0000,
  0x0000, 0x0000, 0x0020, 0x0020, 0x0020, 0x0020, 0x0020, 0x0000, 0x0000, 0x0000, 0x0000, 0x0000, 0x0000, 0x0000, 0x0020, 0x0020,
  0x0000, 0x1041, 0x1040, 0x0000, 0x0000, 0x0000, 0x0000, 0x0000, 0x0000, 0x0000, 0x0000, 0x0000, 0x0000, 0x0000, 0x0000, 0x0000,
  0x0000, 0x0000, 0x0000, 0x0000, 0x0000, 0x0000, 0x0000, 0x0000, 0x0000, 0x0000, 0x0000, 0x0000, 0x0000, 0x0000, 0x0000, 0x0000,
  0x0000, 0x0000, 0x0000, 0x0000, 0x0000, 0x0000, 0x0000, 0x0000, 0x0000, 0x0000, 0x0000, 0x0000, 0x0000, 0x0000, 0x0000, 0x0000,
  0x0000, 0x0000, 0x0000, 0x0000, 0x0020, 0x10A3, 0x1082, 0x1082, 0x1082, 0x0861, 0x0000, 0x0841, 0x0841, 0x0841, 0x0841, 0x0841,
  0x0841, 0x0000, 0x0841, 0x1082, 0x1082, 0x1082, 0x1082, 0x1082, 0x1082, 0x0000, 0x0820, 0x1020, 0x1020, 0x1020, 0x0820, 0x0820,
  0x0820, 0x0820, 0x0820, 0x0800, 0x0800, 0x0000, 0x0000, 0x0000, 0x0000, 0x0000, 0x0000, 0x0841, 0x10A2, 0x1082, 0x0862, 0x1082,
  0x0020, 0x0000, 0x0841, 0x0000, 0x0000, 0x0000, 0x0000, 0x0000, 0x0000, 0x0000, 0x0020, 0x0821, 0x0821, 0x0841, 0x0841, 0x0841,
  0x0841, 0x0841, 0x0862, 0x0841, 0x0000, 0x0000, 0x0000, 0x0000, 0x0000, 0x0000, 0x0000, 0x0000, 0x0000, 0x0000, 0x0000, 0x0000,
  0x0000, 0x0000, 0x0000, 0x0000, 0x0000, 0x0000, 0x0000, 0x0000, 0x0000, 0x0000, 0x0000, 0x0000, 0x0000, 0x0000, 0x0000, 0x0000,
  0x0000, 0x0000, 0x0000, 0x0000, 0x0000, 0x0000, 0x0000, 0x0000, 0x0000, 0x0000, 0x0000, 0x0000, 0x0000, 0x0000, 0x0021, 0x0021,
  0x0021, 0x0021, 0x0021, 0x0020, 0x0021, 0x0021, 0x0000, 0x0000, 0x0000, 0x0000, 0x0000, 0x0000, 0x0000, 0x0000, 0x0000, 0x0000,
  0x0000, 0x0000, 0x0000, 0x0000, 0x0000, 0x0000, 0x0000, 0x0000, 0x0000, 0x0020, 0x0020, 0x0020, 0x0020, 0x0020, 0x0020, 0x0020,
  0x0020, 0x0000, 0x0020, 0x0020, 0x0021, 0x0021, 0x0021, 0x0001, 0x0001, 0x0021, 0x0021, 0x0021, 0x0001, 0x0001, 0x0001, 0x0001,
  0x0001, 0x0021, 0x0020, 0x0020, 0x0020, 0x0021, 0x0021, 0x0000, 0x0021, 0x0020, 0x0020, 0x0020, 0x0020, 0x0020, 0x0021, 0x0021,
  0x0021, 0x0021, 0x0021, 0x0000, 0x0020, 0x0020, 0x0021, 0x0020, 0x0020, 0x0020, 0x0020, 0x0020, 0x0020, 0x0020, 0x0020, 0x0020,
  0x0000, 0x0000, 0x0000, 0x0000, 0x0000, 0x0020, 0x0020, 0x0020, 0x0020, 0x0000, 0x0000, 0x0000, 0x0000, 0x0000, 0x0000, 0x0000,
  0x0000, 0x0000, 0x0000, 0x0000, 0x0000, 0x0020, 0x0020, 0x0020, 0x0020, 0x0020, 0x0020, 0x0020, 0x0020, 0x0020, 0x0020, 0x0000,
  0x0000, 0x0000, 0x0000, 0x0020, 0x0020, 0x0000, 0x0000, 0x0000, 0x0000, 0x0000, 0x0000, 0x0000, 0x0000, 0x0000, 0x0000, 0x0000,
  0x0000, 0x0000, 0x0000, 0x0000, 0x0000, 0x0000, 0x0000, 0x0000, 0x0000, 0x0000, 0x0000, 0x0020, 0x0020, 0x0020, 0x0020, 0x0000,
  0x0000, 0x0000, 0x0000, 0x0000, 0x0000, 0x0000, 0x0000, 0x0000, 0x0000, 0x0000, 0x0000, 0x0000, 0x0000, 0x0000, 0x0000, 0x0000,
  0x0020, 0x0020, 0x0020, 0x1020, 0x1020, 0x0820, 0x0821, 0x0821, 0x0021, 0x0021, 0x0021, 0x0021, 0x0021, 0x0021, 0x0020, 0x0020,
  0x0020, 0x0020, 0x0020, 0x0020, 0x0020, 0x0020, 0x0020, 0x0020, 0x0020, 0x0020, 0x0020, 0x0020, 0x0020, 0x0020, 0x0020, 0x0020,
  0x0020, 0x0020, 0x0020, 0x0020, 0x0020, 0x0020, 0x0020, 0x0020, 0x0020, 0x0020, 0x0020, 0x0020, 0x0020, 0x0020, 0x0020, 0x0020,
  0x0820, 0x0820, 0x0820, 0x0000, 0x0862, 0x2104, 0x18E4, 0x18E4, 0x18E4, 0x10A3, 0x0000, 0x10A3, 0x10A3, 0x10A3, 0x10A3, 0x10A3,
  0x10A3, 0x0020, 0x1082, 0x2105, 0x18E4, 0x20E4, 0x18E4, 0x18E4, 0x18E4, 0x0021, 0x0840, 0x1040, 0x1040, 0x0840, 0x0840, 0x0840,
  0x0840, 0x0840, 0x0841, 0x0840, 0x0840, 0x0840, 0x0840, 0x0840, 0x0820, 0x0841, 0x0000, 0x10A3, 0x2105, 0x1904, 0x18E4, 0x18E4,
  0x1083, 0x0000, 0x18C4, 0x0862, 0x0841, 0x0862, 0x0841, 0x0862, 0x10C3, 0x0020, 0x10A3, 0x18E4, 0x18E4, 0x18E4, 0x18E4, 0x18E5,
  0x2105, 0x2105, 0x2105, 0x10C4, 0x0000, 0x0021, 0x0021, 0x0021, 0x0021, 0x0021, 0x0021, 0x0021, 0x0021, 0x0021, 0x0021, 0x0021,
  0x0021, 0x0021, 0x0021, 0x0021, 0x0021, 0x0021, 0x0021, 0x0021, 0x0021, 0x0021, 0x0021, 0x0021, 0x0021, 0x0021, 0x0021, 0x0021,
  0x0021, 0x0021, 0x0021, 0x0021, 0x0021, 0x0021, 0x0021, 0x0021, 0x0021, 0x0021, 0x0021, 0x0021, 0x0021, 0x0021, 0x0021, 0x0021,
  0x0021, 0x0021, 0x0000, 0x0000, 0x0000, 0x0000, 0x0000, 0x0000, 0x0000, 0x0000, 0x0000, 0x0000, 0x0000, 0x0000, 0x0000, 0x0000,
  0x0000, 0x0000, 0x0000, 0x0000, 0x0000, 0x0000, 0x0000, 0x0020, 0x0020, 0x0020, 0x0020, 0x0020, 0x0000, 0x0020, 0x0020, 0x0020,
  0x0020, 0x0000, 0x0020, 0x0020, 0x0021, 0x0021, 0x0021, 0x0001, 0x0001, 0x0021, 0x0021, 0x0020, 0x0000, 0x0001, 0x0001, 0x0001,
  0x0001, 0x0020, 0x0020, 0x0020, 0x0020, 0x0020, 0x0021, 0x0001, 0x0021, 0x0020, 0x0020, 0x0020, 0x0020, 0x0020, 0x0020, 0x0020,
  0x0021, 0x0021, 0x0000, 0x0000, 0x0020, 0x0020, 0x0020, 0x0020, 0x0020, 0x0020, 0x0020, 0x0020, 0x0020, 0x0020, 0x0020, 0x0020,
  0x0000, 0x0000, 0x0000, 0x0000, 0x0000, 0x0020, 0x0020, 0x0020, 0x0020, 0x0020, 0x0000, 0x0000, 0x0000, 0x0000, 0x0000, 0x0000,
  0x0000, 0x0000, 0x0000, 0x0000, 0x0000, 0x0000, 0x0020, 0x0020, 0x0020, 0x0020, 0x0000, 0x0000, 0x0020, 0x0020, 0x0020, 0x0020,
  0x0020, 0x0020, 0x0020, 0x0020, 0x0020, 0x0000, 0x0000, 0x0000, 0x0020, 0x0020, 0x0020, 0x0000, 0x0000, 0x0000, 0x0000, 0x0000,
  0x0000, 0x0000, 0x0000, 0x0000, 0x0000, 0x0000, 0x0000, 0x0000, 0x0000, 0x0000, 0x0000, 0x0000, 0x0000, 0x0000, 0x0000, 0x0000,
  0x0000, 0x0000, 0x0000, 0x0000, 0x0000, 0x0000, 0x0000, 0x0000, 0x0000, 0x0000, 0x0000, 0x0000, 0x0000, 0x0000, 0x0000, 0x0000,
  0x0000, 0x0000, 0x0000, 0x0000, 0x0000, 0x0000, 0x0000, 0x0000, 0x0000, 0x0020, 0x0020, 0x0020, 0x0020, 0x0020, 0x0020, 0x0020,
  0x0020, 0x0020, 0x0000, 0x0000, 0x0000, 0x0020, 0x0000, 0x0000, 0x0000, 0x0020, 0x0020, 0x0000, 0x0000, 0x0020, 0x0020, 0x0020,
  0x0020, 0x0000, 0x0000, 0x0000, 0x0000, 0x0020, 0x0020, 0x0020, 0x0020, 0x0020, 0x0020, 0x0020, 0x0020, 0x0020, 0x0020, 0x0020,
  0x0020, 0x0020, 0x0020, 0x0000, 0x0862, 0x18E4, 0x18C4, 0x18C4, 0x18E4, 0x10A3, 0x0000, 0x1082, 0x1083, 0x10A2, 0x10A2, 0x10A3,
  0x10A3, 0x0020, 0x1082, 0x18E4, 0x18E4, 0x18E4, 0x18E4, 0x18E4, 0x18C4, 0x0021, 0x0020, 0x0820, 0x0820, 0x0020, 0x0020, 0x0020,
  0x0020, 0x0020, 0x0020, 0x0020, 0x0020, 0x0020, 0x0020, 0x0020, 0x0020, 0x0020, 0x0000, 0x1083, 0x1905, 0x18E4, 0x18C4, 0x18E4,
  0x1082, 0x0000, 0x18E4, 0x0882, 0x0000, 0x0021, 0x0000, 0x1083, 0x18E4, 0x0000, 0x10A3, 0x18E4, 0x18C4, 0x18C4, 0x18C4, 0x18E4,
  0x18E4, 0x18E4, 0x2105, 0x10A3, 0x0000, 0x0021, 0x0020, 0x0020, 0x0020, 0x0020, 0x0020, 0x0020, 0x0020, 0x0020, 0x0020, 0x0020,
  0x0020, 0x0020, 0x0020, 0x0020, 0x0020, 0x0020, 0x0020, 0x0020, 0x0020, 0x0020, 0x0020, 0x0020, 0x0020, 0x0020, 0x0020, 0x0020,
  0x0020, 0x0020, 0x0020, 0x0020, 0x0000, 0x0000, 0x0000, 0x0000, 0x0021, 0x0021, 0x0020, 0x0021, 0x0021, 0x0021, 0x0021, 0x0021,
  0x0021, 0x0021, 0x0000, 0x0000, 0x0000, 0x0000, 0x0000, 0x0000, 0x0000, 0x0000, 0x0000, 0x0000, 0x0000, 0x0000, 0x0000, 0x0000,
  0x0000, 0x0000, 0x0000, 0x0000, 0x0000, 0x0020, 0x0000, 0x0020, 0x0020, 0x0000, 0x0020, 0x0020, 0x0000, 0x0000, 0x0000, 0x0021,
  0x0000, 0x0000, 0x0020, 0x0021, 0x0021, 0x0021, 0x0021, 0x0020, 0x0021, 0x0021, 0x0021, 0x0020, 0x0000, 0x0021, 0x0021, 0x0021,
  0x0021, 0x0020, 0x0020, 0x0020, 0x0020, 0x0020, 0x0020, 0x0000, 0x0001, 0x0020, 0x0020, 0x0020, 0x0020, 0x0020, 0x0001, 0x0020,
  0x0020, 0x0020, 0x0021, 0x0020, 0x0020, 0x0020, 0x0020, 0x0020, 0x0020, 0x0000, 0x0020, 0x0020, 0x0020, 0x0020, 0x0020, 0x0020,
  0x0020, 0x0000, 0x0000, 0x0020, 0x0020, 0x0020, 0x0020, 0x0020, 0x0020, 0x0020, 0x0000, 0x0000, 0x0000, 0x0000, 0x0000, 0x0000,
  0x0000, 0x0000, 0x0000, 0x0020, 0x0020, 0x0000, 0x0000, 0x0020, 0x0020, 0x0020, 0x0000, 0x0000, 0x0020, 0x0020, 0x0020, 0x0020,
  0x0020, 0x0020, 0x0020, 0x0020, 0x0020, 0x0020, 0x0020, 0x0020, 0x0020, 0x0020, 0x0020, 0x0020, 0x0020, 0x0020, 0x0020, 0x0000,
  0x0000, 0x0000, 0x0000, 0x0000, 0x0020, 0x0020, 0x0000, 0x0000, 0x0000, 0x0000, 0x0000, 0x0000, 0x0000, 0x0000, 0x0000, 0x0000,
  0x0000, 0x0000, 0x0000, 0x0000, 0x0000, 0x0000, 0x0000, 0x0000, 0x0000, 0x0000, 0x0000, 0x0020, 0x0000, 0x0000, 0x0000, 0x0000,
  0x0000, 0x0000, 0x0000, 0x0000, 0x0000, 0x0000, 0x0000, 0x0000, 0x0000, 0x0000, 0x0000, 0x0000, 0x0000, 0x0000, 0x0020, 0x0020,
  0x0020, 0x0000, 0x0000, 0x0000, 0x0000, 0x0000, 0x0000, 0x0000, 0x0000, 0x0000, 0x0000, 0x0000, 0x0000, 0x0000, 0x0020, 0x0020,
  0x0020, 0x0000, 0x0000, 0x0000, 0x0000, 0x0000, 0x0000, 0x0000, 0x0000, 0x0000, 0x0000, 0x0000, 0x0000, 0x0000, 0x0000, 0x0000,
  0x0000, 0x0020, 0x0020, 0x0000, 0x0841, 0x18C3, 0x10A3, 0x10A3, 0x18C3, 0x1082, 0x0000, 0x10A3, 0x10A3, 0x10A3, 0x10A3, 0x10A3,
  0x18C3, 0x0020, 0x0862, 0x18C4, 0x18C3, 0x18C3, 0x18C3, 0x18C3, 0x10A3, 0x0021, 0x0020, 0x0020, 0x0020, 0x0020, 0x0020, 0x0020,
  0x0020, 0x0020, 0x0020, 0x0020, 0x0020, 0x0020, 0x0020, 0x0020, 0x0020, 0x0020, 0x0000, 0x1082, 0x18C4, 0x18C3, 0x10A3, 0x18C3,
  0x0862, 0x0000, 0x2125, 0x2125, 0x18E4, 0x18E4, 0x18E4, 0x2125, 0x2105, 0x0000, 0x10A3, 0x18E4, 0x18C4, 0x18C4, 0x18C4, 0x18C4,
  0x18C4, 0x18C4, 0x18E4, 0x1083, 0x0000, 0x0021, 0x0020, 0x0020, 0x0021, 0x0020, 0x0020, 0x0020, 0x0020, 0x0020, 0x0020, 0x0020,
  0x0020, 0x0020, 0x0000, 0x0020, 0x0020, 0x0000, 0x0000, 0x0000, 0x0020, 0x0020, 0x0020, 0x0020, 0x0020, 0x0020, 0x0020, 0x0020,
  0x0020, 0x0000, 0x0000, 0x0000, 0x0000, 0x0000, 0x0000, 0x0000, 0x0020, 0x0020, 0x0020, 0x0020, 0x0021, 0x0021, 0x0021, 0x0021,
  0x0021, 0x0021, 0x0001, 0x0000, 0x0000, 0x0000, 0x0020, 0x0000, 0x0000, 0x0000, 0x0000, 0x0000, 0x0000, 0x0000, 0x0020, 0x0020,
  0x0020, 0x0020, 0x0000, 0x0000, 0x0020, 0x0020, 0x0000, 0x0020, 0x0020, 0x0020, 0x0020, 0x0020, 0x0000, 0x0000, 0x0000, 0x0001,
  0x0000, 0x0000, 0x0020, 0x0020, 0x0020, 0x0020, 0x0020, 0x0020, 0x0020, 0x0020, 0x0020, 0x0020, 0x0020, 0x0020, 0x0020, 0x0020,
  0x0020, 0x0020, 0x0020, 0x0020, 0x0020, 0x0020, 0x0020, 0x0000, 0x0020, 0x0020, 0x0020, 0x0020, 0x0020, 0x0020, 0x0020, 0x0020,
  0x0020, 0x0020, 0x0021, 0x0020, 0x0020, 0x0020, 0x0020, 0x0020, 0x0000, 0x0000, 0x0020, 0x0020, 0x0020, 0x0020, 0x0000, 0x0020,
  0x0021, 0x0021, 0x0021, 0x0021, 0x0020, 0x0020, 0x0021, 0x0021, 0x0021, 0x0021, 0x0021, 0x0021, 0x0021, 0x0021, 0x0021, 0x0020,
  0x0020, 0x0020, 0x0021, 0x0020, 0x0020, 0x0021, 0x0021, 0x0021, 0x0020, 0x0020, 0x0020, 0x0020, 0x0021, 0x0021, 0x0020, 0x0020,
  0x0020, 0x0020, 0x0020, 0x0020, 0x0020, 0x0020, 0x0020, 0x0020, 0x0020, 0x0020, 0x0020, 0x0020, 0x0020, 0x0020, 0x0020, 0x0020,
  0x0020, 0x0020, 0x0020, 0x0020, 0x0020, 0x0020, 0x0020, 0x0020, 0x0020, 0x0020, 0x0020, 0x0020, 0x0000, 0x0000, 0x0000, 0x0000,
  0x0000, 0x0000, 0x0000, 0x0000, 0x0000, 0x0020, 0x0020, 0x0000, 0x0000, 0x0000, 0x0000, 0x0020, 0x0000, 0x0000, 0x0000, 0x0000,
  0x0000, 0x0000, 0x0020, 0x0020, 0x0000, 0x0000, 0x0000, 0x0000, 0x0000, 0x0000, 0x0000, 0x0000, 0x0000, 0x0000, 0x0000, 0x0000,
  0x0000, 0x0000, 0x0000, 0x0000, 0x0000, 0x0000, 0x0000, 0x0000, 0x0020, 0x0020, 0x0020, 0x0000, 0x0000, 0x0000, 0x0000, 0x0000,
  0x0020, 0x0020, 0x0020, 0x0000, 0x0000, 0x0000, 0x0000, 0x0000, 0x0000, 0x0000, 0x0000, 0x0000, 0x0000, 0x0000, 0x0000, 0x0000,
  0x0000, 0x0020, 0x0020, 0x0020, 0x0020, 0x0020, 0x0020, 0x0020, 0x0020, 0x0020, 0x0000, 0x0021, 0x0841, 0x0841, 0x0841, 0x0841,
  0x0841, 0x0020, 0x0020, 0x0861, 0x1082, 0x0020, 0x0020, 0x0020, 0x0020, 0x0020, 0x0020, 0x0020, 0x0020, 0x0020, 0x0020, 0x0020,
  0x0020, 0x0020, 0x0020, 0x0020, 0x0020, 0x0020, 0x0020, 0x0020, 0x0020, 0x0020, 0x0000, 0x0000, 0x0020, 0x0020, 0x0020, 0x0020,
  0x0020, 0x0000, 0x10A4, 0x18E4, 0x18E4, 0x18E4, 0x18E4, 0x18C4, 0x18C4, 0x0020, 0x0020, 0x0020, 0x0000, 0x0021, 0x0021, 0x0021,
  0x0021, 0x0020, 0x0000, 0x0000, 0x0020, 0x0021, 0x0021, 0x0020, 0x0020, 0x0020, 0x0020, 0x0020, 0x0000, 0x0020, 0x0020, 0x0020,
  0x0020, 0x0000, 0x0000, 0x0000, 0x0000, 0x0000, 0x0000, 0x0000, 0x0000, 0x0020, 0x0020, 0x0020, 0x0020, 0x0020, 0x0000, 0x0000,
  0x0000, 0x0000, 0x0000, 0x0000, 0x0000, 0x0000, 0x0000, 0x0000, 0x0000, 0x0000, 0x0000, 0x0020, 0x0020, 0x0020, 0x0020, 0x0020,
  0x0020, 0x0020, 0x0020, 0x0000, 0x0000, 0x0000, 0x0000, 0x0000, 0x0000, 0x0000, 0x0000, 0x0000, 0x0000, 0x0000, 0x0020, 0x0020,
  0x0020, 0x0020, 0x0020, 0x0020, 0x0020, 0x0020, 0x0020, 0x0020, 0x0021, 0x0021, 0x0021, 0x0021, 0x0021, 0x0021, 0x0021, 0x0021,
  0x0021, 0x0021, 0x0021, 0x0021, 0x0021, 0x0021, 0x0021, 0x0021, 0x0020, 0x0020, 0x0020, 0x0020, 0x0020, 0x0020, 0x0021, 0x0021,
  0x0021, 0x0021, 0x0021, 0x0020, 0x0020, 0x0020, 0x0020, 0x0020, 0x0020, 0x0020, 0x0020, 0x0021, 0x0021, 0x0021, 0x0020, 0x0020,
  0x0020, 0x0021, 0x0021, 0x0021, 0x0021, 0x0021, 0x0021, 0x0021, 0x0021, 0x0021, 0x0021, 0x0021, 0x0021, 0x0021, 0x0021, 0x0021,
};

